episodio,goal_id,resultado,pasos,reward
1,goal_01,col_exit,837,-17.74
2,goal_01,col_return,2118,229.41
3,goal_01,col_exit,870,-12.75
4,goal_01,col_exit,822,-17.47
5,goal_01,col_return,2140,235.64
6,goal_01,col_exit,816,-19.46
7,goal_01,col_return,2112,228.14
8,goal_01,col_exit,863,-13.53
9,goal_01,col_return,2110,227.93
10,goal_01,col_exit,874,-9.96
11,goal_01,col_return,2104,228.72
12,goal_01,exito,2876,573.42
13,goal_01,col_exit,820,-19.2
14,goal_01,exito,2878,575.75
15,goal_01,col_exit,836,-13.73
16,goal_01,exito,2879,572.8
17,goal_01,col_exit,855,-11.53
18,goal_01,col_exit,830,-15.39
19,goal_01,exito,2883,574.09
20,goal_01,col_exit,820,-17.68
21,goal_01,exito,2882,573.56
22,goal_01,col_exit,850,-12.3
23,goal_01,exito,2878,575.97
24,goal_01,col_exit,871,-9.77
25,goal_01,exito,2878,571.99
26,goal_01,col_exit,866,-11.85
27,goal_01,col_exit,817,-18.4
28,goal_01,exito,2883,572.76
29,goal_01,col_exit,819,-17.98
30,goal_01,exito,2876,572.57
31,goal_01,col_exit,851,-13.77
32,goal_01,col_exit,815,-18.36
33,goal_01,exito,2878,567.54
34,goal_01,col_exit,822,-19.39
35,goal_01,exito,2879,574.56
36,goal_01,col_exit,851,-10.69
37,goal_01,col_exit,820,-19.31
38,goal_01,exito,2878,571.3
39,goal_01,col_exit,817,-17.23
40,goal_01,exito,2882,572.59
41,goal_01,col_exit,849,-12.79
42,goal_01,col_exit,815,-17.67
43,goal_01,exito,2883,572.4
44,goal_01,col_exit,820,-18.7
45,goal_01,exito,2884,572.91
46,goal_01,col_exit,842,-14.38
47,goal_01,col_exit,814,-18.28
48,goal_01,exito,2879,570.52
49,goal_01,col_exit,822,-19.43
50,goal_01,exito,2884,575.14
51,goal_01,col_exit,846,-12.24
52,goal_01,col_exit,820,-18.85
53,goal_01,exito,2877,571.0
54,goal_01,col_exit,817,-18.03
55,goal_01,exito,2881,572.69
56,goal_01,col_exit,850,-12.4
57,goal_01,col_exit,814,-18.41
58,goal_01,exito,2884,572.12
59,goal_01,col_exit,820,-17.41
60,goal_01,exito,2885,570.53
61,goal_01,col_exit,842,-15.01
62,goal_01,col_exit,814,-18.09
63,goal_01,exito,2879,567.88
64,goal_01,col_exit,821,-19.38
65,goal_01,exito,2878,575.14
66,goal_01,col_exit,853,-12.55
67,goal_01,col_exit,818,-19.46
68,goal_01,exito,2877,572.26
69,goal_01,col_exit,818,-17.47
70,goal_01,exito,2883,571.91
71,goal_01,col_exit,849,-12.34
72,goal_01,col_exit,815,-17.86
73,goal_01,exito,2883,572.96
74,goal_01,col_exit,820,-18.52
75,goal_01,exito,2875,572.67
76,goal_01,col_exit,852,-12.88
77,goal_01,col_exit,814,-19.01
78,goal_01,exito,2883,570.51
79,goal_01,col_exit,821,-19.19
80,goal_01,exito,2884,573.97
81,goal_01,col_exit,843,-12.26
82,goal_01,col_exit,821,-18.32
83,goal_01,exito,2878,570.42
84,goal_01,col_exit,817,-18.33
85,goal_01,exito,2883,572.87
86,goal_01,col_exit,847,-12.44
87,goal_01,col_exit,814,-18.24
88,goal_01,exito,2882,573.15
89,goal_01,col_exit,820,-17.77
90,goal_01,exito,2884,572.34
91,goal_01,col_exit,844,-14.86
92,goal_01,col_exit,815,-17.71
93,goal_01,exito,2882,570.55
94,goal_01,col_exit,821,-19.33
95,goal_01,exito,2881,573.0
96,goal_01,col_exit,846,-12.68
97,goal_01,col_exit,821,-18.58
98,goal_01,exito,2883,570.75
99,goal_01,col_exit,816,-17.97
100,goal_01,exito,2880,573.81
101,goal_02,col_exit,897,-9.17
102,goal_02,col_exit,936,-6.06
103,goal_02,col_return,2205,246.03
104,goal_02,col_return,2250,246.0
105,goal_02,exito,2956,583.91
106,goal_02,col_return,2177,235.57
107,goal_02,col_exit,905,-7.31
108,goal_02,col_return,2209,243.18
109,goal_02,exito,2954,583.87
110,goal_02,col_return,2183,236.11
111,goal_02,col_exit,899,-9.82
112,goal_02,col_return,2210,241.6
113,goal_02,exito,2954,580.34
114,goal_02,col_return,2181,235.19
115,goal_02,col_exit,900,-11.95
116,goal_02,col_return,2210,245.05
117,goal_02,exito,2952,582.54
118,goal_02,col_exit,912,-6.23
119,goal_02,col_return,2181,239.54
120,goal_02,col_return,2201,240.0
121,goal_02,exito,2955,580.33
122,goal_02,col_return,2184,235.67
123,goal_02,col_exit,899,-9.71
124,goal_02,col_return,2208,239.06
125,goal_02,exito,2956,578.88
126,goal_02,col_return,2183,236.06
127,goal_02,col_exit,898,-11.08
128,goal_02,col_return,2210,245.82
129,goal_02,exito,2952,583.13
130,goal_02,col_exit,915,-6.27
131,goal_02,col_return,2184,236.81
132,goal_02,col_return,2198,240.79
133,goal_02,exito,2953,584.47
134,goal_02,col_return,2178,236.84
135,goal_02,col_exit,900,-9.58
136,goal_02,col_return,2211,238.8
137,goal_02,exito,2960,578.17
138,goal_02,col_return,2180,237.35
139,goal_02,col_exit,898,-11.67
140,goal_02,col_return,2208,245.13
141,goal_02,exito,2953,583.4
142,goal_02,col_exit,915,-5.73
143,goal_02,col_return,2182,237.84
144,goal_02,col_return,2200,241.93
145,goal_02,exito,2956,583.29
146,goal_02,col_return,2180,235.77
147,goal_02,col_exit,898,-9.34
148,goal_02,col_return,2209,240.66
149,goal_02,exito,2952,580.53
150,goal_02,col_return,2181,235.8
151,goal_02,col_exit,902,-9.59
152,goal_02,col_return,2211,245.26
153,goal_02,exito,2954,582.36
154,goal_02,col_return,2180,234.78
155,goal_02,col_exit,902,-7.63
156,goal_02,col_return,2209,242.5
157,goal_02,exito,2956,582.03
158,goal_02,col_return,2182,237.13
159,goal_02,col_exit,898,-10.31
160,goal_02,col_return,2210,239.59
161,goal_02,exito,2962,579.53
162,goal_02,col_return,2179,236.08
163,goal_02,col_exit,898,-11.84
164,goal_02,col_return,2207,244.59
165,goal_02,exito,2953,583.05
166,goal_02,col_exit,915,-6.07
167,goal_02,col_return,2185,237.74
168,goal_02,col_return,2198,241.3
169,goal_02,col_return,2247,243.19
170,goal_02,col_return,2251,247.43
171,goal_02,exito,2955,583.12
172,goal_02,col_return,2179,237.45
173,goal_02,col_exit,897,-10.08
174,goal_02,col_return,2215,240.52
175,goal_02,exito,2959,580.74
176,goal_02,col_return,2182,237.2
177,goal_02,col_exit,895,-11.35
178,goal_02,col_return,2210,245.33
179,goal_02,exito,2952,583.14
180,goal_02,col_exit,916,-6.26
181,goal_02,col_return,2183,238.67
182,goal_02,col_return,2198,240.37
183,goal_02,exito,2954,583.05
184,goal_02,col_return,2184,235.2
185,goal_02,col_exit,898,-9.65
186,goal_02,col_return,2207,239.87
187,goal_02,exito,2956,579.57
188,goal_02,col_return,2180,235.73
189,goal_02,col_exit,895,-12.03
190,goal_02,col_return,2215,246.04
191,goal_02,exito,2953,584.71
192,goal_02,col_exit,916,-6.48
193,goal_02,col_return,2184,237.81
194,goal_02,col_return,2199,238.68
195,goal_02,exito,2954,585.45
196,goal_02,col_return,2188,237.31
197,goal_02,col_exit,899,-10.44
198,goal_02,col_return,2199,239.19
199,goal_02,exito,2956,579.2
200,goal_02,col_return,2183,235.75
201,goal_03,col_return,2349,253.03
202,goal_03,col_return,2289,247.0
203,goal_03,exito,3064,595.38
204,goal_03,exito,3064,593.9
205,goal_03,exito,3068,591.09
206,goal_03,col_exit,1042,10.08
207,goal_03,col_exit,1042,11.73
208,goal_03,exito,3070,591.62
209,goal_03,exito,3061,595.91
210,goal_03,col_exit,1074,10.14
211,goal_03,col_exit,1040,9.91
212,goal_03,exito,3066,590.32
213,goal_03,exito,3064,594.63
214,goal_03,col_exit,1076,12.55
215,goal_03,col_exit,1041,8.59
216,goal_03,exito,3063,596.07
217,goal_03,exito,3064,591.28
218,goal_03,col_exit,1078,12.53
219,goal_03,col_exit,1041,11.34
220,goal_03,exito,3072,591.31
221,goal_03,exito,3066,595.5
222,goal_03,col_exit,1066,10.52
223,goal_03,col_exit,1041,9.28
224,goal_03,exito,3069,590.46
225,goal_03,exito,3066,594.22
226,goal_03,col_exit,1071,11.9
227,goal_03,col_exit,1041,9.11
228,goal_03,exito,3066,594.12
229,goal_03,exito,3065,591.26
230,goal_03,col_exit,1074,11.79
231,goal_03,col_exit,1041,11.22
232,goal_03,exito,3069,592.93
233,goal_03,exito,3061,595.93
234,goal_03,col_exit,1075,11.49
235,goal_03,col_exit,1040,9.79
236,goal_03,exito,3066,590.85
237,goal_03,exito,3063,596.18
238,goal_03,col_exit,1077,12.92
239,goal_03,col_exit,1041,9.2
240,goal_03,exito,3064,592.38
241,goal_03,exito,3066,592.02
242,goal_03,col_exit,1075,11.76
243,goal_03,col_exit,1041,11.66
244,goal_03,exito,3068,593.01
245,goal_03,exito,3063,595.74
246,goal_03,col_exit,1074,12.3
247,goal_03,col_exit,1041,10.19
248,goal_03,exito,3066,588.39
249,goal_03,exito,3065,592.51
250,goal_03,col_exit,1074,12.13
251,goal_03,col_exit,1041,8.85
252,goal_03,exito,3062,594.53
253,goal_03,exito,3067,593.92
254,goal_03,col_exit,1076,12.32
255,goal_03,col_exit,1041,11.71
256,goal_03,exito,3069,594.25
257,goal_03,exito,3061,595.5
258,goal_03,col_exit,1075,12.14
259,goal_03,col_exit,1040,9.22
260,goal_03,exito,3065,588.77
261,goal_03,exito,3066,594.94
262,goal_03,col_exit,1075,12.21
263,goal_03,col_exit,1041,9.05
264,goal_03,exito,3067,594.63
265,goal_03,exito,3068,592.02
266,goal_03,col_exit,1069,10.46
267,goal_03,col_exit,1042,12.32
268,goal_03,exito,3070,590.62
269,goal_03,exito,3070,595.54
270,goal_03,col_exit,1065,10.42
271,goal_03,col_exit,1040,9.92
272,goal_03,exito,3066,590.5
273,goal_03,exito,3063,594.02
274,goal_03,col_exit,1077,12.93
275,goal_03,col_exit,1041,9.3
276,goal_03,exito,3068,594.02
277,goal_03,exito,3066,592.5
278,goal_03,col_exit,1071,12.12
279,goal_03,col_exit,1041,11.45
280,goal_03,exito,3066,594.4
281,goal_03,exito,3062,593.9
282,goal_03,col_exit,1077,11.83
283,goal_03,col_exit,1040,9.71
284,goal_03,exito,3069,590.07
285,goal_03,exito,3063,594.88
286,goal_03,col_exit,1074,11.89
287,goal_03,col_exit,1041,8.12
288,goal_03,exito,3068,594.87
289,goal_03,exito,3068,592.26
290,goal_03,col_exit,1068,11.3
291,goal_03,col_exit,1042,11.87
292,goal_03,exito,3070,590.33
293,goal_03,exito,3063,596.38
294,goal_03,col_exit,1072,8.95
295,goal_03,col_exit,1040,8.76
296,goal_03,exito,3079,590.76
297,goal_03,exito,3065,594.23
298,goal_03,col_exit,1061,9.7
299,goal_03,col_exit,1042,8.06
300,goal_03,exito,3062,595.19
301,goal_04,exito,3210,616.02
302,goal_04,col_return,2486,267.44
303,goal_04,col_return,2440,275.36
304,goal_04,col_exit,1178,25.94
305,goal_04,col_exit,1192,26.12
306,goal_04,exito,3267,613.91
307,goal_04,col_exit,1215,30.72
308,goal_04,col_exit,1155,19.74
309,goal_04,col_exit,1152,19.78
310,goal_04,exito,3268,613.71
311,goal_04,col_exit,1178,25.28
312,goal_04,exito,3266,614.89
313,goal_04,col_return,2442,270.88
314,goal_04,col_return,2431,269.51
315,goal_04,col_exit,1162,21.55
316,goal_04,col_exit,1197,28.73
317,goal_04,exito,3263,612.02
318,goal_04,col_exit,1239,33.63
319,goal_04,exito,3274,610.07
320,goal_04,col_exit,1227,33.07
321,goal_04,exito,3270,609.73
322,goal_04,col_exit,1207,30.06
323,goal_04,exito,3210,613.4
324,goal_04,col_return,2500,277.96
325,goal_04,exito,3257,613.53
326,goal_04,col_exit,1155,20.08
327,goal_04,col_exit,1158,23.88
328,goal_04,exito,3273,612.11
329,goal_04,col_exit,1208,30.56
330,goal_04,exito,3271,612.86
331,goal_04,col_exit,1230,33.25
332,goal_04,exito,3271,609.29
333,goal_04,col_exit,1206,29.2
334,goal_04,exito,3212,610.28
335,goal_04,col_return,2498,275.43
336,goal_04,exito,3258,615.67
337,goal_04,col_exit,1154,20.46
338,goal_04,col_exit,1156,24.11
339,goal_04,exito,3272,612.39
340,goal_04,col_exit,1211,31.63
341,goal_04,exito,3271,610.06
342,goal_04,col_exit,1230,33.25
343,goal_04,exito,3273,611.21
344,goal_04,col_exit,1205,29.76
345,goal_04,exito,3270,610.04
346,goal_04,col_return,2442,269.67
347,goal_04,exito,3258,613.89
348,goal_04,col_exit,1156,20.17
349,goal_04,col_exit,1156,23.66
350,goal_04,exito,3269,611.0
351,goal_04,col_exit,1209,30.97
352,goal_04,exito,3273,612.65
353,goal_04,col_exit,1228,33.54
354,goal_04,exito,3270,611.16
355,goal_04,col_exit,1207,29.52
356,goal_04,exito,3269,610.48
357,goal_04,col_return,2441,271.43
358,goal_04,exito,3262,613.22
359,goal_04,col_exit,1157,20.03
360,goal_04,col_exit,1156,23.33
361,goal_04,exito,3269,612.06
362,goal_04,col_exit,1207,30.48
363,goal_04,exito,3268,610.41
364,goal_04,col_exit,1233,32.9
365,goal_04,exito,3269,610.05
366,goal_04,col_exit,1209,29.47
367,goal_04,exito,3288,611.98
368,goal_04,col_exit,1214,30.33
369,goal_04,exito,3265,610.61
370,goal_04,col_return,2445,272.4
371,goal_04,exito,3261,615.36
372,goal_04,col_exit,1158,18.96
373,goal_04,col_exit,1155,23.46
374,goal_04,exito,3269,613.18
375,goal_04,col_exit,1206,30.57
376,goal_04,exito,3274,608.64
377,goal_04,col_exit,1204,29.16
378,goal_04,exito,3265,611.85
379,goal_04,col_return,2444,272.06
380,goal_04,exito,3259,614.45
381,goal_04,col_exit,1155,21.96
382,goal_04,col_exit,1158,23.32
383,goal_04,exito,3274,613.81
384,goal_04,col_exit,1205,30.66
385,goal_04,exito,3268,612.15
386,goal_04,col_exit,1233,33.51
387,goal_04,exito,3270,611.39
388,goal_04,col_exit,1207,29.16
389,goal_04,exito,3214,611.0
390,goal_04,col_return,2496,276.04
391,goal_04,exito,3260,614.82
392,goal_04,col_exit,1155,20.3
393,goal_04,col_exit,1158,23.25
394,goal_04,exito,3270,613.26
395,goal_04,col_exit,1208,31.28
396,goal_04,exito,3271,610.51
397,goal_04,col_exit,1230,33.43
398,goal_04,exito,3269,609.99
399,goal_04,col_exit,1208,29.52
400,goal_04,exito,3270,610.96
401,goal_05,exito,2933,591.58
402,goal_05,exito,2930,594.0
403,goal_05,exito,2936,592.79
404,goal_05,exito,2929,589.67
405,goal_05,col_return,2153,241.4
406,goal_05,col_return,2203,245.99
407,goal_05,col_return,2160,244.27
408,goal_05,col_exit,869,4.0
409,goal_05,col_return,2232,249.36
410,goal_05,exito,2946,586.16
411,goal_05,col_exit,858,-0.02
412,goal_05,col_return,2192,247.53
413,goal_05,col_return,2168,246.08
414,goal_05,col_exit,859,2.02
415,goal_05,col_return,2207,244.36
416,goal_05,col_return,2153,237.85
417,goal_05,col_exit,873,1.79
418,goal_05,exito,2924,591.45
419,goal_05,col_exit,872,3.73
420,goal_05,col_return,2183,248.56
421,goal_05,col_return,2154,239.56
422,goal_05,col_exit,872,1.82
423,goal_05,col_return,2230,253.9
424,goal_05,col_return,2159,246.26
425,goal_05,col_exit,858,-0.18
426,goal_05,col_return,2224,250.2
427,goal_05,exito,2934,589.17
428,goal_05,col_exit,861,-1.48
429,goal_05,col_return,2199,249.1
430,goal_05,col_return,2153,243.74
431,goal_05,col_exit,874,2.47
432,goal_05,col_return,2228,250.5
433,goal_05,col_return,2151,243.82
434,goal_05,col_exit,857,1.95
435,goal_05,exito,2928,586.82
436,goal_05,col_exit,859,0.37
437,goal_05,col_return,2190,246.5
438,goal_05,exito,2933,589.3
439,goal_05,col_exit,860,-2.72
440,goal_05,col_return,2201,248.04
441,goal_05,col_return,2153,244.91
442,goal_05,col_exit,873,2.51
443,goal_05,exito,2928,585.34
444,goal_05,col_exit,875,1.07
445,goal_05,col_return,2176,249.8
446,goal_05,col_return,2150,245.29
447,goal_05,col_exit,870,2.5
448,goal_05,col_return,2215,248.01
449,goal_05,col_return,2168,245.81
450,goal_05,col_exit,857,1.99
451,goal_05,exito,2929,585.57
452,goal_05,col_exit,858,-0.1
453,goal_05,col_return,2193,249.14
454,goal_05,exito,2929,587.45
455,goal_05,col_exit,860,-1.66
456,goal_05,col_return,2205,250.03
457,goal_05,col_return,2150,243.64
458,goal_05,col_exit,874,3.38
459,goal_05,exito,2930,586.13
460,goal_05,col_exit,874,1.28
461,goal_05,col_return,2176,250.05
462,goal_05,col_return,2151,245.72
463,goal_05,col_exit,859,-0.01
464,goal_05,col_return,2226,249.69
465,goal_05,col_return,2167,246.05
466,goal_05,col_exit,858,2.36
467,goal_05,exito,2929,587.03
468,goal_05,col_exit,858,0.9
469,goal_05,col_return,2193,247.49
470,goal_05,col_return,2169,245.46
471,goal_05,col_exit,859,1.97
472,goal_05,col_return,2206,247.79
473,goal_05,col_return,2155,239.91
474,goal_05,col_exit,872,2.29
475,goal_05,col_return,2234,253.33
476,goal_05,col_return,2158,244.95
477,goal_05,col_exit,858,-0.13
478,goal_05,exito,2926,583.68
479,goal_05,col_exit,862,-1.65
480,goal_05,col_return,2175,250.01
481,goal_05,col_return,2168,246.88
482,goal_05,col_exit,858,-0.28
483,goal_05,exito,2938,586.24
484,goal_05,col_exit,862,-2.55
485,goal_05,col_return,2179,250.82
486,goal_05,col_return,2167,248.7
487,goal_05,col_exit,860,1.1
488,goal_05,col_return,2207,247.25
489,goal_05,col_return,2150,244.45
490,goal_05,col_exit,872,4.88
491,goal_05,exito,2928,587.28
492,goal_05,col_exit,873,3.52
493,goal_05,col_return,2182,245.56
494,goal_05,col_return,2158,244.34
495,goal_05,col_exit,871,4.46
496,goal_05,col_return,2226,250.42
497,goal_05,col_return,2153,242.6
498,goal_05,col_exit,858,-1.09
499,goal_05,exito,2922,591.58
500,goal_05,col_exit,857,1.59
501,goal_06,col_return,2195,244.12
502,goal_06,col_return,2136,239.78
503,goal_06,col_exit,872,0.36
504,goal_06,col_return,2137,243.2
505,goal_06,col_exit,847,-2.15
506,goal_06,col_return,2137,241.37
507,goal_06,col_exit,874,2.84
508,goal_06,col_return,2137,239.83
509,goal_06,col_exit,857,-1.23
510,goal_06,col_return,2136,243.52
511,goal_06,col_exit,863,-0.66
512,goal_06,col_return,2139,242.52
513,goal_06,col_exit,845,-0.05
514,goal_06,col_return,2133,239.53
515,goal_06,col_exit,878,2.4
516,goal_06,col_return,2135,241.15
517,goal_06,col_exit,868,1.63
518,goal_06,col_return,2132,242.89
519,goal_06,col_exit,857,-0.65
520,goal_06,col_return,2133,238.45
521,goal_06,col_exit,876,2.53
522,goal_06,col_return,2130,243.4
523,goal_06,col_exit,857,-1.11
524,goal_06,col_return,2136,242.73
525,goal_06,col_exit,871,2.15
526,goal_06,col_return,2134,238.68
527,goal_06,col_exit,850,-2.34
528,goal_06,col_return,2136,242.63
529,goal_06,col_exit,875,2.07
530,goal_06,col_return,2143,242.92
531,goal_06,col_exit,856,0.06
532,goal_06,col_return,2151,242.23
533,goal_06,col_exit,843,-1.92
534,goal_06,col_return,2131,242.5
535,goal_06,col_exit,853,-2.3
536,goal_06,col_return,2140,243.26
537,goal_06,col_exit,871,2.11
538,goal_06,col_return,2135,240.01
539,goal_06,col_exit,868,1.6
540,goal_06,col_return,2133,241.57
541,goal_06,col_exit,856,-0.58
542,goal_06,col_return,2133,241.11
543,goal_06,col_exit,876,3.13
544,goal_06,col_return,2137,237.61
545,goal_06,col_exit,855,-2.08
546,goal_06,col_return,2136,243.08
547,goal_06,col_exit,866,0.14
548,goal_06,col_return,2132,241.95
549,goal_06,col_exit,852,-0.41
550,goal_06,col_return,2133,239.5
551,goal_06,col_exit,878,1.88
552,goal_06,col_return,2134,242.26
553,goal_06,col_exit,858,-1.51
554,goal_06,col_return,2133,242.24
555,goal_06,col_exit,868,0.74
556,goal_06,col_exit,840,-2.05
557,goal_06,col_return,2147,245.63
558,goal_06,col_return,2129,242.35
559,goal_06,col_exit,879,2.48
560,goal_06,col_return,2135,241.49
561,goal_06,col_exit,868,1.52
562,goal_06,col_return,2132,239.85
563,goal_06,col_exit,857,-2.44
564,goal_06,col_return,2132,242.09
565,goal_06,col_exit,877,1.19
566,goal_06,col_return,2141,243.06
567,goal_06,col_exit,855,-0.71
568,goal_06,col_return,2151,241.02
569,goal_06,col_exit,847,-3.26
570,goal_06,col_return,2135,242.55
571,goal_06,col_exit,849,-3.63
572,goal_06,col_return,2139,244.0
573,goal_06,col_exit,872,3.08
574,goal_06,col_return,2135,240.17
575,goal_06,col_exit,857,-2.26
576,goal_06,col_return,2138,242.74
577,goal_06,col_exit,863,0.22
578,goal_06,col_return,2139,242.89
579,goal_06,col_exit,844,0.35
580,goal_06,col_return,2133,237.34
581,goal_06,col_exit,879,2.05
582,goal_06,col_return,2135,240.81
583,goal_06,col_exit,868,0.85
584,goal_06,col_return,2139,243.11
585,goal_06,col_exit,850,-2.85
586,goal_06,col_return,2132,240.69
587,goal_06,col_exit,877,2.5
588,goal_06,col_return,2133,244.01
589,goal_06,col_exit,857,-1.65
590,goal_06,col_return,2135,241.35
591,goal_06,col_exit,869,1.25
592,goal_06,col_return,2133,239.71
593,goal_06,col_exit,851,-2.24
594,goal_06,col_return,2130,241.4
595,goal_06,col_exit,881,2.07
596,goal_06,col_return,2134,243.39
597,goal_06,col_exit,858,-0.21
598,goal_06,col_return,2134,238.72
599,goal_06,col_exit,867,-0.63
600,goal_06,col_return,2136,240.04
601,goal_07,exito,2844,579.2
602,goal_07,col_exit,839,-3.73
603,goal_07,col_exit,784,-9.22
604,goal_07,exito,2846,581.82
605,goal_07,col_exit,864,-1.07
606,goal_07,col_exit,787,-9.4
607,goal_07,col_exit,786,-10.55
608,goal_07,exito,2844,580.5
609,goal_07,col_exit,827,-5.82
610,goal_07,col_exit,786,-10.99
611,goal_07,exito,2857,583.28
612,goal_07,exito,2853,582.69
613,goal_07,exito,2847,583.38
614,goal_07,col_return,2088,240.34
615,goal_07,col_exit,792,-8.43
616,goal_07,col_exit,788,-9.8
617,goal_07,col_return,2076,237.29
618,goal_07,col_exit,861,-1.47
619,goal_07,col_exit,785,-10.04
620,goal_07,col_exit,803,-7.37
621,goal_07,col_return,2139,243.02
622,goal_07,col_exit,792,-11.81
623,goal_07,col_exit,789,-8.89
624,goal_07,col_return,2072,230.94
625,goal_07,col_exit,863,-0.0
626,goal_07,col_exit,785,-12.16
627,goal_07,col_exit,805,-5.31
628,goal_07,exito,2844,576.45
629,goal_07,col_exit,822,-7.08
630,goal_07,col_exit,785,-10.23
631,goal_07,col_return,2069,233.21
632,goal_07,exito,2842,581.98
633,goal_07,col_exit,836,-4.1
634,goal_07,col_exit,787,-10.61
635,goal_07,col_exit,786,-10.55
636,goal_07,exito,2843,579.69
637,goal_07,col_exit,827,-6.16
638,goal_07,col_exit,787,-11.1
639,goal_07,exito,2844,580.09
640,goal_07,exito,2848,581.1
641,goal_07,exito,2855,579.47
642,goal_07,col_return,2097,238.19
643,goal_07,col_exit,793,-8.01
644,goal_07,col_exit,790,-11.05
645,goal_07,exito,2846,582.09
646,goal_07,col_exit,846,-1.36
647,goal_07,col_exit,785,-11.23
648,goal_07,col_return,2068,235.17
649,goal_07,exito,2846,579.57
650,goal_07,col_exit,836,-4.72
651,goal_07,col_exit,785,-9.09
652,goal_07,exito,2845,580.68
653,goal_07,col_exit,864,-1.97
654,goal_07,col_exit,786,-8.89
655,goal_07,col_exit,785,-11.19
656,goal_07,exito,2843,581.94
657,goal_07,col_exit,831,-3.76
658,goal_07,col_exit,786,-10.02
659,goal_07,exito,2856,581.42
660,goal_07,exito,2847,582.1
661,goal_07,exito,2848,584.99
662,goal_07,col_return,2095,242.23
663,goal_07,col_exit,791,-8.72
664,goal_07,col_exit,789,-10.02
665,goal_07,col_return,2074,237.91
666,goal_07,col_exit,862,-0.92
667,goal_07,col_exit,785,-10.1
668,goal_07,col_exit,804,-6.63
669,goal_07,exito,2845,580.46
670,goal_07,col_exit,821,-6.37
671,goal_07,col_exit,784,-9.92
672,goal_07,col_exit,789,-10.11
673,goal_07,col_return,2132,242.94
674,goal_07,col_exit,787,-10.22
675,goal_07,col_exit,785,-10.86
676,goal_07,col_exit,789,-10.73
677,goal_07,col_return,2140,245.31
678,goal_07,col_exit,784,-9.88
679,goal_07,col_exit,783,-9.86
680,goal_07,col_exit,789,-10.63
681,goal_07,exito,2839,584.12
682,goal_07,col_exit,836,-2.96
683,goal_07,col_exit,802,-8.11
684,goal_07,exito,2847,580.94
685,goal_07,col_exit,847,-0.86
686,goal_07,col_exit,789,-10.24
687,goal_07,col_return,2076,236.18
688,goal_07,exito,2849,579.92
689,goal_07,col_exit,808,-8.3
690,goal_07,col_exit,784,-9.51
691,goal_07,col_exit,799,-7.89
692,goal_07,exito,2841,583.4
693,goal_07,col_exit,833,-2.67
694,goal_07,col_exit,787,-10.64
695,goal_07,exito,2850,582.6
696,goal_07,col_exit,862,-1.17
697,goal_07,col_exit,788,-11.15
698,goal_07,exito,2854,584.09
699,goal_07,col_exit,856,0.02
700,goal_07,col_exit,787,-9.92
701,goal_08,exito,3411,634.85
702,goal_08,col_return,2644,287.89
703,goal_08,exito,3413,630.07
704,goal_08,col_return,2675,292.15
705,goal_08,exito,3411,633.76
706,goal_08,col_return,2631,286.55
707,goal_08,exito,3417,634.18
708,goal_08,exito,3407,632.84
709,goal_08,exito,3405,632.26
710,goal_08,exito,3406,633.88
711,goal_08,col_return,2655,290.92
712,goal_08,exito,3406,636.12
713,goal_08,col_return,2637,288.59
714,goal_08,exito,3410,635.59
715,goal_08,col_return,2698,293.55
716,goal_08,exito,3409,634.05
717,goal_08,col_return,2628,289.24
718,goal_08,exito,3406,632.21
719,goal_08,exito,3404,633.37
720,goal_08,exito,3407,630.56
721,goal_08,exito,3406,633.32
722,goal_08,col_return,2670,293.29
723,goal_08,exito,3405,634.79
724,goal_08,col_return,2631,286.99
725,goal_08,exito,3405,634.6
726,goal_08,exito,3413,629.95
727,goal_08,exito,3416,631.86
728,goal_08,col_return,2642,289.86
729,goal_08,exito,3405,634.76
730,goal_08,col_return,2634,288.55
731,goal_08,exito,3407,634.9
732,goal_08,exito,3410,635.91
733,goal_08,col_return,2715,295.16
734,goal_08,exito,3412,634.65
735,goal_08,col_return,2635,285.88
736,goal_08,exito,3410,633.27
737,goal_08,col_return,2632,285.16
738,goal_08,exito,3406,633.6
739,goal_08,col_return,2673,291.99
740,goal_08,exito,3404,633.33
741,goal_08,col_return,2627,285.86
742,goal_08,exito,3410,630.9
743,goal_08,exito,3408,635.69
744,goal_08,exito,3411,631.11
745,goal_08,exito,3408,636.34
746,goal_08,col_return,2666,291.78
747,goal_08,exito,3416,636.02
748,goal_08,col_return,2633,285.76
749,goal_08,exito,3409,632.56
750,goal_08,exito,3404,632.85
751,goal_08,exito,3411,633.12
752,goal_08,col_return,2642,292.8
753,goal_08,exito,3404,633.47
754,goal_08,col_return,2636,287.08
755,goal_08,exito,3416,631.02
756,goal_08,exito,3404,632.26
757,goal_08,exito,3404,633.99
758,goal_08,exito,3408,636.47
759,goal_08,col_return,2650,290.5
760,goal_08,exito,3400,634.17
761,goal_08,col_return,2631,286.09
762,goal_08,exito,3415,635.98
763,goal_08,exito,3403,632.81
764,goal_08,exito,3405,635.12
765,goal_08,col_return,2651,291.35
766,goal_08,exito,3408,633.86
767,goal_08,col_return,2630,288.81
768,goal_08,exito,3406,628.49
769,goal_08,exito,3403,633.86
770,goal_08,exito,3408,632.57
771,goal_08,exito,3406,634.68
772,goal_08,col_return,2671,292.87
773,goal_08,exito,3415,634.49
774,goal_08,col_return,2631,286.76
775,goal_08,exito,3406,633.39
776,goal_08,exito,3408,629.12
777,goal_08,exito,3407,632.92
778,goal_08,col_return,2644,288.89
779,goal_08,exito,3416,633.15
780,goal_08,col_return,2633,285.58
781,goal_08,exito,3414,630.46
782,goal_08,exito,3404,634.55
783,goal_08,col_return,2706,296.07
784,goal_08,exito,3407,635.06
785,goal_08,col_return,2631,286.47
786,goal_08,exito,3408,633.89
787,goal_08,col_return,2705,293.94
788,goal_08,exito,3405,633.11
789,goal_08,col_return,2628,288.49
790,goal_08,exito,3406,630.52
791,goal_08,exito,3413,631.65
792,goal_08,exito,3407,633.72
793,goal_08,exito,3402,635.33
794,goal_08,col_return,2668,294.04
795,goal_08,exito,3411,635.87
796,goal_08,col_return,2635,287.03
797,goal_08,exito,3409,634.63
798,goal_08,exito,3403,627.92
799,goal_08,exito,3405,633.15
800,goal_08,col_return,2649,291.15
801,goal_09,exito,3286,619.96
802,goal_09,col_return,2544,277.33
803,goal_09,exito,3286,621.57
804,goal_09,exito,3293,619.83
805,goal_09,exito,3286,620.75
806,goal_09,exito,3285,621.04
807,goal_09,exito,3284,618.13
808,goal_09,col_return,2514,270.69
809,goal_09,exito,3287,620.4
810,goal_09,col_return,2515,272.27
811,goal_09,exito,3283,621.21
812,goal_09,exito,3293,620.07
813,goal_09,exito,3287,619.0
814,goal_09,exito,3290,617.86
815,goal_09,exito,3291,618.18
816,goal_09,col_return,2527,276.68
817,goal_09,exito,3292,618.52
818,goal_09,col_return,2514,270.58
819,goal_09,exito,3289,620.48
820,goal_09,exito,3289,619.09
821,goal_09,col_return,2548,278.24
822,goal_09,exito,3285,617.05
823,goal_09,col_return,2550,278.48
824,goal_09,exito,3286,620.43
825,goal_09,exito,3287,615.96
826,goal_09,col_return,2588,278.67
827,goal_09,exito,3286,621.29
828,goal_09,col_return,2553,279.43
829,goal_09,exito,3288,618.57
830,goal_09,exito,3285,619.96
831,goal_09,col_return,2569,275.28
832,goal_09,exito,3288,618.24
833,goal_09,col_return,2568,273.4
834,goal_09,exito,3282,621.6
835,goal_09,exito,3286,619.46
836,goal_09,exito,3287,618.81
837,goal_09,exito,3289,618.43
838,goal_09,exito,3284,617.73
839,goal_09,col_return,2507,272.49
840,goal_09,exito,3291,619.1
841,goal_09,col_return,2530,273.8
842,goal_09,exito,3287,621.02
843,goal_09,exito,3291,620.23
844,goal_09,col_return,2555,278.37
845,goal_09,exito,3284,618.84
846,goal_09,col_return,2551,279.73
847,goal_09,exito,3287,618.55
848,goal_09,exito,3289,616.57
849,goal_09,exito,3286,617.17
850,goal_09,exito,3282,622.43
851,goal_09,exito,3286,617.93
852,goal_09,col_return,2507,274.19
853,goal_09,exito,3293,617.51
854,goal_09,col_return,2521,275.26
855,goal_09,exito,3282,620.29
856,goal_09,exito,3286,618.31
857,goal_09,exito,3288,614.75
858,goal_09,exito,3282,619.29
859,goal_09,exito,3291,619.54
860,goal_09,col_return,2524,273.81
861,goal_09,exito,3286,617.41
862,goal_09,col_return,2510,272.21
863,goal_09,exito,3290,621.23
864,goal_09,exito,3285,617.06
865,goal_09,col_return,2575,278.25
866,goal_09,exito,3289,620.67
867,goal_09,col_return,2546,278.05
868,goal_09,exito,3286,617.23
869,goal_09,exito,3293,618.75
870,goal_09,col_return,2562,275.52
871,goal_09,exito,3289,617.69
872,goal_09,col_return,2573,276.25
873,goal_09,exito,3286,620.17
874,goal_09,exito,3291,618.59
875,goal_09,col_return,2564,278.11
876,goal_09,exito,3299,618.29
877,goal_09,col_return,2536,277.82
878,goal_09,exito,3290,620.84
879,goal_09,exito,3285,618.33
880,goal_09,exito,3284,615.03
881,goal_09,exito,3289,621.07
882,goal_09,exito,3285,615.59
883,goal_09,col_return,2507,274.67
884,goal_09,exito,3287,617.89
885,goal_09,col_return,2531,277.09
886,goal_09,exito,3291,619.38
887,goal_09,exito,3289,617.95
888,goal_09,col_return,2570,278.27
889,goal_09,exito,3281,621.87
890,goal_09,col_return,2554,278.64
891,goal_09,exito,3285,618.31
892,goal_09,exito,3282,618.36
893,goal_09,col_return,2515,270.54
894,goal_09,exito,3294,617.82
895,goal_09,exito,3293,618.71
896,goal_09,col_return,2510,271.89
897,goal_09,exito,3300,618.19
898,goal_09,col_return,2530,272.92
899,goal_09,exito,3283,622.91
900,goal_09,exito,3292,619.55
901,goal_10,col_exit,991,-0.77
902,goal_10,col_return,2332,253.38
903,goal_10,col_return,2299,247.06
904,goal_10,exito,3070,590.84
905,goal_10,exito,3065,595.1
906,goal_10,exito,3077,590.89
907,goal_10,exito,3066,594.22
908,goal_10,exito,3073,591.99
909,goal_10,col_exit,1007,0.85
910,goal_10,col_return,2315,250.34
911,goal_10,col_return,2297,245.67
912,goal_10,exito,3067,594.63
913,goal_10,exito,3065,592.98
914,goal_10,exito,3062,594.3
915,goal_10,exito,3072,592.54
916,goal_10,exito,3066,588.52
917,goal_10,exito,3064,590.8
918,goal_10,col_exit,1012,4.01
919,goal_10,col_return,2303,246.23
920,goal_10,col_return,2290,244.9
921,goal_10,col_return,2292,245.4
922,goal_10,exito,3075,590.33
923,goal_10,exito,3069,594.37
924,goal_10,exito,3064,590.73
925,goal_10,exito,3065,595.2
926,goal_10,exito,3064,591.9
927,goal_10,col_exit,1002,1.37
928,goal_10,col_return,2322,253.26
929,goal_10,col_return,2294,243.8
930,goal_10,exito,3072,594.16
931,goal_10,exito,3073,592.22
932,goal_10,exito,3062,593.93
933,goal_10,exito,3071,592.88
934,goal_10,exito,3067,590.06
935,goal_10,col_exit,1038,7.25
936,goal_10,col_return,2315,248.02
937,goal_10,col_return,2288,247.26
938,goal_10,exito,3068,593.14
939,goal_10,exito,3065,593.21
940,goal_10,exito,3067,593.14
941,goal_10,exito,3065,590.56
942,goal_10,exito,3067,594.23
943,goal_10,exito,3065,589.5
944,goal_10,col_exit,988,-0.92
945,goal_10,col_return,2318,252.49
946,goal_10,col_return,2299,243.72
947,goal_10,exito,3063,593.93
948,goal_10,exito,3062,593.81
949,goal_10,exito,3068,593.73
950,goal_10,exito,3072,594.12
951,goal_10,exito,3069,589.1
952,goal_10,col_exit,1037,6.88
953,goal_10,col_return,2322,252.57
954,goal_10,col_return,2289,246.66
955,goal_10,exito,3070,592.91
956,goal_10,exito,3070,593.83
957,goal_10,exito,3066,594.02
958,goal_10,exito,3072,590.45
959,goal_10,exito,3063,593.88
960,goal_10,col_exit,1048,7.89
961,goal_10,col_return,2298,248.05
962,goal_10,col_return,2288,245.47
963,goal_10,exito,3077,589.35
964,goal_10,exito,3063,592.59
965,goal_10,exito,3062,592.75
966,goal_10,exito,3069,590.4
967,goal_10,exito,3075,590.82
968,goal_10,exito,3067,589.65
969,goal_10,col_exit,991,-1.08
970,goal_10,col_return,2315,252.26
971,goal_10,col_return,2287,246.96
972,goal_10,exito,3068,591.67
973,goal_10,exito,3065,594.43
974,goal_10,exito,3066,594.38
975,goal_10,exito,3062,591.17
976,goal_10,exito,3060,595.03
977,goal_10,exito,3067,589.3
978,goal_10,col_exit,991,-0.65
979,goal_10,col_return,2316,251.08
980,goal_10,col_return,2297,246.8
981,goal_10,exito,3066,591.74
982,goal_10,exito,3071,594.24
983,goal_10,exito,3064,593.77
984,goal_10,exito,3072,594.41
985,goal_10,exito,3066,590.04
986,goal_10,exito,3063,596.16
987,goal_10,col_exit,982,-2.87
988,goal_10,col_return,2305,248.83
989,goal_10,col_return,2292,245.82
990,goal_10,exito,3065,590.39
991,goal_10,exito,3065,592.62
992,goal_10,exito,3073,593.2
993,goal_10,exito,3070,592.01
994,goal_10,exito,3064,592.45
995,goal_10,col_exit,1049,6.65
996,goal_10,col_return,2313,247.87
997,goal_10,col_return,2293,246.22
998,goal_10,exito,3066,593.41
999,goal_10,exito,3065,592.1
1000,goal_10,exito,3066,593.7
1001,goal_11,col_exit,1663,80.1
1002,goal_11,exito,3730,676.64
1003,goal_11,exito,3767,670.61
1004,goal_11,exito,3803,669.27
1005,goal_11,exito,3736,675.79
1006,goal_11,exito,3802,669.95
1007,goal_11,exito,3785,666.66
1008,goal_11,exito,3721,673.48
1009,goal_11,exito,3729,676.66
1010,goal_11,exito,3786,668.26
1011,goal_11,exito,3743,675.9
1012,goal_11,exito,3729,673.65
1013,goal_11,exito,3760,668.77
1014,goal_11,exito,3721,675.47
1015,goal_11,exito,3734,672.83
1016,goal_11,exito,3760,670.29
1017,goal_11,exito,3734,673.15
1018,goal_11,exito,3728,673.45
1019,goal_11,exito,3765,669.77
1020,goal_11,exito,3735,672.13
1021,goal_11,exito,3784,672.22
1022,goal_11,exito,3763,671.46
1023,goal_11,exito,3732,674.6
1024,goal_11,exito,3733,673.03
1025,goal_11,exito,3764,670.17
1026,goal_11,exito,3737,674.41
1027,goal_11,exito,3733,671.31
1028,goal_11,exito,3759,672.7
1029,goal_11,exito,3736,674.52
1030,goal_11,exito,3787,671.02
1031,goal_11,exito,3761,670.07
1032,goal_11,exito,3737,672.76
1033,goal_11,exito,3731,673.97
1034,goal_11,exito,3762,669.98
1035,goal_11,exito,3737,673.33
1036,goal_11,exito,3732,671.63
1037,goal_11,exito,3764,671.07
1038,goal_11,exito,3735,674.73
1039,goal_11,exito,3810,669.93
1040,goal_11,exito,3755,672.79
1041,goal_11,exito,3746,673.89
1042,goal_11,exito,3728,674.91
1043,goal_11,exito,3766,669.71
1044,goal_11,exito,3712,676.04
1045,goal_11,exito,3730,673.42
1046,goal_11,exito,3761,670.45
1047,goal_11,exito,3734,671.93
1048,goal_11,exito,3762,672.07
1049,goal_11,exito,3759,671.37
1050,goal_11,exito,3735,673.7
1051,goal_11,exito,3733,671.44
1052,goal_11,exito,3765,670.61
1053,goal_11,exito,3735,672.22
1054,goal_11,exito,3783,674.33
1055,goal_11,exito,3760,671.6
1056,goal_11,exito,3735,675.18
1057,goal_11,exito,3729,675.58
1058,goal_11,exito,3758,673.86
1059,goal_11,exito,3734,675.26
1060,goal_11,exito,3817,670.11
1061,goal_11,exito,3753,672.54
1062,goal_11,exito,3745,672.66
1063,goal_11,exito,3727,672.53
1064,goal_11,exito,3760,673.36
1065,goal_11,exito,3715,676.05
1066,goal_11,exito,3730,673.74
1067,goal_11,exito,3758,673.25
1068,goal_11,exito,3734,675.27
1069,goal_11,exito,3808,670.35
1070,goal_11,exito,3754,673.39
1071,goal_11,exito,3753,671.81
1072,goal_11,exito,3728,675.35
1073,goal_11,exito,3759,670.91
1074,goal_11,exito,3715,674.31
1075,goal_11,exito,3733,673.46
1076,goal_11,exito,3759,673.02
1077,goal_11,exito,3737,672.27
1078,goal_11,exito,3752,672.63
1079,goal_11,exito,3760,672.6
1080,goal_11,exito,3734,673.59
1081,goal_11,exito,3755,674.28
1082,goal_11,exito,3763,673.51
1083,goal_11,exito,3734,672.99
1084,goal_11,exito,3738,672.37
1085,goal_11,exito,3762,673.43
1086,goal_11,exito,3733,675.12
1087,goal_11,exito,3779,671.9
1088,goal_11,exito,3759,672.2
1089,goal_11,exito,3734,672.56
1090,goal_11,exito,3732,672.92
1091,goal_11,exito,3760,672.12
1092,goal_11,exito,3733,674.2
1093,goal_11,exito,3791,672.74
1094,goal_11,exito,3762,672.02
1095,goal_11,exito,3752,673.67
1096,goal_11,exito,3731,675.49
1097,goal_11,exito,3762,671.39
1098,goal_11,exito,3711,676.62
1099,goal_11,exito,3731,671.29
1100,goal_11,exito,3765,673.51
1101,goal_12,col_exit,1470,53.63
1102,goal_12,col_exit,1489,57.99
1103,goal_12,exito,3491,654.03
1104,goal_12,col_return,2720,299.71
1105,goal_12,exito,3490,651.69
1106,goal_12,exito,3504,646.1
1107,goal_12,col_return,2763,296.98
1108,goal_12,exito,3546,638.89
1109,goal_12,col_exit,1485,55.44
1110,goal_12,col_exit,1491,58.17
1111,goal_12,col_exit,1517,57.07
1112,goal_12,col_exit,1494,57.59
1113,goal_12,col_exit,1492,58.58
1114,goal_12,col_exit,1491,64.27
1115,goal_12,col_exit,1518,61.42
1116,goal_12,col_exit,1493,59.16
1117,goal_12,col_exit,1490,65.38
1118,goal_12,col_exit,1516,61.08
1119,goal_12,col_exit,1495,58.38
1120,goal_12,col_exit,1491,62.92
1121,goal_12,col_exit,1493,57.0
1122,goal_12,exito,3555,643.98
1123,goal_12,col_exit,1458,53.31
1124,goal_12,col_return,2740,302.33
1125,goal_12,exito,3488,649.75
1126,goal_12,col_exit,1509,59.86
1127,goal_12,col_exit,1491,65.39
1128,goal_12,col_exit,1518,60.73
1129,goal_12,col_exit,1493,58.59
1130,goal_12,col_exit,1490,65.36
1131,goal_12,col_exit,1516,61.93
1132,goal_12,col_exit,1495,57.69
1133,goal_12,col_exit,1491,65.03
1134,goal_12,col_exit,1493,56.95
1135,goal_12,exito,3503,646.93
1136,goal_12,col_exit,1496,56.87
1137,goal_12,col_return,2726,300.84
1138,goal_12,exito,3487,650.1
1139,goal_12,exito,3504,649.42
1140,goal_12,exito,3559,644.99
1141,goal_12,exito,3517,653.18
1142,goal_12,col_exit,1456,57.03
1143,goal_12,col_exit,1493,57.67
1144,goal_12,exito,3503,645.42
1145,goal_12,col_exit,1496,56.82
1146,goal_12,col_return,2721,301.52
1147,goal_12,exito,3542,643.82
1148,goal_12,col_exit,1488,57.91
1149,goal_12,col_exit,1491,65.24
1150,goal_12,col_exit,1518,60.93
1151,goal_12,col_exit,1492,57.23
1152,goal_12,col_exit,1491,64.42
1153,goal_12,col_exit,1516,62.01
1154,goal_12,col_exit,1495,57.05
1155,goal_12,col_exit,1491,63.97
1156,goal_12,col_exit,1493,57.3
1157,goal_12,exito,3546,647.2
1158,goal_12,col_exit,1458,53.36
1159,goal_12,col_return,2729,301.06
1160,goal_12,exito,3484,650.11
1161,goal_12,exito,3505,646.35
1162,goal_12,col_exit,1536,61.89
1163,goal_12,col_exit,1492,59.2
1164,goal_12,col_exit,1491,55.57
1165,goal_12,col_exit,1517,60.14
1166,goal_12,col_exit,1494,59.67
1167,goal_12,col_exit,1491,56.92
1168,goal_12,col_exit,1491,54.97
1169,goal_12,col_return,2724,301.64
1170,goal_12,exito,3485,652.43
1171,goal_12,exito,3505,646.42
1172,goal_12,col_return,2767,299.15
1173,goal_12,exito,3540,641.14
1174,goal_12,col_exit,1496,57.18
1175,goal_12,col_exit,1491,58.26
1176,goal_12,col_exit,1493,63.6
1177,goal_12,col_exit,1513,61.09
1178,goal_12,col_exit,1495,57.52
1179,goal_12,exito,3490,653.26
1180,goal_12,col_exit,1511,61.54
1181,goal_12,col_exit,1492,54.92
1182,goal_12,col_exit,1493,56.26
1183,goal_12,col_exit,1511,61.95
1184,goal_12,col_exit,1497,54.07
1185,goal_12,col_exit,1493,57.74
1186,goal_12,col_exit,1492,60.07
1187,goal_12,col_exit,1511,60.65
1188,goal_12,col_exit,1499,57.31
1189,goal_12,col_exit,1492,59.86
1190,goal_12,col_exit,1491,54.08
1191,goal_12,exito,3537,645.63
1192,goal_12,exito,3516,651.99
1193,goal_12,col_exit,1456,56.83
1194,goal_12,col_exit,1493,57.47
1195,goal_12,col_exit,1490,55.6
1196,goal_12,col_exit,1518,57.73
1197,goal_12,col_exit,1494,57.09
1198,goal_12,col_exit,1490,57.99
1199,goal_12,exito,3493,653.03
1200,goal_12,col_exit,1509,61.79
1201,goal_13,exito,3343,612.08
1202,goal_13,exito,3351,608.89
1203,goal_13,exito,3342,611.56
1204,goal_13,col_return,2572,261.45
1205,goal_13,col_exit,1188,21.82
1206,goal_13,col_exit,1172,21.35
1207,goal_13,exito,3225,610.95
1208,goal_13,col_return,2493,265.25
1209,goal_13,col_return,2448,269.69
1210,goal_13,exito,3348,615.03
1211,goal_13,col_exit,1250,22.54
1212,goal_13,exito,3282,611.17
1213,goal_13,col_exit,1266,23.36
1214,goal_13,exito,3229,611.24
1215,goal_13,col_exit,1267,22.94
1216,goal_13,exito,3235,612.92
1217,goal_13,col_return,2571,266.84
1218,goal_13,col_exit,1209,24.1
1219,goal_13,col_return,2576,262.12
1220,goal_13,col_exit,1184,19.24
1221,goal_13,col_exit,1171,21.59
1222,goal_13,exito,3222,613.6
1223,goal_13,col_exit,1246,27.18
1224,goal_13,col_exit,1169,21.18
1225,goal_13,col_return,2456,270.87
1226,goal_13,col_exit,1244,23.06
1227,goal_13,col_return,2542,270.06
1228,goal_13,col_exit,1179,17.87
1229,goal_13,col_return,2575,262.71
1230,goal_13,col_exit,1171,19.06
1231,goal_13,col_exit,1168,20.46
1232,goal_13,exito,3225,613.21
1233,goal_13,col_return,2495,263.48
1234,goal_13,col_return,2461,271.18
1235,goal_13,exito,3348,614.87
1236,goal_13,col_exit,1251,22.38
1237,goal_13,exito,3271,612.2
1238,goal_13,col_exit,1251,22.92
1239,goal_13,exito,3291,613.02
1240,goal_13,col_return,2568,269.97
1241,goal_13,col_exit,1174,17.64
1242,goal_13,col_return,2572,264.08
1243,goal_13,col_exit,1170,19.94
1244,goal_13,col_exit,1170,20.77
1245,goal_13,exito,3224,613.75
1246,goal_13,col_return,2493,263.81
1247,goal_13,col_return,2462,272.18
1248,goal_13,exito,3344,614.19
1249,goal_13,col_exit,1251,22.72
1250,goal_13,exito,3270,611.84
1251,goal_13,col_exit,1253,23.39
1252,goal_13,exito,3246,612.53
1253,goal_13,col_return,2568,268.05
1254,goal_13,col_exit,1186,19.97
1255,goal_13,col_return,2571,264.54
1256,goal_13,col_exit,1196,22.52
1257,goal_13,col_exit,1170,20.43
1258,goal_13,exito,3220,611.28
1259,goal_13,col_exit,1241,27.99
1260,goal_13,col_exit,1172,20.13
1261,goal_13,col_return,2455,271.39
1262,goal_13,col_exit,1254,20.16
1263,goal_13,exito,3368,615.81
1264,goal_13,exito,3343,616.3
1265,goal_13,col_return,2570,268.24
1266,goal_13,col_exit,1185,20.94
1267,goal_13,col_return,2573,264.07
1268,goal_13,col_exit,1187,20.88
1269,goal_13,col_exit,1173,21.44
1270,goal_13,exito,3221,611.36
1271,goal_13,col_exit,1238,25.84
1272,goal_13,col_exit,1168,20.67
1273,goal_13,col_return,2458,271.39
1274,goal_13,col_exit,1254,19.91
1275,goal_13,exito,3361,617.63
1276,goal_13,exito,3342,616.18
1277,goal_13,col_return,2569,269.55
1278,goal_13,col_exit,1186,20.69
1279,goal_13,col_exit,1252,22.55
1280,goal_13,col_return,2635,271.83
1281,goal_13,col_return,2448,269.11
1282,goal_13,col_exit,1242,23.42
1283,goal_13,col_return,2492,266.04
1284,goal_13,col_exit,1188,19.71
1285,goal_13,col_return,2576,263.05
1286,goal_13,col_exit,1173,20.42
1287,goal_13,col_exit,1172,20.48
1288,goal_13,exito,3226,613.18
1289,goal_13,col_return,2493,264.29
1290,goal_13,exito,3223,612.87
1291,goal_13,col_exit,1169,18.93
1292,goal_13,col_exit,1173,21.05
1293,goal_13,exito,3221,613.51
1294,goal_13,col_exit,1202,23.03
1295,goal_13,col_exit,1168,20.16
1296,goal_13,col_exit,1175,20.95
1297,goal_13,exito,3227,611.94
1298,goal_13,col_exit,1189,19.48
1299,goal_13,exito,3222,612.03
1300,goal_13,col_return,2508,266.67
1301,goal_14,exito,3585,655.75
1302,goal_14,exito,3520,659.62
1303,goal_14,col_return,2795,307.96
1304,goal_14,exito,3512,658.23
1305,goal_14,exito,3589,657.1
1306,goal_14,exito,3515,663.53
1307,goal_14,col_return,2739,312.34
1308,goal_14,exito,3520,658.83
1309,goal_14,exito,3584,653.34
1310,goal_14,col_return,2797,311.24
1311,goal_14,col_return,2827,311.49
1312,goal_14,exito,3528,658.55
1313,goal_14,exito,3515,657.79
1314,goal_14,col_return,2738,310.72
1315,goal_14,exito,3522,656.56
1316,goal_14,exito,3589,653.02
1317,goal_14,col_return,2799,313.08
1318,goal_14,col_return,2812,312.27
1319,goal_14,exito,3585,654.82
1320,goal_14,exito,3515,659.57
1321,goal_14,col_return,2790,317.03
1322,goal_14,exito,3521,658.59
1323,goal_14,exito,3589,657.62
1324,goal_14,exito,3515,659.36
1325,goal_14,col_return,2737,312.4
1326,goal_14,exito,3523,657.27
1327,goal_14,exito,3534,654.47
1328,goal_14,col_return,2830,318.22
1329,goal_14,col_return,2825,313.05
1330,goal_14,exito,3590,653.72
1331,goal_14,exito,3514,660.76
1332,goal_14,exito,3512,654.27
1333,goal_14,exito,3577,656.0
1334,goal_14,exito,3524,660.83
1335,goal_14,col_return,2738,309.97
1336,goal_14,col_return,2794,317.26
1337,goal_14,exito,3519,659.34
1338,goal_14,exito,3513,654.37
1339,goal_14,col_return,2869,316.47
1340,goal_14,col_return,2850,312.15
1341,goal_14,exito,3587,655.34
1342,goal_14,exito,3517,658.33
1343,goal_14,col_return,2806,308.81
1344,goal_14,exito,3516,657.3
1345,goal_14,exito,3588,656.47
1346,goal_14,exito,3513,660.17
1347,goal_14,col_return,2745,313.55
1348,goal_14,exito,3522,656.33
1349,goal_14,exito,3518,653.05
1350,goal_14,col_return,2840,313.96
1351,goal_14,col_return,2844,315.65
1352,goal_14,exito,3587,654.14
1353,goal_14,exito,3517,657.31
1354,goal_14,col_return,2800,308.97
1355,goal_14,col_return,2825,313.39
1356,goal_14,exito,3582,652.4
1357,goal_14,exito,3584,661.67
1358,goal_14,col_return,2754,311.22
1359,goal_14,exito,3517,656.55
1360,goal_14,exito,3524,657.33
1361,goal_14,exito,3571,656.29
1362,goal_14,col_return,2751,310.08
1363,goal_14,exito,3532,656.48
1364,goal_14,exito,3518,659.94
1365,goal_14,exito,3512,655.0
1366,goal_14,exito,3577,653.67
1367,goal_14,exito,3529,661.03
1368,goal_14,col_return,2738,308.75
1369,goal_14,exito,3512,658.65
1370,goal_14,exito,3519,656.84
1371,goal_14,exito,3574,657.82
1372,goal_14,col_return,2744,309.09
1373,goal_14,exito,3607,655.25
1374,goal_14,exito,3517,658.04
1375,goal_14,col_return,2801,309.5
1376,goal_14,col_return,2803,309.23
1377,goal_14,exito,3580,652.13
1378,goal_14,exito,3537,660.5
1379,goal_14,col_return,2767,311.5
1380,goal_14,exito,3523,654.93
1381,goal_14,exito,3526,655.99
1382,goal_14,exito,3581,657.86
1383,goal_14,col_return,2745,309.72
1384,goal_14,exito,3569,656.32
1385,goal_14,exito,3518,659.37
1386,goal_14,col_return,2797,307.28
1387,goal_14,col_return,2818,312.44
1388,goal_14,exito,3582,654.6
1389,goal_14,exito,3585,661.27
1390,goal_14,col_return,2737,311.04
1391,goal_14,exito,3521,657.8
1392,goal_14,exito,3519,656.34
1393,goal_14,col_return,2797,310.65
1394,goal_14,col_return,2790,308.42
1395,goal_14,exito,3579,655.17
1396,goal_14,exito,3523,663.64
1397,goal_14,col_return,2757,311.51
1398,goal_14,exito,3519,658.36
1399,goal_14,exito,3521,657.55
1400,goal_14,exito,3571,657.23
1401,goal_15,exito,3380,627.22
1402,goal_15,exito,3371,628.95
1403,goal_15,exito,3380,625.43
1404,goal_15,exito,3378,627.46
1405,goal_15,exito,3377,625.87
1406,goal_15,exito,3373,629.29
1407,goal_15,exito,3376,627.64
1408,goal_15,exito,3376,627.7
1409,goal_15,exito,3378,626.51
1410,goal_15,exito,3377,628.59
1411,goal_15,exito,3372,623.96
1412,goal_15,exito,3372,630.57
1413,goal_15,exito,3370,625.88
1414,goal_15,exito,3375,629.67
1415,goal_15,exito,3376,626.44
1416,goal_15,exito,3373,630.37
1417,goal_15,exito,3375,625.78
1418,goal_15,exito,3374,628.1
1419,goal_15,exito,3375,625.34
1420,goal_15,exito,3375,629.66
1421,goal_15,exito,3375,626.48
1422,goal_15,exito,3372,630.62
1423,goal_15,exito,3370,626.0
1424,goal_15,exito,3373,629.29
1425,goal_15,exito,3370,626.95
1426,goal_15,exito,3379,629.2
1427,goal_15,exito,3374,627.07
1428,goal_15,exito,3374,630.36
1429,goal_15,exito,3377,624.96
1430,goal_15,exito,3377,628.67
1431,goal_15,exito,3373,626.8
1432,goal_15,exito,3372,628.96
1433,goal_15,exito,3373,624.41
1434,goal_15,exito,3375,630.66
1435,goal_15,exito,3374,626.33
1436,goal_15,exito,3371,631.07
1437,goal_15,exito,3372,626.5
1438,goal_15,exito,3374,628.19
1439,goal_15,exito,3374,625.25
1440,goal_15,exito,3373,627.32
1441,goal_15,exito,3374,624.88
1442,goal_15,exito,3376,630.04
1443,goal_15,exito,3375,625.51
1444,goal_15,exito,3372,629.37
1445,goal_15,exito,3378,627.47
1446,goal_15,exito,3374,630.92
1447,goal_15,exito,3374,626.2
1448,goal_15,exito,3370,630.63
1449,goal_15,exito,3374,626.34
1450,goal_15,exito,3370,629.69
1451,goal_15,exito,3375,625.55
1452,goal_15,exito,3377,628.94
1453,goal_15,exito,3374,625.47
1454,goal_15,exito,3374,628.65
1455,goal_15,exito,3371,627.32
1456,goal_15,exito,3374,630.01
1457,goal_15,exito,3375,628.43
1458,goal_15,exito,3377,629.42
1459,goal_15,exito,3378,626.59
1460,goal_15,exito,3374,628.95
1461,goal_15,exito,3376,626.72
1462,goal_15,exito,3369,630.3
1463,goal_15,exito,3374,623.76
1464,goal_15,exito,3376,629.98
1465,goal_15,exito,3374,626.82
1466,goal_15,exito,3372,627.73
1467,goal_15,exito,3375,626.91
1468,goal_15,exito,3382,629.04
1469,goal_15,exito,3371,628.04
1470,goal_15,exito,3371,630.22
1471,goal_15,exito,3373,626.39
1472,goal_15,exito,3371,630.08
1473,goal_15,exito,3376,626.47
1474,goal_15,exito,3374,629.75
1475,goal_15,exito,3373,626.73
1476,goal_15,exito,3378,628.11
1477,goal_15,exito,3377,624.23
1478,goal_15,exito,3371,631.12
1479,goal_15,exito,3370,626.04
1480,goal_15,exito,3376,630.33
1481,goal_15,exito,3374,627.26
1482,goal_15,exito,3371,630.66
1483,goal_15,exito,3373,627.62
1484,goal_15,exito,3372,630.19
1485,goal_15,exito,3375,624.98
1486,goal_15,exito,3376,629.74
1487,goal_15,exito,3371,627.66
1488,goal_15,exito,3373,629.5
1489,goal_15,exito,3374,625.95
1490,goal_15,exito,3379,627.72
1491,goal_15,exito,3374,627.08
1492,goal_15,exito,3371,629.82
1493,goal_15,exito,3375,626.51
1494,goal_15,exito,3372,630.3
1495,goal_15,exito,3374,626.9
1496,goal_15,exito,3380,627.43
1497,goal_15,exito,3372,625.82
1498,goal_15,exito,3373,629.15
1499,goal_15,exito,3375,625.66
1500,goal_15,exito,3370,630.18
1501,goal_16,col_exit,955,-1.86
1502,goal_16,exito,3128,604.37
1503,goal_16,col_return,2376,261.07
1504,goal_16,exito,3121,599.1
1505,goal_16,col_exit,1041,6.64
1506,goal_16,exito,3073,605.84
1507,goal_16,exito,3137,600.61
1508,goal_16,col_return,2378,266.26
1509,goal_16,col_return,2310,258.41
1510,goal_16,col_return,2352,264.37
1511,goal_16,col_exit,1002,6.3
1512,goal_16,exito,3078,604.22
1513,goal_16,exito,3125,602.79
1514,goal_16,col_return,2373,259.86
1515,goal_16,col_return,2413,262.7
1516,goal_16,col_exit,1015,3.52
1517,goal_16,exito,3141,600.9
1518,goal_16,exito,3082,603.14
1519,goal_16,col_return,2361,260.47
1520,goal_16,col_return,2313,257.04
1521,goal_16,col_exit,1082,13.91
1522,goal_16,exito,3070,606.96
1523,goal_16,exito,3135,602.97
1524,goal_16,exito,3077,602.02
1525,goal_16,col_return,2351,257.04
1526,goal_16,col_return,2365,258.08
1527,goal_16,col_exit,1014,3.86
1528,goal_16,exito,3138,600.54
1529,goal_16,exito,3082,604.43
1530,goal_16,col_return,2360,257.94
1531,goal_16,col_return,2312,256.51
1532,goal_16,col_exit,1073,11.72
1533,goal_16,exito,3072,604.99
1534,goal_16,exito,3134,602.02
1535,goal_16,exito,3071,602.08
1536,goal_16,col_return,2350,256.37
1537,goal_16,col_return,2385,262.13
1538,goal_16,col_exit,1002,1.29
1539,goal_16,exito,3139,602.72
1540,goal_16,exito,3084,604.56
1541,goal_16,col_return,2352,256.6
1542,goal_16,col_return,2323,256.62
1543,goal_16,col_return,2342,257.54
1544,goal_16,col_exit,1013,5.24
1545,goal_16,exito,3079,604.59
1546,goal_16,exito,3133,600.96
1547,goal_16,col_return,2353,261.48
1548,goal_16,col_return,2312,258.17
1549,goal_16,col_return,2369,258.04
1550,goal_16,col_exit,1008,7.05
1551,goal_16,exito,3133,600.4
1552,goal_16,exito,3079,604.67
1553,goal_16,col_return,2370,259.48
1554,goal_16,col_return,2382,261.3
1555,goal_16,col_exit,1020,4.04
1556,goal_16,exito,3145,599.64
1557,goal_16,exito,3080,603.26
1558,goal_16,col_return,2360,258.84
1559,goal_16,col_return,2309,252.46
1560,goal_16,col_exit,1082,11.41
1561,goal_16,exito,3068,605.6
1562,goal_16,exito,3131,601.4
1563,goal_16,exito,3071,604.55
1564,goal_16,col_return,2356,257.34
1565,goal_16,col_return,2370,257.29
1566,goal_16,col_exit,1016,3.65
1567,goal_16,exito,3141,599.73
1568,goal_16,exito,3086,603.01
1569,goal_16,col_return,2357,258.16
1570,goal_16,col_return,2327,259.32
1571,goal_16,col_exit,1054,8.98
1572,goal_16,exito,3070,606.31
1573,goal_16,exito,3134,600.92
1574,goal_16,exito,3080,601.93
1575,goal_16,col_return,2351,255.81
1576,goal_16,col_return,2375,260.25
1577,goal_16,col_exit,1015,2.73
1578,goal_16,exito,3078,605.02
1579,goal_16,exito,3071,604.18
1580,goal_16,exito,3127,601.41
1581,goal_16,col_return,2317,260.33
1582,goal_16,exito,3086,600.68
1583,goal_16,col_exit,1046,9.05
1584,goal_16,exito,3139,603.4
1585,goal_16,exito,3086,602.8
1586,goal_16,col_return,2374,261.4
1587,goal_16,col_return,2315,254.17
1588,goal_16,col_exit,1083,13.86
1589,goal_16,exito,3070,605.91
1590,goal_16,exito,3131,602.23
1591,goal_16,exito,3074,602.81
1592,goal_16,col_return,2348,257.31
1593,goal_16,col_return,2366,256.53
1594,goal_16,col_exit,1023,5.65
1595,goal_16,exito,3142,600.66
1596,goal_16,exito,3080,604.36
1597,goal_16,col_return,2358,258.23
1598,goal_16,col_return,2325,258.59
1599,goal_16,col_exit,1086,13.1
1600,goal_16,exito,3070,605.8
1601,goal_17,col_return,2660,289.92
1602,goal_17,exito,3406,630.4
1603,goal_17,col_return,2626,286.97
1604,goal_17,exito,3404,629.15
1605,goal_17,col_return,2636,283.4
1606,goal_17,exito,3400,631.67
1607,goal_17,exito,3407,630.9
1608,goal_17,exito,3403,631.81
1609,goal_17,exito,3404,633.02
1610,goal_17,col_return,2662,291.37
1611,goal_17,exito,3401,633.59
1612,goal_17,col_return,2627,284.76
1613,goal_17,exito,3410,634.17
1614,goal_17,col_return,2636,283.67
1615,goal_17,exito,3408,630.24
1616,goal_17,col_return,2669,292.55
1617,goal_17,exito,3406,631.26
1618,goal_17,col_return,2627,286.24
1619,goal_17,exito,3404,629.52
1620,goal_17,exito,3405,631.57
1621,goal_17,exito,3404,628.96
1622,goal_17,exito,3408,630.28
1623,goal_17,col_return,2677,291.02
1624,goal_17,exito,3402,633.08
1625,goal_17,col_return,2635,286.92
1626,goal_17,exito,3405,632.84
1627,goal_17,exito,3406,629.48
1628,goal_17,exito,3407,634.57
1629,goal_17,col_return,2651,288.52
1630,goal_17,exito,3403,631.62
1631,goal_17,col_return,2628,287.19
1632,goal_17,exito,3403,630.8
1633,goal_17,exito,3411,631.44
1634,goal_17,exito,3403,630.84
1635,goal_17,exito,3408,631.28
1636,goal_17,col_return,2675,290.77
1637,goal_17,exito,3400,634.4
1638,goal_17,col_return,2628,284.5
1639,goal_17,exito,3404,631.48
1640,goal_17,exito,3411,629.43
1641,goal_17,exito,3405,631.07
1642,goal_17,col_return,2658,290.46
1643,goal_17,exito,3400,633.75
1644,goal_17,col_return,2627,285.26
1645,goal_17,exito,3404,632.35
1646,goal_17,exito,3405,632.25
1647,goal_17,exito,3398,634.58
1648,goal_17,exito,3402,634.25
1649,goal_17,col_return,2695,293.95
1650,goal_17,exito,3405,632.97
1651,goal_17,col_return,2628,284.83
1652,goal_17,exito,3404,632.29
1653,goal_17,exito,3407,629.33
1654,goal_17,exito,3407,630.25
1655,goal_17,col_return,2655,291.31
1656,goal_17,exito,3414,630.29
1657,goal_17,col_return,2628,285.71
1658,goal_17,exito,3405,628.85
1659,goal_17,exito,3410,631.2
1660,goal_17,exito,3404,627.16
1661,goal_17,exito,3403,632.89
1662,goal_17,col_return,2666,292.51
1663,goal_17,exito,3405,632.59
1664,goal_17,col_return,2637,284.96
1665,goal_17,exito,3410,635.54
1666,goal_17,exito,3406,628.93
1667,goal_17,exito,3404,633.88
1668,goal_17,col_return,2646,289.78
1669,goal_17,exito,3402,634.74
1670,goal_17,col_return,2626,286.37
1671,goal_17,exito,3404,629.93
1672,goal_17,exito,3405,631.27
1673,goal_17,exito,3409,632.13
1674,goal_17,exito,3404,633.06
1675,goal_17,col_return,2679,288.65
1676,goal_17,exito,3405,632.4
1677,goal_17,col_return,2631,284.04
1678,goal_17,exito,3413,631.11
1679,goal_17,exito,3402,629.74
1680,goal_17,exito,3413,630.59
1681,goal_17,col_return,2645,289.17
1682,goal_17,exito,3410,631.29
1683,goal_17,col_return,2631,284.02
1684,goal_17,exito,3403,629.89
1685,goal_17,exito,3406,632.88
1686,goal_17,exito,3405,631.42
1687,goal_17,exito,3401,633.56
1688,goal_17,col_return,2672,291.99
1689,goal_17,exito,3405,633.26
1690,goal_17,col_return,2627,284.67
1691,goal_17,exito,3406,634.1
1692,goal_17,exito,3404,630.28
1693,goal_17,exito,3410,631.91
1694,goal_17,col_return,2655,290.95
1695,goal_17,exito,3406,630.21
1696,goal_17,col_return,2627,287.04
1697,goal_17,exito,3402,630.56
1698,goal_17,exito,3407,629.82
1699,goal_17,exito,3412,631.58
1700,goal_17,exito,3403,632.15
1701,goal_18,exito,3302,622.29
1702,goal_18,col_return,2533,274.09
1703,goal_18,exito,3316,621.61
1704,goal_18,col_return,2532,275.33
1705,goal_18,exito,3306,622.45
1706,goal_18,exito,3313,624.83
1707,goal_18,col_return,2537,275.59
1708,goal_18,exito,3318,619.64
1709,goal_18,col_return,2531,273.46
1710,goal_18,exito,3309,622.26
1711,goal_18,exito,3313,619.89
1712,goal_18,col_return,2547,273.08
1713,goal_18,exito,3311,623.93
1714,goal_18,col_return,2542,273.34
1715,goal_18,exito,3311,623.06
1716,goal_18,exito,3310,622.08
1717,goal_18,col_return,2531,272.94
1718,goal_18,exito,3312,622.57
1719,goal_18,col_return,2536,271.99
1720,goal_18,exito,3313,622.44
1721,goal_18,exito,3302,619.67
1722,goal_18,col_return,2546,277.51
1723,goal_18,exito,3317,618.75
1724,goal_18,col_return,2551,276.82
1725,goal_18,exito,3309,624.21
1726,goal_18,exito,3306,620.23
1727,goal_18,exito,3308,621.93
1728,goal_18,exito,3319,620.22
1729,goal_18,col_return,2577,279.87
1730,goal_18,exito,3309,622.15
1731,goal_18,col_return,2531,274.86
1732,goal_18,exito,3306,622.73
1733,goal_18,exito,3306,620.81
1734,goal_18,col_return,2543,276.69
1735,goal_18,exito,3316,621.43
1736,goal_18,col_return,2547,277.04
1737,goal_18,exito,3307,623.53
1738,goal_18,exito,3310,623.59
1739,goal_18,col_return,2550,275.9
1740,goal_18,exito,3320,619.88
1741,goal_18,col_return,2551,277.28
1742,goal_18,exito,3307,622.26
1743,goal_18,exito,3314,620.3
1744,goal_18,exito,3309,622.79
1745,goal_18,exito,3310,619.71
1746,goal_18,exito,3310,617.57
1747,goal_18,exito,3307,620.59
1748,goal_18,col_return,2572,281.3
1749,goal_18,exito,3307,624.28
1750,goal_18,exito,3306,620.44
1751,goal_18,col_return,2542,276.1
1752,goal_18,exito,3315,624.23
1753,goal_18,col_return,2530,273.7
1754,goal_18,exito,3313,622.56
1755,goal_18,exito,3316,617.73
1756,goal_18,col_return,2541,273.17
1757,goal_18,exito,3313,619.5
1758,goal_18,col_return,2536,272.04
1759,goal_18,exito,3315,623.23
1760,goal_18,exito,3307,619.72
1761,goal_18,col_return,2530,276.04
1762,goal_18,exito,3310,619.41
1763,goal_18,col_return,2533,272.55
1764,goal_18,exito,3312,621.91
1765,goal_18,exito,3309,620.36
1766,goal_18,col_return,2534,275.52
1767,goal_18,exito,3308,621.01
1768,goal_18,col_return,2540,272.73
1769,goal_18,exito,3309,621.02
1770,goal_18,exito,3302,620.24
1771,goal_18,col_return,2532,272.92
1772,goal_18,exito,3315,623.67
1773,goal_18,col_return,2538,272.14
1774,goal_18,exito,3307,619.43
1775,goal_18,exito,3312,621.63
1776,goal_18,col_return,2531,276.83
1777,goal_18,exito,3308,619.56
1778,goal_18,col_return,2541,275.89
1779,goal_18,exito,3307,619.77
1780,goal_18,exito,3313,620.54
1781,goal_18,col_return,2541,273.28
1782,goal_18,exito,3310,624.13
1783,goal_18,col_return,2539,271.64
1784,goal_18,exito,3311,621.76
1785,goal_18,exito,3305,620.18
1786,goal_18,exito,3313,617.1
1787,goal_18,exito,3314,619.67
1788,goal_18,exito,3306,617.66
1789,goal_18,exito,3310,623.37
1790,goal_18,col_return,2577,277.53
1791,goal_18,exito,3310,621.58
1792,goal_18,exito,3319,621.05
1793,goal_18,col_return,2531,273.19
1794,goal_18,exito,3316,619.64
1795,goal_18,col_return,2536,273.56
1796,goal_18,exito,3309,623.72
1797,goal_18,exito,3310,620.07
1798,goal_18,col_return,2533,276.0
1799,goal_18,exito,3321,618.47
1800,goal_18,col_return,2533,273.43
1801,goal_19,col_approach,786,-66.71
1802,goal_19,col_approach,756,-65.59
1803,goal_19,col_approach,760,-71.16
1804,goal_19,col_approach,761,-68.74
1805,goal_19,col_approach,767,-70.19
1806,goal_19,col_approach,761,-71.42
1807,goal_19,col_return,2354,254.79
1808,goal_19,exito,3116,601.22
1809,goal_19,exito,3109,598.15
1810,goal_19,exito,3107,598.27
1811,goal_19,exito,3117,598.48
1812,goal_19,col_return,2339,252.09
1813,goal_19,col_approach,804,-62.94
1814,goal_19,col_approach,763,-70.17
1815,goal_19,col_approach,774,-68.9
1816,goal_19,col_approach,764,-70.51
1817,goal_19,exito,3108,600.32
1818,goal_19,exito,3109,600.47
1819,goal_19,exito,3111,599.91
1820,goal_19,exito,3107,598.41
1821,goal_19,exito,3110,596.07
1822,goal_19,col_return,2340,255.47
1823,goal_19,col_approach,796,-63.92
1824,goal_19,col_approach,760,-70.36
1825,goal_19,col_approach,759,-66.77
1826,goal_19,col_approach,760,-69.65
1827,goal_19,col_approach,765,-70.64
1828,goal_19,col_approach,762,-70.48
1829,goal_19,col_approach,758,-64.21
1830,goal_19,col_approach,756,-67.12
1831,goal_19,col_approach,757,-65.92
1832,goal_19,col_approach,760,-69.18
1833,goal_19,exito,3118,599.0
1834,goal_19,exito,3110,600.81
1835,goal_19,exito,3113,597.01
1836,goal_19,exito,3110,596.05
1837,goal_19,col_return,2378,256.63
1838,goal_19,col_approach,843,-55.41
1839,goal_19,col_approach,762,-69.63
1840,goal_19,col_approach,766,-70.78
1841,goal_19,col_approach,759,-64.66
1842,goal_19,col_approach,756,-66.99
1843,goal_19,col_approach,758,-69.69
1844,goal_19,col_approach,758,-64.34
1845,goal_19,exito,3115,598.09
1846,goal_19,exito,3107,601.13
1847,goal_19,exito,3111,598.63
1848,goal_19,exito,3109,598.33
1849,goal_19,col_return,2394,255.27
1850,goal_19,col_approach,838,-57.87
1851,goal_19,col_approach,759,-70.75
1852,goal_19,col_approach,766,-69.85
1853,goal_19,col_approach,763,-69.73
1854,goal_19,col_approach,759,-66.42
1855,goal_19,col_approach,757,-65.75
1856,goal_19,col_approach,756,-65.26
1857,goal_19,col_approach,760,-70.98
1858,goal_19,exito,3113,598.57
1859,goal_19,exito,3111,601.09
1860,goal_19,exito,3122,594.22
1861,goal_19,exito,3108,600.58
1862,goal_19,col_return,2375,259.66
1863,goal_19,col_approach,843,-57.22
1864,goal_19,col_approach,763,-70.39
1865,goal_19,col_approach,765,-70.08
1866,goal_19,col_approach,760,-67.38
1867,goal_19,col_approach,757,-65.56
1868,goal_19,col_approach,757,-63.85
1869,goal_19,col_approach,758,-66.92
1870,goal_19,exito,3114,595.95
1871,goal_19,exito,3110,602.17
1872,goal_19,exito,3108,597.61
1873,goal_19,exito,3109,598.84
1874,goal_19,col_return,2394,255.87
1875,goal_19,col_approach,838,-58.45
1876,goal_19,col_approach,760,-71.25
1877,goal_19,col_approach,766,-70.13
1878,goal_19,col_approach,762,-71.09
1879,goal_19,col_approach,759,-65.52
1880,goal_19,col_approach,756,-64.4
1881,goal_19,col_approach,758,-67.2
1882,goal_19,col_approach,761,-70.74
1883,goal_19,exito,3107,599.92
1884,goal_19,exito,3117,599.74
1885,goal_19,exito,3108,600.05
1886,goal_19,exito,3112,599.33
1887,goal_19,col_return,2383,253.62
1888,goal_19,col_approach,843,-56.67
1889,goal_19,col_approach,762,-69.17
1890,goal_19,col_approach,765,-70.05
1891,goal_19,col_approach,761,-66.19
1892,goal_19,col_approach,756,-65.21
1893,goal_19,col_approach,759,-67.39
1894,goal_19,col_approach,758,-65.4
1895,goal_19,exito,3108,600.93
1896,goal_19,exito,3110,600.77
1897,goal_19,exito,3114,599.03
1898,goal_19,exito,3112,598.23
1899,goal_19,col_return,2390,254.82
1900,goal_19,col_approach,837,-57.95
1901,goal_20,col_approach,815,-60.55
1902,goal_20,col_approach,766,-69.17
1903,goal_20,col_approach,750,-67.06
1904,goal_20,col_approach,750,-64.73
1905,goal_20,col_approach,752,-67.05
1906,goal_20,col_approach,751,-67.92
1907,goal_20,col_approach,749,-65.12
1908,goal_20,col_approach,750,-67.05
1909,goal_20,col_approach,750,-66.75
1910,goal_20,col_approach,750,-64.84
1911,goal_20,col_approach,752,-66.4
1912,goal_20,col_approach,749,-65.76
1913,goal_20,col_approach,749,-64.64
1914,goal_20,col_approach,750,-67.63
1915,goal_20,col_approach,749,-66.97
1916,goal_20,col_approach,751,-64.81
1917,goal_20,col_approach,751,-67.06
1918,goal_20,col_approach,750,-67.13
1919,goal_20,col_approach,749,-65.0
1920,goal_20,col_approach,750,-66.92
1921,goal_20,col_approach,750,-66.93
1922,goal_20,col_approach,751,-64.14
1923,goal_20,col_approach,751,-67.02
1924,goal_20,col_approach,749,-66.43
1925,goal_20,col_approach,749,-65.12
1926,goal_20,col_approach,750,-67.05
1927,goal_20,col_approach,766,-68.75
1928,goal_20,exito,3450,638.06
1929,goal_20,col_approach,817,-59.21
1930,goal_20,col_approach,765,-69.32
1931,goal_20,col_approach,764,-68.48
1932,goal_20,col_approach,749,-66.54
1933,goal_20,col_approach,752,-67.44
1934,goal_20,col_approach,751,-67.29
1935,goal_20,col_approach,750,-67.09
1936,goal_20,col_approach,750,-66.66
1937,goal_20,col_approach,749,-66.61
1938,goal_20,col_approach,749,-66.42
1939,goal_20,col_approach,750,-67.61
1940,goal_20,col_approach,749,-67.21
1941,goal_20,col_approach,750,-67.2
1942,goal_20,col_approach,751,-67.64
1943,goal_20,col_approach,750,-66.86
1944,goal_20,col_approach,749,-66.69
1945,goal_20,col_approach,752,-67.3
1946,goal_20,col_approach,749,-66.38
1947,goal_20,col_approach,751,-67.9
1948,goal_20,col_approach,750,-66.66
1949,goal_20,col_approach,749,-66.31
1950,goal_20,col_approach,750,-67.41
1951,goal_20,col_approach,752,-66.53
1952,goal_20,col_approach,750,-67.85
1953,goal_20,col_approach,750,-66.77
1954,goal_20,col_approach,752,-67.01
1955,goal_20,col_approach,750,-67.78
1956,goal_20,col_approach,752,-67.49
1957,goal_20,col_approach,764,-69.53
1958,goal_20,col_approach,764,-68.27
1959,goal_20,exito,3455,630.9
1960,goal_20,col_return,2699,293.29
1961,goal_20,col_return,2750,294.61
1962,goal_20,col_approach,759,-70.54
1963,goal_20,col_approach,758,-70.6
1964,goal_20,col_approach,750,-66.86
1965,goal_20,col_approach,760,-69.31
1966,goal_20,col_approach,757,-66.74
1967,goal_20,col_approach,749,-66.23
1968,goal_20,col_approach,750,-67.24
1969,goal_20,col_approach,750,-66.84
1970,goal_20,col_approach,749,-66.5
1971,goal_20,col_approach,750,-66.78
1972,goal_20,col_approach,750,-66.83
1973,goal_20,col_approach,749,-66.8
1974,goal_20,col_approach,750,-66.47
1975,goal_20,col_approach,751,-66.66
1976,goal_20,col_approach,750,-66.77
1977,goal_20,col_approach,750,-67.29
1978,goal_20,col_approach,749,-66.38
1979,goal_20,col_approach,749,-66.62
1980,goal_20,col_approach,751,-67.72
1981,goal_20,col_approach,751,-67.04
1982,goal_20,col_approach,749,-66.62
1983,goal_20,col_approach,752,-67.9
1984,goal_20,col_approach,750,-67.67
1985,goal_20,col_approach,749,-68.13
1986,goal_20,col_approach,765,-69.1
1987,goal_20,col_approach,763,-68.41
1988,goal_20,exito,3454,634.02
1989,goal_20,col_return,2676,291.51
1990,goal_20,col_approach,752,-64.99
1991,goal_20,col_approach,767,-68.96
1992,goal_20,exito,3455,633.1
1993,goal_20,col_approach,810,-61.99
1994,goal_20,col_approach,764,-68.12
1995,goal_20,col_approach,764,-68.89
1996,goal_20,col_approach,749,-66.94
1997,goal_20,col_approach,750,-67.16
1998,goal_20,col_approach,750,-66.78
1999,goal_20,col_approach,749,-66.84
2000,goal_20,col_approach,750,-67.13
2001,goal_21,col_approach,749,-66.7
2002,goal_21,col_approach,749,-66.6
2003,goal_21,col_approach,750,-67.43
2004,goal_21,col_approach,751,-67.4
2005,goal_21,col_approach,749,-66.2
2006,goal_21,col_approach,751,-67.22
2007,goal_21,col_approach,750,-67.57
2008,goal_21,col_approach,749,-66.15
2009,goal_21,col_approach,749,-66.78
2010,goal_21,col_approach,752,-67.38
2011,goal_21,col_approach,749,-66.8
2012,goal_21,col_approach,749,-66.55
2013,goal_21,col_approach,749,-66.28
2014,goal_21,col_approach,749,-66.1
2015,goal_21,col_approach,750,-67.41
2016,goal_21,col_approach,751,-68.78
2017,goal_21,col_approach,749,-67.01
2018,goal_21,col_approach,751,-67.22
2019,goal_21,col_approach,751,-66.71
2020,goal_21,col_approach,764,-70.02
2021,goal_21,col_approach,764,-69.38
2022,goal_21,exito,3366,624.95
2023,goal_21,col_return,2588,279.46
2024,goal_21,col_approach,749,-66.8
2025,goal_21,col_approach,751,-66.49
2026,goal_21,col_approach,749,-66.71
2027,goal_21,col_approach,750,-67.15
2028,goal_21,col_approach,750,-66.88
2029,goal_21,col_approach,749,-66.35
2030,goal_21,col_approach,750,-67.19
2031,goal_21,col_approach,751,-67.74
2032,goal_21,col_approach,749,-66.81
2033,goal_21,col_approach,750,-66.95
2034,goal_21,col_approach,750,-67.28
2035,goal_21,col_approach,749,-66.62
2036,goal_21,col_approach,751,-66.6
2037,goal_21,col_approach,753,-67.92
2038,goal_21,col_approach,749,-67.65
2039,goal_21,col_approach,750,-67.22
2040,goal_21,col_approach,749,-65.93
2041,goal_21,col_approach,749,-67.05
2042,goal_21,col_approach,751,-67.46
2043,goal_21,col_approach,750,-66.23
2044,goal_21,col_approach,749,-66.62
2045,goal_21,col_approach,750,-66.99
2046,goal_21,col_approach,750,-67.26
2047,goal_21,col_approach,766,-67.44
2048,goal_21,exito,3363,623.71
2049,goal_21,col_return,2584,278.46
2050,goal_21,col_approach,749,-66.04
2051,goal_21,col_approach,750,-66.72
2052,goal_21,col_approach,750,-66.99
2053,goal_21,col_approach,750,-66.35
2054,goal_21,col_approach,757,-70.64
2055,goal_21,col_approach,752,-66.97
2056,goal_21,col_approach,750,-66.35
2057,goal_21,col_approach,751,-67.77
2058,goal_21,col_approach,750,-66.87
2059,goal_21,col_approach,749,-66.01
2060,goal_21,col_approach,750,-67.6
2061,goal_21,col_approach,749,-66.67
2062,goal_21,col_approach,749,-66.68
2063,goal_21,col_approach,751,-67.16
2064,goal_21,col_approach,751,-67.32
2065,goal_21,col_approach,750,-66.61
2066,goal_21,col_approach,750,-66.7
2067,goal_21,col_approach,750,-67.22
2068,goal_21,col_approach,750,-67.48
2069,goal_21,col_approach,751,-67.35
2070,goal_21,col_approach,751,-66.84
2071,goal_21,col_approach,750,-67.07
2072,goal_21,col_approach,750,-67.35
2073,goal_21,col_approach,750,-66.63
2074,goal_21,exito,3365,625.84
2075,goal_21,col_return,2586,280.81
2076,goal_21,col_approach,766,-69.14
2077,goal_21,col_approach,749,-66.78
2078,goal_21,col_approach,750,-66.3
2079,goal_21,col_approach,751,-67.14
2080,goal_21,col_approach,749,-66.39
2081,goal_21,col_approach,754,-66.18
2082,goal_21,col_approach,751,-67.4
2083,goal_21,col_approach,750,-66.64
2084,goal_21,col_approach,751,-67.35
2085,goal_21,col_approach,752,-67.8
2086,goal_21,col_approach,749,-67.15
2087,goal_21,col_approach,750,-66.72
2088,goal_21,col_approach,752,-67.03
2089,goal_21,col_approach,749,-66.14
2090,goal_21,col_approach,750,-67.72
2091,goal_21,col_approach,750,-66.95
2092,goal_21,col_approach,749,-66.69
2093,goal_21,col_approach,750,-66.64
2094,goal_21,col_approach,750,-66.25
2095,goal_21,col_approach,750,-67.3
2096,goal_21,col_approach,751,-67.59
2097,goal_21,col_approach,749,-65.83
2098,goal_21,col_approach,749,-66.69
2099,goal_21,col_approach,751,-67.99
2100,goal_21,col_approach,750,-67.27
2101,goal_22,col_return,2361,255.05
2102,goal_22,col_approach,749,-66.95
2103,goal_22,col_approach,752,-66.64
2104,goal_22,col_approach,749,-65.93
2105,goal_22,col_approach,758,-70.12
2106,goal_22,col_approach,759,-70.36
2107,goal_22,col_approach,749,-65.27
2108,goal_22,col_approach,750,-67.55
2109,goal_22,col_approach,750,-66.07
2110,goal_22,col_approach,750,-64.24
2111,goal_22,col_approach,749,-67.47
2112,goal_22,col_approach,750,-68.01
2113,goal_22,col_approach,748,-65.28
2114,goal_22,col_approach,750,-67.31
2115,goal_22,col_approach,753,-67.51
2116,goal_22,col_approach,750,-64.65
2117,goal_22,col_approach,749,-66.8
2118,goal_22,col_approach,751,-67.96
2119,goal_22,col_approach,749,-65.02
2120,goal_22,col_approach,749,-66.63
2121,goal_22,col_approach,752,-67.33
2122,goal_22,col_approach,750,-64.96
2123,goal_22,col_approach,749,-67.21
2124,goal_22,col_approach,750,-66.99
2125,goal_22,col_approach,749,-65.02
2126,goal_22,col_approach,766,-69.08
2127,goal_22,exito,3129,601.33
2128,goal_22,exito,3134,601.02
2129,goal_22,exito,3130,599.01
2130,goal_22,col_return,2392,259.74
2131,goal_22,col_approach,751,-67.72
2132,goal_22,col_approach,760,-69.53
2133,goal_22,col_approach,758,-69.79
2134,goal_22,col_approach,750,-66.43
2135,goal_22,col_approach,749,-66.62
2136,goal_22,col_approach,749,-67.2
2137,goal_22,col_approach,750,-66.41
2138,goal_22,col_approach,749,-66.01
2139,goal_22,col_approach,750,-67.23
2140,goal_22,col_approach,749,-66.48
2141,goal_22,col_approach,751,-66.78
2142,goal_22,col_approach,749,-66.56
2143,goal_22,col_approach,751,-67.3
2144,goal_22,col_approach,750,-66.89
2145,goal_22,col_approach,750,-66.85
2146,goal_22,col_approach,751,-68.32
2147,goal_22,col_approach,750,-66.98
2148,goal_22,col_approach,750,-66.68
2149,goal_22,col_approach,750,-66.93
2150,goal_22,col_approach,751,-67.07
2151,goal_22,col_approach,750,-67.07
2152,goal_22,col_approach,749,-65.81
2153,goal_22,col_approach,764,-68.34
2154,goal_22,col_approach,763,-68.15
2155,goal_22,col_return,2359,249.48
2156,goal_22,col_approach,751,-65.31
2157,goal_22,col_approach,750,-67.06
2158,goal_22,col_approach,749,-67.38
2159,goal_22,col_approach,748,-64.91
2160,goal_22,col_approach,752,-67.65
2161,goal_22,col_approach,751,-67.52
2162,goal_22,col_approach,750,-64.73
2163,goal_22,col_approach,750,-66.99
2164,goal_22,col_approach,750,-66.91
2165,goal_22,col_approach,748,-64.87
2166,goal_22,col_approach,749,-67.52
2167,goal_22,col_approach,752,-66.62
2168,goal_22,col_approach,750,-64.91
2169,goal_22,col_approach,750,-66.93
2170,goal_22,col_approach,750,-66.67
2171,goal_22,col_approach,749,-65.16
2172,goal_22,col_approach,750,-66.85
2173,goal_22,col_approach,753,-66.91
2174,goal_22,col_approach,751,-64.93
2175,goal_22,col_approach,750,-67.45
2176,goal_22,col_approach,749,-66.81
2177,goal_22,col_approach,750,-65.27
2178,goal_22,exito,3127,599.7
2179,goal_22,exito,3133,599.92
2180,goal_22,exito,3139,596.82
2181,goal_22,col_return,2387,257.16
2182,goal_22,col_approach,758,-69.85
2183,goal_22,col_approach,750,-67.2
2184,goal_22,col_approach,760,-69.05
2185,goal_22,col_approach,757,-69.99
2186,goal_22,col_approach,750,-66.99
2187,goal_22,col_approach,749,-66.44
2188,goal_22,col_approach,750,-67.06
2189,goal_22,col_approach,750,-67.75
2190,goal_22,col_approach,750,-67.33
2191,goal_22,col_approach,751,-67.06
2192,goal_22,col_approach,750,-67.31
2193,goal_22,col_approach,749,-66.16
2194,goal_22,col_approach,750,-67.77
2195,goal_22,col_approach,749,-66.94
2196,goal_22,col_approach,750,-66.23
2197,goal_22,col_approach,750,-67.64
2198,goal_22,col_approach,749,-67.19
2199,goal_22,col_approach,749,-65.97
2200,goal_22,col_approach,751,-67.56
2201,goal_23,exito,3533,652.52
2202,goal_23,exito,3596,648.3
2203,goal_23,col_return,2773,310.98
2204,goal_23,col_return,2804,310.41
2205,goal_23,exito,3563,651.5
2206,goal_23,exito,3501,659.21
2207,goal_23,exito,3533,648.56
2208,goal_23,col_return,2888,309.8
2209,goal_23,exito,3564,649.77
2210,goal_23,exito,3506,656.28
2211,goal_23,col_return,2772,308.13
2212,goal_23,exito,3538,652.28
2213,goal_23,exito,3599,647.63
2214,goal_23,col_return,2725,312.65
2215,goal_23,col_return,2807,311.01
2216,goal_23,exito,3561,651.52
2217,goal_23,exito,3499,659.39
2218,goal_23,col_return,2760,305.3
2219,goal_23,exito,3536,652.76
2220,goal_23,exito,3595,650.71
2221,goal_23,col_return,2725,313.28
2222,goal_23,col_return,2816,312.37
2223,goal_23,exito,3566,650.75
2224,goal_23,exito,3529,656.3
2225,goal_23,col_return,2824,303.98
2226,goal_23,col_return,2826,304.63
2227,goal_23,exito,3596,647.88
2228,goal_23,exito,3559,657.71
2229,goal_23,col_return,2770,306.56
2230,goal_23,exito,3502,653.14
2231,goal_23,exito,3537,652.12
2232,goal_23,exito,3593,651.25
2233,goal_23,col_return,2732,308.8
2234,goal_23,exito,3563,652.08
2235,goal_23,exito,3535,653.49
2236,goal_23,exito,3589,647.3
2237,goal_23,col_return,2782,306.59
2238,goal_23,exito,3567,651.89
2239,goal_23,exito,3536,654.18
2240,goal_23,col_return,2809,300.03
2241,goal_23,col_return,2816,305.13
2242,goal_23,exito,3595,647.77
2243,goal_23,exito,3558,658.08
2244,goal_23,col_return,2772,305.79
2245,goal_23,exito,3505,651.84
2246,goal_23,exito,3537,651.81
2247,goal_23,exito,3601,652.14
2248,goal_23,col_return,2730,306.41
2249,goal_23,exito,3586,652.86
2250,goal_23,exito,3532,650.49
2251,goal_23,exito,3586,649.74
2252,goal_23,col_return,2742,308.1
2253,goal_23,exito,3564,651.11
2254,goal_23,exito,3534,655.36
2255,goal_23,col_return,2822,305.04
2256,goal_23,col_return,2820,305.79
2257,goal_23,exito,3596,649.82
2258,goal_23,exito,3568,656.41
2259,goal_23,col_return,2762,306.63
2260,goal_23,exito,3502,652.36
2261,goal_23,exito,3537,653.41
2262,goal_23,exito,3572,653.19
2263,goal_23,col_return,2732,309.38
2264,goal_23,exito,3566,652.07
2265,goal_23,exito,3533,654.09
2266,goal_23,col_return,2817,301.27
2267,goal_23,col_return,2813,304.09
2268,goal_23,exito,3592,647.06
2269,goal_23,exito,3559,657.28
2270,goal_23,col_return,2756,304.49
2271,goal_23,exito,3507,654.01
2272,goal_23,exito,3533,653.95
2273,goal_23,exito,3579,653.0
2274,goal_23,col_return,2734,309.47
2275,goal_23,exito,3562,651.02
2276,goal_23,exito,3533,655.26
2277,goal_23,col_return,2813,299.47
2278,goal_23,col_return,2829,307.2
2279,goal_23,exito,3594,647.57
2280,goal_23,exito,3561,658.57
2281,goal_23,col_return,2755,306.95
2282,goal_23,exito,3502,652.77
2283,goal_23,exito,3536,651.96
2284,goal_23,exito,3590,652.26
2285,goal_23,col_return,2752,310.88
2286,goal_23,exito,3529,653.32
2287,goal_23,exito,3533,654.06
2288,goal_23,col_return,2815,301.62
2289,goal_23,col_return,2817,303.92
2290,goal_23,exito,3592,647.9
2291,goal_23,exito,3562,657.74
2292,goal_23,col_return,2755,304.35
2293,goal_23,exito,3504,655.49
2294,goal_23,exito,3538,651.29
2295,goal_23,exito,3579,654.04
2296,goal_23,col_return,2735,307.85
2297,goal_23,exito,3563,652.04
2298,goal_23,exito,3533,655.23
2299,goal_23,col_return,2815,299.19
2300,goal_23,col_return,2815,305.15
2301,goal_24,exito,3324,630.16
2302,goal_24,col_approach,883,-51.58
2303,goal_24,col_return,2575,278.18
2304,goal_24,exito,3328,630.82
2305,goal_24,col_approach,882,-55.13
2306,goal_24,col_return,2641,288.24
2307,goal_24,exito,3331,624.64
2308,goal_24,col_return,2546,281.92
2309,goal_24,col_exit,1205,28.62
2310,goal_24,col_return,2552,280.3
2311,goal_24,exito,3346,627.9
2312,goal_24,col_approach,878,-52.49
2313,goal_24,exito,3320,627.47
2314,goal_24,exito,3321,632.52
2315,goal_24,col_return,2588,280.23
2316,goal_24,exito,3377,625.72
2317,goal_24,col_approach,869,-54.24
2318,goal_24,col_return,2577,282.58
2319,goal_24,exito,3352,626.54
2320,goal_24,col_return,2576,280.63
2321,goal_24,exito,3321,631.97
2322,goal_24,col_approach,874,-52.32
2323,goal_24,col_return,2575,280.58
2324,goal_24,exito,3323,628.62
2325,goal_24,col_approach,868,-54.08
2326,goal_24,col_return,2591,284.08
2327,goal_24,exito,3331,628.86
2328,goal_24,col_approach,869,-54.46
2329,goal_24,exito,3350,631.14
2330,goal_24,exito,3368,624.42
2331,goal_24,col_return,2592,283.52
2332,goal_24,exito,3325,627.07
2333,goal_24,col_approach,868,-55.7
2334,goal_24,col_return,2625,286.02
2335,goal_24,exito,3329,626.99
2336,goal_24,col_return,2547,281.88
2337,goal_24,col_exit,1208,27.34
2338,goal_24,col_return,2551,279.93
2339,goal_24,exito,3351,627.95
2340,goal_24,col_approach,876,-52.83
2341,goal_24,exito,3325,627.5
2342,goal_24,exito,3315,633.0
2343,goal_24,col_return,2586,279.21
2344,goal_24,exito,3327,626.18
2345,goal_24,col_approach,868,-54.32
2346,goal_24,col_return,2580,279.32
2347,goal_24,exito,3347,629.19
2348,goal_24,col_approach,885,-51.07
2349,goal_24,col_return,2557,282.11
2350,goal_24,exito,3352,625.46
2351,goal_24,col_return,2590,284.5
2352,goal_24,col_exit,1227,24.91
2353,goal_24,col_return,2549,281.49
2354,goal_24,col_exit,1199,27.89
2355,goal_24,col_return,2553,281.48
2356,goal_24,exito,3302,630.41
2357,goal_24,col_approach,898,-49.68
2358,goal_24,col_return,2551,281.19
2359,goal_24,exito,3346,627.26
2360,goal_24,col_approach,865,-56.21
2361,goal_24,col_return,2551,279.26
2362,goal_24,exito,3351,627.15
2363,goal_24,col_approach,868,-57.17
2364,goal_24,col_return,2621,290.28
2365,goal_24,exito,3367,626.3
2366,goal_24,col_return,2629,288.62
2367,goal_24,exito,3328,627.15
2368,goal_24,col_return,2551,281.8
2369,goal_24,col_exit,1247,35.31
2370,goal_24,col_return,2612,284.84
2371,goal_24,exito,3369,625.12
2372,goal_24,col_return,2627,287.11
2373,goal_24,exito,3331,625.79
2374,goal_24,col_return,2549,283.45
2375,goal_24,col_exit,1231,32.78
2376,goal_24,col_return,2553,279.28
2377,goal_24,exito,3348,627.03
2378,goal_24,col_approach,861,-56.31
2379,goal_24,col_return,2564,284.81
2380,goal_24,exito,3355,627.3
2381,goal_24,col_return,2579,280.02
2382,goal_24,exito,3326,631.82
2383,goal_24,col_approach,883,-51.15
2384,goal_24,exito,3352,626.9
2385,goal_24,exito,3367,623.69
2386,goal_24,col_return,2576,281.8
2387,goal_24,exito,3325,630.92
2388,goal_24,col_approach,887,-51.57
2389,goal_24,col_return,2577,280.67
2390,goal_24,exito,3326,629.05
2391,goal_24,col_return,2597,287.12
2392,goal_24,col_exit,1217,28.74
2393,goal_24,col_return,2545,285.64
2394,goal_24,exito,3344,628.68
2395,goal_24,col_approach,887,-50.62
2396,goal_24,col_return,2552,280.6
2397,goal_24,exito,3351,628.05
2398,goal_24,col_approach,862,-55.44
2399,goal_24,col_return,2567,282.34
2400,goal_24,exito,3357,625.57
2401,goal_25,exito,3050,599.34
2402,goal_25,exito,3101,598.66
2403,goal_25,exito,3045,603.2
2404,goal_25,col_return,2350,258.54
2405,goal_25,col_return,2313,253.05
2406,goal_25,col_return,2349,260.65
2407,goal_25,col_return,2315,257.19
2408,goal_25,exito,3041,604.57
2409,goal_25,col_approach,910,-45.9
2410,goal_25,col_approach,860,-58.16
2411,goal_25,exito,3094,599.19
2412,goal_25,exito,3040,604.92
2413,goal_25,col_return,2330,255.56
2414,goal_25,exito,3092,600.07
2415,goal_25,col_return,2314,264.01
2416,goal_25,col_return,2270,259.56
2417,goal_25,col_return,2269,259.55
2418,goal_25,col_return,2274,257.4
2419,goal_25,exito,3048,601.03
2420,goal_25,col_approach,902,-49.5
2421,goal_25,exito,3048,602.26
2422,goal_25,exito,3096,599.58
2423,goal_25,exito,3051,603.74
2424,goal_25,col_return,2370,256.6
2425,goal_25,col_return,2272,257.69
2426,goal_25,col_return,2267,257.21
2427,goal_25,col_return,2268,257.55
2428,goal_25,col_return,2268,258.44
2429,goal_25,col_return,2317,261.75
2430,goal_25,col_return,2268,258.57
2431,goal_25,col_return,2268,259.7
2432,goal_25,col_return,2270,259.02
2433,goal_25,col_return,2273,257.78
2434,goal_25,exito,3048,601.76
2435,goal_25,col_approach,893,-51.04
2436,goal_25,col_approach,864,-56.89
2437,goal_25,exito,3052,601.31
2438,goal_25,exito,3049,602.85
2439,goal_25,col_return,2364,256.83
2440,goal_25,col_return,2270,257.74
2441,goal_25,col_return,2285,259.48
2442,goal_25,exito,3041,600.25
2443,goal_25,col_return,2329,255.7
2444,goal_25,exito,3090,603.91
2445,goal_25,col_approach,910,-47.71
2446,goal_25,exito,3105,599.62
2447,goal_25,exito,3048,605.52
2448,goal_25,exito,3094,597.77
2449,goal_25,col_return,2306,265.96
2450,goal_25,col_return,2267,259.46
2451,goal_25,col_return,2270,258.51
2452,goal_25,col_return,2267,258.66
2453,goal_25,exito,3044,601.1
2454,goal_25,col_return,2318,256.41
2455,goal_25,col_return,2275,257.7
2456,goal_25,col_return,2282,260.35
2457,goal_25,exito,3042,603.46
2458,goal_25,col_approach,910,-46.13
2459,goal_25,exito,3051,603.43
2460,goal_25,exito,3101,598.43
2461,goal_25,exito,3048,604.41
2462,goal_25,exito,3048,602.24
2463,goal_25,col_return,2319,254.79
2464,goal_25,col_return,2269,256.23
2465,goal_25,col_return,2271,256.5
2466,goal_25,col_return,2279,259.85
2467,goal_25,exito,3036,603.9
2468,goal_25,col_return,2320,254.34
2469,goal_25,exito,3093,600.75
2470,goal_25,col_approach,892,-50.87
2471,goal_25,col_approach,868,-57.42
2472,goal_25,exito,3048,605.64
2473,goal_25,exito,3096,596.21
2474,goal_25,col_return,2321,262.08
2475,goal_25,col_return,2274,260.41
2476,goal_25,col_return,2269,259.42
2477,goal_25,col_return,2286,260.72
2478,goal_25,col_return,2326,257.95
2479,goal_25,exito,3091,601.85
2480,goal_25,exito,3042,606.38
2481,goal_25,col_approach,879,-51.93
2482,goal_25,col_approach,859,-58.29
2483,goal_25,exito,3095,598.37
2484,goal_25,exito,3041,604.64
2485,goal_25,col_return,2328,255.79
2486,goal_25,exito,3091,598.96
2487,goal_25,col_return,2315,262.12
2488,goal_25,col_return,2268,260.46
2489,goal_25,col_return,2269,258.55
2490,goal_25,col_return,2270,259.01
2491,goal_25,exito,3045,602.69
2492,goal_25,col_approach,911,-47.38
2493,goal_25,exito,3051,603.04
2494,goal_25,exito,3097,601.19
2495,goal_25,exito,3051,603.64
2496,goal_25,col_return,2366,257.8
2497,goal_25,col_return,2272,259.04
2498,goal_25,col_return,2268,256.29
2499,goal_25,col_return,2284,260.69
2500,goal_25,col_return,2316,261.17
2501,goal_26,exito,3471,661.36
2502,goal_26,exito,3464,664.45
2503,goal_26,col_return,2696,317.06
2504,goal_26,exito,3477,664.83
2505,goal_26,col_approach,848,-58.48
2506,goal_26,exito,3468,665.62
2507,goal_26,col_return,2697,315.08
2508,goal_26,exito,3469,663.91
2509,goal_26,col_approach,847,-56.43
2510,goal_26,exito,3468,657.73
2511,goal_26,col_approach,847,-57.22
2512,goal_26,col_approach,914,-49.96
2513,goal_26,exito,3467,665.37
2514,goal_26,col_approach,847,-56.0
2515,goal_26,exito,3475,655.48
2516,goal_26,exito,3472,655.7
2517,goal_26,exito,3467,665.01
2518,goal_26,col_approach,848,-57.58
2519,goal_26,col_approach,917,-51.28
2520,goal_26,exito,3474,664.45
2521,goal_26,col_approach,849,-55.24
2522,goal_26,col_approach,913,-52.34
2523,goal_26,exito,3469,657.26
2524,goal_26,col_approach,846,-56.5
2525,goal_26,exito,3469,660.1
2526,goal_26,exito,3469,664.0
2527,goal_26,exito,3472,658.16
2528,goal_26,col_approach,851,-55.96
2529,goal_26,exito,3471,656.62
2530,goal_26,exito,3472,664.66
2531,goal_26,exito,3472,657.37
2532,goal_26,col_approach,845,-56.3
2533,goal_26,col_approach,914,-49.83
2534,goal_26,exito,3469,663.15
2535,goal_26,col_approach,852,-56.58
2536,goal_26,col_approach,932,-49.67
2537,goal_26,exito,3467,664.96
2538,goal_26,col_approach,848,-55.06
2539,goal_26,col_return,2758,324.41
2540,goal_26,exito,3474,656.6
2541,goal_26,exito,3470,664.12
2542,goal_26,col_return,2698,313.84
2543,goal_26,exito,3469,663.69
2544,goal_26,col_approach,846,-56.22
2545,goal_26,exito,3470,660.63
2546,goal_26,col_return,2695,318.71
2547,goal_26,exito,3472,657.52
2548,goal_26,col_approach,846,-58.33
2549,goal_26,exito,3469,663.21
2550,goal_26,col_approach,847,-55.4
2551,goal_26,col_approach,884,-51.69
2552,goal_26,exito,3471,655.17
2553,goal_26,col_approach,848,-56.36
2554,goal_26,col_return,2771,322.22
2555,goal_26,exito,3478,658.13
2556,goal_26,exito,3467,665.49
2557,goal_26,col_return,2701,317.77
2558,goal_26,exito,3472,665.76
2559,goal_26,col_approach,847,-58.2
2560,goal_26,exito,3469,664.62
2561,goal_26,col_return,2705,311.7
2562,goal_26,exito,3470,664.25
2563,goal_26,col_approach,847,-57.35
2564,goal_26,exito,3467,660.16
2565,goal_26,col_return,2694,317.86
2566,goal_26,exito,3473,656.69
2567,goal_26,col_approach,845,-57.78
2568,goal_26,exito,3469,665.64
2569,goal_26,col_return,2702,317.29
2570,goal_26,exito,3473,665.78
2571,goal_26,col_approach,846,-57.7
2572,goal_26,exito,3467,665.56
2573,goal_26,col_approach,846,-56.88
2574,goal_26,col_approach,899,-51.33
2575,goal_26,exito,3471,664.65
2576,goal_26,col_approach,847,-55.92
2577,goal_26,col_return,2772,325.1
2578,goal_26,exito,3473,654.14
2579,goal_26,exito,3468,664.69
2580,goal_26,col_return,2706,313.69
2581,goal_26,exito,3468,662.68
2582,goal_26,col_approach,847,-56.58
2583,goal_26,exito,3470,658.82
2584,goal_26,col_return,2694,318.15
2585,goal_26,exito,3471,657.03
2586,goal_26,col_approach,848,-59.39
2587,goal_26,exito,3468,665.7
2588,goal_26,col_approach,847,-56.14
2589,goal_26,col_approach,899,-52.08
2590,goal_26,exito,3471,657.35
2591,goal_26,col_approach,865,-54.33
2592,goal_26,col_approach,908,-52.39
2593,goal_26,exito,3468,663.97
2594,goal_26,col_approach,847,-57.9
2595,goal_26,col_approach,918,-51.46
2596,goal_26,exito,3470,665.73
2597,goal_26,col_approach,845,-55.95
2598,goal_26,col_return,2709,320.09
2599,goal_26,exito,3469,656.89
2600,goal_26,col_return,2696,315.35
2601,goal_27,col_approach,849,-56.53
2602,goal_27,exito,3280,631.06
2603,goal_27,col_return,2523,295.33
2604,goal_27,exito,3270,641.35
2605,goal_27,col_approach,896,-49.15
2606,goal_27,exito,3264,636.29
2607,goal_27,exito,3268,638.16
2608,goal_27,exito,3271,639.33
2609,goal_27,col_return,2525,298.19
2610,goal_27,exito,3268,634.01
2611,goal_27,col_approach,898,-49.75
2612,goal_27,exito,3268,636.02
2613,goal_27,exito,3269,636.22
2614,goal_27,exito,3268,634.3
2615,goal_27,col_return,2523,296.16
2616,goal_27,exito,3273,635.14
2617,goal_27,col_approach,893,-49.3
2618,goal_27,exito,3270,635.77
2619,goal_27,exito,3272,639.12
2620,goal_27,exito,3278,631.05
2621,goal_27,col_return,2508,296.26
2622,goal_27,exito,3271,641.97
2623,goal_27,col_approach,895,-50.81
2624,goal_27,exito,3269,635.83
2625,goal_27,exito,3268,635.77
2626,goal_27,exito,3269,638.99
2627,goal_27,col_return,2522,295.57
2628,goal_27,exito,3270,632.56
2629,goal_27,col_approach,896,-49.67
2630,goal_27,exito,3265,637.6
2631,goal_27,exito,3267,635.84
2632,goal_27,exito,3268,635.53
2633,goal_27,col_return,2528,297.87
2634,goal_27,exito,3274,635.11
2635,goal_27,col_approach,892,-49.86
2636,goal_27,exito,3267,635.88
2637,goal_27,exito,3270,639.09
2638,goal_27,exito,3273,630.35
2639,goal_27,col_return,2518,296.4
2640,goal_27,exito,3271,641.3
2641,goal_27,col_approach,895,-50.48
2642,goal_27,exito,3270,635.14
2643,goal_27,exito,3270,636.94
2644,goal_27,exito,3270,638.1
2645,goal_27,col_return,2518,295.75
2646,goal_27,exito,3269,632.66
2647,goal_27,col_approach,897,-50.71
2648,goal_27,exito,3267,637.12
2649,goal_27,exito,3267,635.78
2650,goal_27,exito,3271,635.35
2651,goal_27,col_return,2523,296.71
2652,goal_27,exito,3277,633.52
2653,goal_27,col_approach,889,-50.01
2654,goal_27,exito,3267,636.41
2655,goal_27,exito,3269,638.76
2656,goal_27,exito,3276,631.48
2657,goal_27,col_return,2516,293.42
2658,goal_27,exito,3271,640.78
2659,goal_27,col_approach,895,-50.98
2660,goal_27,exito,3271,634.76
2661,goal_27,exito,3267,638.81
2662,goal_27,exito,3270,638.35
2663,goal_27,col_return,2520,298.26
2664,goal_27,exito,3271,634.89
2665,goal_27,col_approach,895,-50.78
2666,goal_27,exito,3267,635.28
2667,goal_27,exito,3268,636.0
2668,goal_27,exito,3268,634.65
2669,goal_27,col_return,2525,297.36
2670,goal_27,exito,3275,632.88
2671,goal_27,col_approach,891,-50.42
2672,goal_27,exito,3271,635.45
2673,goal_27,exito,3273,640.68
2674,goal_27,exito,3278,632.73
2675,goal_27,col_return,2506,296.1
2676,goal_27,exito,3270,641.17
2677,goal_27,col_approach,896,-49.3
2678,goal_27,exito,3263,635.69
2679,goal_27,exito,3269,638.36
2680,goal_27,exito,3272,637.6
2681,goal_27,col_return,2524,299.43
2682,goal_27,exito,3269,634.36
2683,goal_27,col_approach,897,-49.68
2684,goal_27,exito,3269,635.18
2685,goal_27,exito,3271,634.7
2686,goal_27,exito,3272,633.37
2687,goal_27,col_return,2516,296.24
2688,goal_27,exito,3273,635.45
2689,goal_27,col_approach,894,-49.26
2690,goal_27,exito,3269,636.42
2691,goal_27,exito,3271,639.08
2692,goal_27,exito,3279,628.7
2693,goal_27,col_return,2508,293.65
2694,goal_27,exito,3270,641.73
2695,goal_27,col_approach,896,-50.36
2696,goal_27,exito,3264,636.06
2697,goal_27,exito,3269,637.25
2698,goal_27,exito,3270,638.91
2699,goal_27,col_return,2525,296.29
2700,goal_27,exito,3269,634.67
2701,goal_28,exito,3039,596.31
2702,goal_28,col_approach,875,-52.25
2703,goal_28,col_approach,804,-63.92
2704,goal_28,exito,3019,599.77
2705,goal_28,exito,3023,597.37
2706,goal_28,col_return,2309,251.66
2707,goal_28,col_return,2262,254.73
2708,goal_28,col_return,2243,253.1
2709,goal_28,col_return,2259,257.36
2710,goal_28,col_return,2245,253.65
2711,goal_28,col_return,2261,255.67
2712,goal_28,col_return,2245,254.3
2713,goal_28,col_return,2259,257.37
2714,goal_28,col_return,2244,254.51
2715,goal_28,col_return,2253,257.21
2716,goal_28,col_return,2247,254.36
2717,goal_28,col_return,2245,253.76
2718,goal_28,col_return,2242,254.43
2719,goal_28,col_return,2246,253.61
2720,goal_28,col_return,2255,255.18
2721,goal_28,col_return,2245,254.18
2722,goal_28,col_return,2258,256.38
2723,goal_28,col_return,2245,255.05
2724,goal_28,col_return,2258,257.27
2725,goal_28,col_return,2246,253.96
2726,goal_28,col_return,2252,254.22
2727,goal_28,col_return,2247,255.2
2728,goal_28,col_return,2245,254.7
2729,goal_28,col_return,2244,254.44
2730,goal_28,col_return,2244,253.1
2731,goal_28,col_return,2255,256.83
2732,goal_28,col_return,2245,254.25
2733,goal_28,col_return,2256,257.0
2734,goal_28,col_return,2245,253.77
2735,goal_28,col_return,2259,256.98
2736,goal_28,col_return,2246,253.88
2737,goal_28,col_return,2253,254.01
2738,goal_28,col_return,2248,253.48
2739,goal_28,col_return,2243,253.6
2740,goal_28,col_return,2242,252.91
2741,goal_28,col_return,2244,255.08
2742,goal_28,col_return,2257,255.71
2743,goal_28,col_return,2243,255.16
2744,goal_28,col_return,2257,256.12
2745,goal_28,col_return,2246,252.73
2746,goal_28,col_return,2259,256.51
2747,goal_28,col_return,2246,254.8
2748,goal_28,col_return,2254,255.28
2749,goal_28,col_return,2245,253.54
2750,goal_28,col_return,2244,254.25
2751,goal_28,col_return,2243,254.36
2752,goal_28,col_return,2244,253.17
2753,goal_28,col_return,2255,257.26
2754,goal_28,col_return,2244,254.33
2755,goal_28,col_return,2261,256.09
2756,goal_28,col_return,2248,251.95
2757,goal_28,col_return,2259,255.87
2758,goal_28,col_return,2247,253.38
2759,goal_28,col_return,2249,254.15
2760,goal_28,col_return,2244,253.6
2761,goal_28,col_return,2244,252.48
2762,goal_28,col_return,2242,254.34
2763,goal_28,col_return,2244,254.17
2764,goal_28,col_return,2257,256.85
2765,goal_28,col_return,2248,253.11
2766,goal_28,col_return,2258,256.32
2767,goal_28,col_return,2245,254.4
2768,goal_28,col_return,2258,257.33
2769,goal_28,col_return,2245,254.95
2770,goal_28,col_return,2254,254.36
2771,goal_28,col_return,2245,253.62
2772,goal_28,col_return,2245,253.6
2773,goal_28,col_return,2244,252.9
2774,goal_28,col_return,2242,254.27
2775,goal_28,col_return,2257,255.42
2776,goal_28,col_return,2245,253.48
2777,goal_28,col_return,2258,257.04
2778,goal_28,col_return,2245,255.07
2779,goal_28,col_return,2258,256.03
2780,goal_28,col_return,2248,253.68
2781,goal_28,col_return,2252,256.48
2782,goal_28,col_return,2248,254.04
2783,goal_28,col_return,2247,252.5
2784,goal_28,col_return,2247,253.66
2785,goal_28,col_return,2245,254.38
2786,goal_28,col_return,2248,255.76
2787,goal_28,col_return,2246,253.36
2788,goal_28,col_return,2258,256.12
2789,goal_28,col_return,2243,254.04
2790,goal_28,col_return,2260,255.17
2791,goal_28,col_return,2247,252.27
2792,goal_28,col_return,2250,256.0
2793,goal_28,col_return,2247,254.68
2794,goal_28,col_return,2242,254.65
2795,goal_28,col_return,2242,253.64
2796,goal_28,col_return,2245,254.08
2797,goal_28,col_return,2259,256.73
2798,goal_28,col_return,2243,253.23
2799,goal_28,col_return,2259,256.43
2800,goal_28,col_return,2245,254.89
