arquitectura,fase,semilla,objetivo_fase,checkpoint_origen,checkpoint_generado,timesteps_previstos,timesteps_registrados,directorio_tensorboard,n_archivos_eventos,csv_asociado,metricas_disponibles,estado_datos,observaciones
STH-WP,Fase 1,42,Aproximacion inicial a una ubicacion,desde cero,pruebas/run002_s42_stage1_final.zip,500000,501760,/Users/adrigarcia/tfm-robots-rl/simulacion/controllers/rl_train_STHWP/tensorboard_logs/stage1_run002_s42_1,1,/Users/adrigarcia/tfm-robots-rl/simulacion/controllers/rl_train_STHWP/stats_run002_s42_stage1.csv,stats/tasa_exito_%; stats/tasa_colision_%; stats/tasa_truncado_%; stats/tasa_estanteria_%; rollout/ep_rew_mean; rollout/ep_len_mean; train/value_loss; train/policy_gradient_loss; train/entropy_loss; train/approx_kl; train/clip_fraction; train/explained_variance; train/learning_rate,completo,"Existe tambien run001 (primer intento de fases 1-3), excluido de la cadena valida porque no continua a 3v2."
STH-WP,Fase 1,123,Aproximacion inicial a una ubicacion,desde cero,pruebas/run002_s123_stage1_final.zip,500000,501760,/Users/adrigarcia/tfm-robots-rl/simulacion/controllers/rl_train_STHWP/tensorboard_logs/stage1_run002_s123_1,1,/Users/adrigarcia/tfm-robots-rl/simulacion/controllers/rl_train_STHWP/stats_run002_s123_stage1.csv,stats/tasa_exito_%; stats/tasa_colision_%; stats/tasa_truncado_%; stats/tasa_estanteria_%; rollout/ep_rew_mean; rollout/ep_len_mean; train/value_loss; train/policy_gradient_loss; train/entropy_loss; train/approx_kl; train/clip_fraction; train/explained_variance; train/learning_rate,completo,"Existe tambien run001 (primer intento de fases 1-3), excluido de la cadena valida porque no continua a 3v2."
STH-WP,Fase 1,524,Aproximacion inicial a una ubicacion,desde cero,pruebas/run002_s524_stage1_final.zip,500000,501760,/Users/adrigarcia/tfm-robots-rl/simulacion/controllers/rl_train_STHWP/tensorboard_logs/stage1_run002_s524_1,1,/Users/adrigarcia/tfm-robots-rl/simulacion/controllers/rl_train_STHWP/stats_run002_s524_stage1.csv,stats/tasa_exito_%; stats/tasa_colision_%; stats/tasa_truncado_%; stats/tasa_estanteria_%; rollout/ep_rew_mean; rollout/ep_len_mean; train/value_loss; train/policy_gradient_loss; train/entropy_loss; train/approx_kl; train/clip_fraction; train/explained_variance; train/learning_rate,completo,"Existe tambien run001 (primer intento de fases 1-3), excluido de la cadena valida porque no continua a 3v2."
STH-WP,Fase 2,42,Aproximacion generalizada a las 28 ubicaciones,pruebas/run002_s42_stage1_final.zip,pruebas/run002_s42_stage2_final.zip,4000000,4503552,/Users/adrigarcia/tfm-robots-rl/simulacion/controllers/rl_train_STHWP/tensorboard_logs/stage2_run002_s42_0,1,/Users/adrigarcia/tfm-robots-rl/simulacion/controllers/rl_train_STHWP/stats_run002_s42_stage2.csv,stats/tasa_exito_%; stats/tasa_colision_%; stats/tasa_truncado_%; stats/tasa_estanteria_%; rollout/ep_rew_mean; rollout/ep_len_mean; train/value_loss; train/policy_gradient_loss; train/entropy_loss; train/approx_kl; train/clip_fraction; train/explained_variance; train/learning_rate,completo,
STH-WP,Fase 2,123,Aproximacion generalizada a las 28 ubicaciones,pruebas/run002_s123_stage1_final.zip,pruebas/run002_s123_stage2_final.zip,4000000,4503552,/Users/adrigarcia/tfm-robots-rl/simulacion/controllers/rl_train_STHWP/tensorboard_logs/stage2_run002_s123_0,1,/Users/adrigarcia/tfm-robots-rl/simulacion/controllers/rl_train_STHWP/stats_run002_s123_stage2.csv,stats/tasa_exito_%; stats/tasa_colision_%; stats/tasa_truncado_%; stats/tasa_estanteria_%; rollout/ep_rew_mean; rollout/ep_len_mean; train/value_loss; train/policy_gradient_loss; train/entropy_loss; train/approx_kl; train/clip_fraction; train/explained_variance; train/learning_rate,completo,
STH-WP,Fase 2,524,Aproximacion generalizada a las 28 ubicaciones,pruebas/run002_s524_stage1_final.zip,pruebas/run002_s524_stage2_final.zip,4000000,4503552,/Users/adrigarcia/tfm-robots-rl/simulacion/controllers/rl_train_STHWP/tensorboard_logs/stage2_run002_s524_0,1,/Users/adrigarcia/tfm-robots-rl/simulacion/controllers/rl_train_STHWP/stats_run002_s524_stage2.csv,stats/tasa_exito_%; stats/tasa_colision_%; stats/tasa_truncado_%; stats/tasa_estanteria_%; rollout/ep_rew_mean; rollout/ep_len_mean; train/value_loss; train/policy_gradient_loss; train/entropy_loss; train/approx_kl; train/clip_fraction; train/explained_variance; train/learning_rate,completo,
STH-WP,Fase 3v2,42,Salida desde la estanteria (version corregida v2),pruebas/run002_s42_stage2_final.zip,pruebas/run002_s42_stage3v2_final.zip,4000000,8505344,/Users/adrigarcia/tfm-robots-rl/simulacion/controllers/rl_train_STHWP/tensorboard_logs/stage3_i6_run002_s42_0,1,no disponible,stats/tasa_exito_%; stats/tasa_colision_%; stats/tasa_truncado_%; stats/tasa_estanteria_%; rollout/ep_rew_mean; rollout/ep_len_mean; train/value_loss; train/policy_gradient_loss; train/entropy_loss; train/approx_kl; train/clip_fraction; train/explained_variance; train/learning_rate,sin CSV,"tb_log_name real es 'stage3_i6_...', no existe carpeta 'stage3v2_*' (trampa de nomenclatura verificada en el script). No existe train_stage3v2_s524.py en el repositorio: el checkpoint y su inferencia existen pero el script de origen para esta semilla no ha podido localizarse. No existe CSV de entrenamiento especifico de esta fase."
STH-WP,Fase 3v2,123,Salida desde la estanteria (version corregida v2),pruebas/run002_s123_stage2_final.zip,pruebas/run002_s123_stage3v2_final.zip,4000000,8505344,/Users/adrigarcia/tfm-robots-rl/simulacion/controllers/rl_train_STHWP/tensorboard_logs/stage3_i6_run002_s123_0,1,no disponible,stats/tasa_exito_%; stats/tasa_colision_%; stats/tasa_truncado_%; stats/tasa_estanteria_%; rollout/ep_rew_mean; rollout/ep_len_mean; train/value_loss; train/policy_gradient_loss; train/entropy_loss; train/approx_kl; train/clip_fraction; train/explained_variance; train/learning_rate,sin CSV,"tb_log_name real es 'stage3_i6_...', no existe carpeta 'stage3v2_*' (trampa de nomenclatura verificada en el script). No existe train_stage3v2_s524.py en el repositorio: el checkpoint y su inferencia existen pero el script de origen para esta semilla no ha podido localizarse. No existe CSV de entrenamiento especifico de esta fase."
STH-WP,Fase 3v2,524,Salida desde la estanteria (version corregida v2),pruebas/run002_s524_stage2_final.zip,pruebas/run002_s524_stage3v2_final.zip,4000000,8505344,/Users/adrigarcia/tfm-robots-rl/simulacion/controllers/rl_train_STHWP/tensorboard_logs/stage3_i6_run002_s524_0,1,no disponible,stats/tasa_exito_%; stats/tasa_colision_%; stats/tasa_truncado_%; stats/tasa_estanteria_%; rollout/ep_rew_mean; rollout/ep_len_mean; train/value_loss; train/policy_gradient_loss; train/entropy_loss; train/approx_kl; train/clip_fraction; train/explained_variance; train/learning_rate,sin CSV,"tb_log_name real es 'stage3_i6_...', no existe carpeta 'stage3v2_*' (trampa de nomenclatura verificada en el script). No existe train_stage3v2_s524.py en el repositorio: el checkpoint y su inferencia existen pero el script de origen para esta semilla no ha podido localizarse. No existe CSV de entrenamiento especifico de esta fase."
STH-WP,Fase 4v2,42,Combinacion de aproximacion y salida,pruebas/run002_s42_stage3v2_final.zip,pruebas/run002_s42_stage4v2_final.zip,4000000,12507136,/Users/adrigarcia/tfm-robots-rl/simulacion/controllers/rl_train_STHWP/tensorboard_logs/stage4v2_run002_s42_0,1,no disponible,stats/tasa_exito_%; stats/tasa_colision_%; stats/tasa_truncado_%; stats/tasa_estanteria_%; rollout/ep_rew_mean; rollout/ep_len_mean; train/value_loss; train/policy_gradient_loss; train/entropy_loss; train/approx_kl; train/clip_fraction; train/explained_variance; train/learning_rate,sin CSV,"No existe CSV de entrenamiento para esta fase, solo TensorBoard."
STH-WP,Fase 4v2,123,Combinacion de aproximacion y salida,pruebas/run002_s123_stage3v2_final.zip,pruebas/run002_s123_stage4v2_final.zip,4000000,12507136,/Users/adrigarcia/tfm-robots-rl/simulacion/controllers/rl_train_STHWP/tensorboard_logs/stage4v2_run002_s123_0,1,no disponible,stats/tasa_exito_%; stats/tasa_colision_%; stats/tasa_truncado_%; stats/tasa_estanteria_%; rollout/ep_rew_mean; rollout/ep_len_mean; train/value_loss; train/policy_gradient_loss; train/entropy_loss; train/approx_kl; train/clip_fraction; train/explained_variance; train/learning_rate,sin CSV,"No existe CSV de entrenamiento para esta fase, solo TensorBoard."
STH-WP,Fase 4v2,524,Combinacion de aproximacion y salida,pruebas/run002_s524_stage3v2_final.zip,pruebas/run002_s524_stage4v2_final.zip,4000000,12507136,/Users/adrigarcia/tfm-robots-rl/simulacion/controllers/rl_train_STHWP/tensorboard_logs/stage4v2_run002_s524_0,1,no disponible,stats/tasa_exito_%; stats/tasa_colision_%; stats/tasa_truncado_%; stats/tasa_estanteria_%; rollout/ep_rew_mean; rollout/ep_len_mean; train/value_loss; train/policy_gradient_loss; train/entropy_loss; train/approx_kl; train/clip_fraction; train/explained_variance; train/learning_rate,sin CSV,"No existe CSV de entrenamiento para esta fase, solo TensorBoard."
STH-WP,Fase 5,42,Retorno a la base (rama de retorno puro),pruebas/run002_s42_stage4v2_final.zip,pruebas/run002_s42_stage5_final.zip,2000000,14508032,/Users/adrigarcia/tfm-robots-rl/simulacion/controllers/rl_train_STHWP/tensorboard_logs/stage5_run002_s42_0,1,/Users/adrigarcia/tfm-robots-rl/simulacion/controllers/rl_train_STHWP/stats_run002_s42_stage5.csv,stats/tasa_exito_%; stats/tasa_colision_%; stats/tasa_truncado_%; stats/tasa_estanteria_%; rollout/ep_rew_mean; rollout/ep_len_mean; train/value_loss; train/policy_gradient_loss; train/entropy_loss; train/approx_kl; train/clip_fraction; train/explained_variance; train/learning_rate,completo,"Parte directamente de Fase 4v2. NO continua hacia Fase 6: son ramas paralelas independientes, verificado en train_stage6_s*.py."
STH-WP,Fase 5,123,Retorno a la base (rama de retorno puro),pruebas/run002_s123_stage4v2_final.zip,pruebas/run002_s123_stage5_final.zip,2000000,14508032,/Users/adrigarcia/tfm-robots-rl/simulacion/controllers/rl_train_STHWP/tensorboard_logs/stage5_run002_s123_0,2,/Users/adrigarcia/tfm-robots-rl/simulacion/controllers/rl_train_STHWP/stats_run002_s123_stage5.csv,stats/tasa_exito_%; stats/tasa_colision_%; stats/tasa_truncado_%; stats/tasa_estanteria_%; rollout/ep_rew_mean; rollout/ep_len_mean; train/value_loss; train/policy_gradient_loss; train/entropy_loss; train/approx_kl; train/clip_fraction; train/explained_variance; train/learning_rate,completo,"Parte directamente de Fase 4v2. NO continua hacia Fase 6: son ramas paralelas independientes, verificado en train_stage6_s*.py."
STH-WP,Fase 5,524,Retorno a la base (rama de retorno puro),pruebas/run002_s524_stage4v2_final.zip,pruebas/run002_s524_stage5_final.zip,2000000,14508032,/Users/adrigarcia/tfm-robots-rl/simulacion/controllers/rl_train_STHWP/tensorboard_logs/stage5_run002_s524_0,1,/Users/adrigarcia/tfm-robots-rl/simulacion/controllers/rl_train_STHWP/stats_run002_s524_stage5.csv,stats/tasa_exito_%; stats/tasa_colision_%; stats/tasa_truncado_%; stats/tasa_estanteria_%; rollout/ep_rew_mean; rollout/ep_len_mean; train/value_loss; train/policy_gradient_loss; train/entropy_loss; train/approx_kl; train/clip_fraction; train/explained_variance; train/learning_rate,completo,"Parte directamente de Fase 4v2. NO continua hacia Fase 6: son ramas paralelas independientes, verificado en train_stage6_s*.py."
STH-WP,Fase 6,42,"Ciclo completo (aproximacion + salida + retorno, entrenamiento end-to-end)",pruebas/run002_s42_stage4v2_final.zip,pruebas/run003_s42_stage6_final.zip,1000000,13508608,/Users/adrigarcia/tfm-robots-rl/simulacion/controllers/rl_train_STHWP/tensorboard_logs/stage6_run003_s42_0,1,/Users/adrigarcia/tfm-robots-rl/simulacion/controllers/rl_train_STHWP/stats_run003_s42_stage6.csv,stats/tasa_exito_%; stats/tasa_colision_%; stats/tasa_truncado_%; stats/tasa_estanteria_%; rollout/ep_rew_mean; rollout/ep_len_mean; train/value_loss; train/policy_gradient_loss; train/entropy_loss; train/approx_kl; train/clip_fraction; train/explained_variance; train/learning_rate,completo,"CONFIRMADO: Fase 6 carga el checkpoint de Fase 4v2, NO el de Fase 5. Fases 5 y 6 son ramas paralelas desde un mismo origen comun, no una cadena secuencial 4v2->5->6. Existe un intento previo descartado 'run002_s{42,524}_stage6_final' (docstring desactualizado, ausente para s123) que NO se usa en este cuaderno."
STH-WP,Fase 6,123,"Ciclo completo (aproximacion + salida + retorno, entrenamiento end-to-end)",pruebas/run002_s123_stage4v2_final.zip,pruebas/run003_s123_stage6_final.zip,1000000,13508608,/Users/adrigarcia/tfm-robots-rl/simulacion/controllers/rl_train_STHWP/tensorboard_logs/stage6_run003_s123_0,1,/Users/adrigarcia/tfm-robots-rl/simulacion/controllers/rl_train_STHWP/stats_run003_s123_stage6.csv,stats/tasa_exito_%; stats/tasa_colision_%; stats/tasa_truncado_%; stats/tasa_estanteria_%; rollout/ep_rew_mean; rollout/ep_len_mean; train/value_loss; train/policy_gradient_loss; train/entropy_loss; train/approx_kl; train/clip_fraction; train/explained_variance; train/learning_rate,completo,"CONFIRMADO: Fase 6 carga el checkpoint de Fase 4v2, NO el de Fase 5. Fases 5 y 6 son ramas paralelas desde un mismo origen comun, no una cadena secuencial 4v2->5->6. Existe un intento previo descartado 'run002_s{42,524}_stage6_final' (docstring desactualizado, ausente para s123) que NO se usa en este cuaderno."
STH-WP,Fase 6,524,"Ciclo completo (aproximacion + salida + retorno, entrenamiento end-to-end)",pruebas/run002_s524_stage4v2_final.zip,pruebas/run003_s524_stage6_final.zip,1000000,13508608,/Users/adrigarcia/tfm-robots-rl/simulacion/controllers/rl_train_STHWP/tensorboard_logs/stage6_run003_s524_0,1,/Users/adrigarcia/tfm-robots-rl/simulacion/controllers/rl_train_STHWP/stats_run003_s524_stage6.csv,stats/tasa_exito_%; stats/tasa_colision_%; stats/tasa_truncado_%; stats/tasa_estanteria_%; rollout/ep_rew_mean; rollout/ep_len_mean; train/value_loss; train/policy_gradient_loss; train/entropy_loss; train/approx_kl; train/clip_fraction; train/explained_variance; train/learning_rate,completo,"CONFIRMADO: Fase 6 carga el checkpoint de Fase 4v2, NO el de Fase 5. Fases 5 y 6 son ramas paralelas desde un mismo origen comun, no una cadena secuencial 4v2->5->6. Existe un intento previo descartado 'run002_s{42,524}_stage6_final' (docstring desactualizado, ausente para s123) que NO se usa en este cuaderno."
STH-WP,E2.1,42,Comportamiento con peaton mediante observaciones LIDAR realistas,pruebas/run003_s42_stage6_final.zip,pruebas/sthwp_e2_1_s42_final.zip,6000000,6000640,/Users/adrigarcia/tfm-robots-rl/simulacion/controllers/rl_train_STHWP/tensorboard_logs/sthwp_e2_1_s42_1,1,/Users/adrigarcia/tfm-robots-rl/simulacion/controllers/rl_train_STHWP/stats_sthwp_e2_1_s42_stage6.csv,stats/tasa_exito_%; stats/tasa_colision_%; stats/tasa_truncado_%; stats/tasa_estanteria_%; rollout/ep_rew_mean; rollout/ep_len_mean; train/value_loss; train/policy_gradient_loss; train/entropy_loss; train/approx_kl; train/clip_fraction; train/explained_variance; train/learning_rate,completo,"Observacion de 40 dimensiones (36 LIDAR + 4 estado), LIDAR ampliado a 5.0 m, sin posicion/velocidad de peaton en la observacion de la politica, objetivos dificiles (goal_14..goal_28) ponderados 3x. MATIZ METODOLOGICO: la recompensa usa internamente la posicion del peaton via supervisor aunque la politica no la observe."
STH-WP,E2.1,123,Comportamiento con peaton mediante observaciones LIDAR realistas,pruebas/run003_s123_stage6_final.zip,pruebas/sthwp_e2_1_s123_final.zip,6000000,6000640,/Users/adrigarcia/tfm-robots-rl/simulacion/controllers/rl_train_STHWP/tensorboard_logs/sthwp_e2_1_s123_1,1,/Users/adrigarcia/tfm-robots-rl/simulacion/controllers/rl_train_STHWP/stats_sthwp_e2_1_s123_stage6.csv,stats/tasa_exito_%; stats/tasa_colision_%; stats/tasa_truncado_%; stats/tasa_estanteria_%; rollout/ep_rew_mean; rollout/ep_len_mean; train/value_loss; train/policy_gradient_loss; train/entropy_loss; train/approx_kl; train/clip_fraction; train/explained_variance; train/learning_rate,completo,"Observacion de 40 dimensiones (36 LIDAR + 4 estado), LIDAR ampliado a 5.0 m, sin posicion/velocidad de peaton en la observacion de la politica, objetivos dificiles (goal_14..goal_28) ponderados 3x. MATIZ METODOLOGICO: la recompensa usa internamente la posicion del peaton via supervisor aunque la politica no la observe."
STH-WP,E2.1,524,Comportamiento con peaton mediante observaciones LIDAR realistas,pruebas/run003_s524_stage6_final.zip,pruebas/sthwp_e2_1_s524_final.zip,6000000,6000640,/Users/adrigarcia/tfm-robots-rl/simulacion/controllers/rl_train_STHWP/tensorboard_logs/sthwp_e2_1_s524_1,1,/Users/adrigarcia/tfm-robots-rl/simulacion/controllers/rl_train_STHWP/stats_sthwp_e2_1_s524_stage6.csv,stats/tasa_exito_%; stats/tasa_colision_%; stats/tasa_truncado_%; stats/tasa_estanteria_%; rollout/ep_rew_mean; rollout/ep_len_mean; train/value_loss; train/policy_gradient_loss; train/entropy_loss; train/approx_kl; train/clip_fraction; train/explained_variance; train/learning_rate,completo,"Observacion de 40 dimensiones (36 LIDAR + 4 estado), LIDAR ampliado a 5.0 m, sin posicion/velocidad de peaton en la observacion de la politica, objetivos dificiles (goal_14..goal_28) ponderados 3x. MATIZ METODOLOGICO: la recompensa usa internamente la posicion del peaton via supervisor aunque la politica no la observe."
STH-WP,E2.2,42,Replanning dinamico basado en LIDAR (umbral 1.5-4.5 m),pruebas/sthwp_e2_1_s42_final.zip,pruebas/sthwp_e2_2_s42_final.zip,6000000,6000640,/Users/adrigarcia/tfm-robots-rl/simulacion/controllers/rl_train_STHWP/tensorboard_logs/sthwp_e2_2_s42_1,1,/Users/adrigarcia/tfm-robots-rl/simulacion/controllers/rl_train_STHWP/stats_sthwp_e2_2_s42_stage6.csv,stats/tasa_exito_%; stats/tasa_colision_%; stats/tasa_truncado_%; stats/tasa_estanteria_%; rollout/ep_rew_mean; rollout/ep_len_mean; train/value_loss; train/policy_gradient_loss; train/entropy_loss; train/approx_kl; train/clip_fraction; train/explained_variance; train/learning_rate,completo,"Parte de E2.1. Filtro de deteccion dinamica LIDAR en [1.5, 4.5] m. No se presupone mejora sobre E2.1."
STH-WP,E2.2,123,Replanning dinamico basado en LIDAR (umbral 1.5-4.5 m),pruebas/sthwp_e2_1_s123_final.zip,pruebas/sthwp_e2_2_s123_final.zip,6000000,6000640,/Users/adrigarcia/tfm-robots-rl/simulacion/controllers/rl_train_STHWP/tensorboard_logs/sthwp_e2_2_s123_1,1,/Users/adrigarcia/tfm-robots-rl/simulacion/controllers/rl_train_STHWP/stats_sthwp_e2_2_s123_stage6.csv,stats/tasa_exito_%; stats/tasa_colision_%; stats/tasa_truncado_%; stats/tasa_estanteria_%; rollout/ep_rew_mean; rollout/ep_len_mean; train/value_loss; train/policy_gradient_loss; train/entropy_loss; train/approx_kl; train/clip_fraction; train/explained_variance; train/learning_rate,completo,"Parte de E2.1. Filtro de deteccion dinamica LIDAR en [1.5, 4.5] m. No se presupone mejora sobre E2.1."
STH-WP,E2.2,524,Replanning dinamico basado en LIDAR (umbral 1.5-4.5 m),pruebas/sthwp_e2_1_s524_final.zip,pruebas/sthwp_e2_2_s524_final.zip,6000000,6000640,/Users/adrigarcia/tfm-robots-rl/simulacion/controllers/rl_train_STHWP/tensorboard_logs/sthwp_e2_2_s524_1,1,/Users/adrigarcia/tfm-robots-rl/simulacion/controllers/rl_train_STHWP/stats_sthwp_e2_2_s524_stage6.csv,stats/tasa_exito_%; stats/tasa_colision_%; stats/tasa_truncado_%; stats/tasa_estanteria_%; rollout/ep_rew_mean; rollout/ep_len_mean; train/value_loss; train/policy_gradient_loss; train/entropy_loss; train/approx_kl; train/clip_fraction; train/explained_variance; train/learning_rate,completo,"Parte de E2.1. Filtro de deteccion dinamica LIDAR en [1.5, 4.5] m. No se presupone mejora sobre E2.1."
STH-WP,E2.2b,42,Replanning dinamico basado en LIDAR (umbral corregido 2.5-4.5 m),pruebas/sthwp_e2_1_s42_final.zip,pruebas/sthwp_e2_2b_s42_final.zip,6000000,6000640,/Users/adrigarcia/tfm-robots-rl/simulacion/controllers/rl_train_STHWP/tensorboard_logs/sthwp_e2_2b_s42_1,1,/Users/adrigarcia/tfm-robots-rl/simulacion/controllers/rl_train_STHWP/stats_sthwp_e2_2b_s42_stage6.csv,stats/tasa_exito_%; stats/tasa_colision_%; stats/tasa_truncado_%; stats/tasa_estanteria_%; rollout/ep_rew_mean; rollout/ep_len_mean; train/value_loss; train/policy_gradient_loss; train/entropy_loss; train/approx_kl; train/clip_fraction; train/explained_variance; train/learning_rate,completo,Parte DIRECTAMENTE de E2.1 (no de E2.2). Umbral minimo de deteccion elevado de 1.5 a 2.5 m para reducir falsos positivos en pasillos estrechos (~2 m de ancho). No se presupone superioridad sobre E2.1.
STH-WP,E2.2b,123,Replanning dinamico basado en LIDAR (umbral corregido 2.5-4.5 m),pruebas/sthwp_e2_1_s123_final.zip,pruebas/sthwp_e2_2b_s123_final.zip,6000000,6000640,/Users/adrigarcia/tfm-robots-rl/simulacion/controllers/rl_train_STHWP/tensorboard_logs/sthwp_e2_2b_s123_1,1,/Users/adrigarcia/tfm-robots-rl/simulacion/controllers/rl_train_STHWP/stats_sthwp_e2_2b_s123_stage6.csv,stats/tasa_exito_%; stats/tasa_colision_%; stats/tasa_truncado_%; stats/tasa_estanteria_%; rollout/ep_rew_mean; rollout/ep_len_mean; train/value_loss; train/policy_gradient_loss; train/entropy_loss; train/approx_kl; train/clip_fraction; train/explained_variance; train/learning_rate,completo,Parte DIRECTAMENTE de E2.1 (no de E2.2). Umbral minimo de deteccion elevado de 1.5 a 2.5 m para reducir falsos positivos en pasillos estrechos (~2 m de ancho). No se presupone superioridad sobre E2.1.
STH-WP,E2.2b,524,Replanning dinamico basado en LIDAR (umbral corregido 2.5-4.5 m),pruebas/sthwp_e2_1_s524_final.zip,pruebas/sthwp_e2_2b_s524_final.zip,6000000,6000640,/Users/adrigarcia/tfm-robots-rl/simulacion/controllers/rl_train_STHWP/tensorboard_logs/sthwp_e2_2b_s524_1,1,/Users/adrigarcia/tfm-robots-rl/simulacion/controllers/rl_train_STHWP/stats_sthwp_e2_2b_s524_stage6.csv,stats/tasa_exito_%; stats/tasa_colision_%; stats/tasa_truncado_%; stats/tasa_estanteria_%; rollout/ep_rew_mean; rollout/ep_len_mean; train/value_loss; train/policy_gradient_loss; train/entropy_loss; train/approx_kl; train/clip_fraction; train/explained_variance; train/learning_rate,completo,Parte DIRECTAMENTE de E2.1 (no de E2.2). Umbral minimo de deteccion elevado de 1.5 a 2.5 m para reducir falsos positivos en pasillos estrechos (~2 m de ancho). No se presupone superioridad sobre E2.1.
SUB-WP,Fase 1,42,Aproximacion inicial a una ubicacion,desde cero,pruebas/subwp_s42_stage1_final.zip,500000,501760,/Users/adrigarcia/tfm-robots-rl/simulacion/controllers/rl_train_SUB_WP_continuo/tensorboard_logs/stage1_subwp_s42_1,1,/Users/adrigarcia/tfm-robots-rl/simulacion/controllers/rl_train_SUB_WP_continuo/stats_subwp_s42_stage1.csv,stats/tasa_exito_%; stats/tasa_colision_%; stats/tasa_truncado_%; stats/tasa_estanteria_%; rollout/ep_rew_mean; rollout/ep_len_mean; train/value_loss; train/policy_gradient_loss; train/entropy_loss; train/approx_kl; train/clip_fraction; train/explained_variance; train/learning_rate,completo,"Para s524 existe tambien 'stage1_subwp_s524_2' (ejecucion independiente duplicada, no una continuacion)."
SUB-WP,Fase 1,123,Aproximacion inicial a una ubicacion,desde cero,pruebas/subwp_s123_stage1_final.zip,500000,501760,/Users/adrigarcia/tfm-robots-rl/simulacion/controllers/rl_train_SUB_WP_continuo/tensorboard_logs/stage1_subwp_s123_1,1,/Users/adrigarcia/tfm-robots-rl/simulacion/controllers/rl_train_SUB_WP_continuo/stats_subwp_s123_stage1.csv,stats/tasa_exito_%; stats/tasa_colision_%; stats/tasa_truncado_%; stats/tasa_estanteria_%; rollout/ep_rew_mean; rollout/ep_len_mean; train/value_loss; train/policy_gradient_loss; train/entropy_loss; train/approx_kl; train/clip_fraction; train/explained_variance; train/learning_rate,completo,"Para s524 existe tambien 'stage1_subwp_s524_2' (ejecucion independiente duplicada, no una continuacion)."
SUB-WP,Fase 1,524,Aproximacion inicial a una ubicacion,desde cero,pruebas/subwp_s524_stage1_final.zip,500000,501760,/Users/adrigarcia/tfm-robots-rl/simulacion/controllers/rl_train_SUB_WP_continuo/tensorboard_logs/stage1_subwp_s524_1,1,/Users/adrigarcia/tfm-robots-rl/simulacion/controllers/rl_train_SUB_WP_continuo/stats_subwp_s524_stage1.csv,stats/tasa_exito_%; stats/tasa_colision_%; stats/tasa_truncado_%; stats/tasa_estanteria_%; rollout/ep_rew_mean; rollout/ep_len_mean; train/value_loss; train/policy_gradient_loss; train/entropy_loss; train/approx_kl; train/clip_fraction; train/explained_variance; train/learning_rate,completo,"Para s524 existe tambien 'stage1_subwp_s524_2' (ejecucion independiente duplicada, no una continuacion)."
SUB-WP,Fase 2,42,Aproximacion generalizada a las 28 ubicaciones,pruebas/subwp_s42_stage1_final.zip,pruebas/subwp_s42_stage2_final.zip,4000000,4503552,/Users/adrigarcia/tfm-robots-rl/simulacion/controllers/rl_train_SUB_WP_continuo/tensorboard_logs/stage2_subwp_s42_0,1,/Users/adrigarcia/tfm-robots-rl/simulacion/controllers/rl_train_SUB_WP_continuo/stats_subwp_s42_stage2.csv,stats/tasa_exito_%; stats/tasa_colision_%; stats/tasa_truncado_%; stats/tasa_estanteria_%; rollout/ep_rew_mean; rollout/ep_len_mean; train/value_loss; train/policy_gradient_loss; train/entropy_loss; train/approx_kl; train/clip_fraction; train/explained_variance; train/learning_rate,completo,
SUB-WP,Fase 2,123,Aproximacion generalizada a las 28 ubicaciones,pruebas/subwp_s123_stage1_final.zip,pruebas/subwp_s123_stage2_final.zip,4000000,4503552,/Users/adrigarcia/tfm-robots-rl/simulacion/controllers/rl_train_SUB_WP_continuo/tensorboard_logs/stage2_subwp_s123_0,1,/Users/adrigarcia/tfm-robots-rl/simulacion/controllers/rl_train_SUB_WP_continuo/stats_subwp_s123_stage2.csv,stats/tasa_exito_%; stats/tasa_colision_%; stats/tasa_truncado_%; stats/tasa_estanteria_%; rollout/ep_rew_mean; rollout/ep_len_mean; train/value_loss; train/policy_gradient_loss; train/entropy_loss; train/approx_kl; train/clip_fraction; train/explained_variance; train/learning_rate,completo,
SUB-WP,Fase 2,524,Aproximacion generalizada a las 28 ubicaciones,pruebas/subwp_s524_stage1_final.zip,pruebas/subwp_s524_stage2_final.zip,4000000,4503552,/Users/adrigarcia/tfm-robots-rl/simulacion/controllers/rl_train_SUB_WP_continuo/tensorboard_logs/stage2_subwp_s524_0,1,/Users/adrigarcia/tfm-robots-rl/simulacion/controllers/rl_train_SUB_WP_continuo/stats_subwp_s524_stage2.csv,stats/tasa_exito_%; stats/tasa_colision_%; stats/tasa_truncado_%; stats/tasa_estanteria_%; rollout/ep_rew_mean; rollout/ep_len_mean; train/value_loss; train/policy_gradient_loss; train/entropy_loss; train/approx_kl; train/clip_fraction; train/explained_variance; train/learning_rate,completo,
SUB-WP,Fase 3 r2,42,Salida desde la estanteria (correccion r2 de la zona de descarga),pruebas/subwp_s42_stage2_final.zip,pruebas/subwp_s42_wp75_r2_stage3_final.zip,4000000,8505344,/Users/adrigarcia/tfm-robots-rl/simulacion/controllers/rl_train_SUB_WP_continuo/tensorboard_logs/stage3_r2_subwp_s42_wp75_noped_0,1,/Users/adrigarcia/tfm-robots-rl/simulacion/controllers/rl_train_SUB_WP_continuo/stats_subwp_s42_r2_stage3.csv,stats/tasa_exito_%; stats/tasa_colision_%; stats/tasa_truncado_%; stats/tasa_estanteria_%; rollout/ep_rew_mean; rollout/ep_len_mean; train/value_loss; train/policy_gradient_loss; train/entropy_loss; train/approx_kl; train/clip_fraction; train/explained_variance; train/learning_rate,completo,"La correccion r2 resuelve un error en la zona de descarga (dropoff) que invalidaba las fases de salida y retorno anteriores (documentado explicitamente en el docstring del script). Se excluyen las versiones sin r2. Para s42 existe tambien 'stage3_r2_subwp_s42_wp75_0' (sin sufijo noped), un intento mas corto (~4.6M pasos acumulados) que no llega al mismo punto que la version 'noped' (~8.5M acumulados, coherente con las otras semillas); se usa la version 'noped' como canonica."
SUB-WP,Fase 3 r2,123,Salida desde la estanteria (correccion r2 de la zona de descarga),pruebas/subwp_s123_stage2_final.zip,pruebas/subwp_s123_wp75_r2_stage3_final.zip,4000000,8505344,/Users/adrigarcia/tfm-robots-rl/simulacion/controllers/rl_train_SUB_WP_continuo/tensorboard_logs/stage3_r2_subwp_s123_wp75_noped_0,1,/Users/adrigarcia/tfm-robots-rl/simulacion/controllers/rl_train_SUB_WP_continuo/stats_subwp_s123_r2_stage3.csv,stats/tasa_exito_%; stats/tasa_colision_%; stats/tasa_truncado_%; stats/tasa_estanteria_%; rollout/ep_rew_mean; rollout/ep_len_mean; train/value_loss; train/policy_gradient_loss; train/entropy_loss; train/approx_kl; train/clip_fraction; train/explained_variance; train/learning_rate,completo,"La correccion r2 resuelve un error en la zona de descarga (dropoff) que invalidaba las fases de salida y retorno anteriores (documentado explicitamente en el docstring del script). Se excluyen las versiones sin r2. Para s42 existe tambien 'stage3_r2_subwp_s42_wp75_0' (sin sufijo noped), un intento mas corto (~4.6M pasos acumulados) que no llega al mismo punto que la version 'noped' (~8.5M acumulados, coherente con las otras semillas); se usa la version 'noped' como canonica."
SUB-WP,Fase 3 r2,524,Salida desde la estanteria (correccion r2 de la zona de descarga),pruebas/subwp_s524_stage2_final.zip,pruebas/subwp_s524_wp75_r2_stage3_final.zip,4000000,8505344,/Users/adrigarcia/tfm-robots-rl/simulacion/controllers/rl_train_SUB_WP_continuo/tensorboard_logs/stage3_r2_subwp_s524_wp75_noped_0,1,/Users/adrigarcia/tfm-robots-rl/simulacion/controllers/rl_train_SUB_WP_continuo/stats_subwp_s524_r2_stage3.csv,stats/tasa_exito_%; stats/tasa_colision_%; stats/tasa_truncado_%; stats/tasa_estanteria_%; rollout/ep_rew_mean; rollout/ep_len_mean; train/value_loss; train/policy_gradient_loss; train/entropy_loss; train/approx_kl; train/clip_fraction; train/explained_variance; train/learning_rate,completo,"La correccion r2 resuelve un error en la zona de descarga (dropoff) que invalidaba las fases de salida y retorno anteriores (documentado explicitamente en el docstring del script). Se excluyen las versiones sin r2. Para s42 existe tambien 'stage3_r2_subwp_s42_wp75_0' (sin sufijo noped), un intento mas corto (~4.6M pasos acumulados) que no llega al mismo punto que la version 'noped' (~8.5M acumulados, coherente con las otras semillas); se usa la version 'noped' como canonica."
SUB-WP,Fase 4 r2,42,Ciclo aproximacion + salida (70/30),pruebas/subwp_s42_wp75_r2_stage3_final.zip,pruebas/subwp_s42_wp75_r2_stage4_final.zip,4000000,12507136,/Users/adrigarcia/tfm-robots-rl/simulacion/controllers/rl_train_SUB_WP_continuo/tensorboard_logs/stage4_r2_subwp_s42_wp75_noped_0,1,/Users/adrigarcia/tfm-robots-rl/simulacion/controllers/rl_train_SUB_WP_continuo/stats_subwp_s42_r2_stage4.csv,stats/tasa_exito_%; stats/tasa_colision_%; stats/tasa_truncado_%; stats/tasa_estanteria_%; rollout/ep_rew_mean; rollout/ep_len_mean; train/value_loss; train/policy_gradient_loss; train/entropy_loss; train/approx_kl; train/clip_fraction; train/explained_variance; train/learning_rate,completo,
SUB-WP,Fase 4 r2,123,Ciclo aproximacion + salida (70/30),pruebas/subwp_s123_wp75_r2_stage3_final.zip,pruebas/subwp_s123_wp75_r2_stage4_final.zip,4000000,12507136,/Users/adrigarcia/tfm-robots-rl/simulacion/controllers/rl_train_SUB_WP_continuo/tensorboard_logs/stage4_r2_subwp_s123_wp75_noped_0,1,/Users/adrigarcia/tfm-robots-rl/simulacion/controllers/rl_train_SUB_WP_continuo/stats_subwp_s123_r2_stage4.csv,stats/tasa_exito_%; stats/tasa_colision_%; stats/tasa_truncado_%; stats/tasa_estanteria_%; rollout/ep_rew_mean; rollout/ep_len_mean; train/value_loss; train/policy_gradient_loss; train/entropy_loss; train/approx_kl; train/clip_fraction; train/explained_variance; train/learning_rate,completo,
SUB-WP,Fase 4 r2,524,Ciclo aproximacion + salida (70/30),pruebas/subwp_s524_wp75_r2_stage3_final.zip,pruebas/subwp_s524_wp75_r2_stage4_final.zip,4000000,12507136,/Users/adrigarcia/tfm-robots-rl/simulacion/controllers/rl_train_SUB_WP_continuo/tensorboard_logs/stage4_r2_subwp_s524_wp75_noped_0,1,/Users/adrigarcia/tfm-robots-rl/simulacion/controllers/rl_train_SUB_WP_continuo/stats_subwp_s524_r2_stage4.csv,stats/tasa_exito_%; stats/tasa_colision_%; stats/tasa_truncado_%; stats/tasa_estanteria_%; rollout/ep_rew_mean; rollout/ep_len_mean; train/value_loss; train/policy_gradient_loss; train/entropy_loss; train/approx_kl; train/clip_fraction; train/explained_variance; train/learning_rate,completo,
SUB-WP,Fase 5 r2,42,Retorno a la base (correccion r2),pruebas/subwp_s42_wp75_r2_stage4_final.zip,pruebas/subwp_s42_wp75_r2_stage5_final.zip,2000000,14508032,/Users/adrigarcia/tfm-robots-rl/simulacion/controllers/rl_train_SUB_WP_continuo/tensorboard_logs/stage5_r2_subwp_s42_wp75_noped_0,1,/Users/adrigarcia/tfm-robots-rl/simulacion/controllers/rl_train_SUB_WP_continuo/stats_subwp_s42_r2_stage5.csv,stats/tasa_exito_%; stats/tasa_colision_%; stats/tasa_truncado_%; stats/tasa_estanteria_%; rollout/ep_rew_mean; rollout/ep_len_mean; train/value_loss; train/policy_gradient_loss; train/entropy_loss; train/approx_kl; train/clip_fraction; train/explained_variance; train/learning_rate,completo,
SUB-WP,Fase 5 r2,123,Retorno a la base (correccion r2),pruebas/subwp_s123_wp75_r2_stage4_final.zip,pruebas/subwp_s123_wp75_r2_stage5_final.zip,2000000,14508032,/Users/adrigarcia/tfm-robots-rl/simulacion/controllers/rl_train_SUB_WP_continuo/tensorboard_logs/stage5_r2_subwp_s123_wp75_noped_0,1,/Users/adrigarcia/tfm-robots-rl/simulacion/controllers/rl_train_SUB_WP_continuo/stats_subwp_s123_r2_stage5.csv,stats/tasa_exito_%; stats/tasa_colision_%; stats/tasa_truncado_%; stats/tasa_estanteria_%; rollout/ep_rew_mean; rollout/ep_len_mean; train/value_loss; train/policy_gradient_loss; train/entropy_loss; train/approx_kl; train/clip_fraction; train/explained_variance; train/learning_rate,completo,
SUB-WP,Fase 5 r2,524,Retorno a la base (correccion r2),pruebas/subwp_s524_wp75_r2_stage4_final.zip,pruebas/subwp_s524_wp75_r2_stage5_final.zip,2000000,14508032,/Users/adrigarcia/tfm-robots-rl/simulacion/controllers/rl_train_SUB_WP_continuo/tensorboard_logs/stage5_r2_subwp_s524_wp75_noped_0,1,/Users/adrigarcia/tfm-robots-rl/simulacion/controllers/rl_train_SUB_WP_continuo/stats_subwp_s524_r2_stage5.csv,stats/tasa_exito_%; stats/tasa_colision_%; stats/tasa_truncado_%; stats/tasa_estanteria_%; rollout/ep_rew_mean; rollout/ep_len_mean; train/value_loss; train/policy_gradient_loss; train/entropy_loss; train/approx_kl; train/clip_fraction; train/explained_variance; train/learning_rate,completo,
SUB-WP,E2.0,42,Ciclo completo sin observacion de peaton (equivalente a Fase 6 de STH-WP),pruebas/subwp_s42_wp75_r2_stage5_final.zip,pruebas/subwp_e2_0_s42_final.zip,2000000,2000896,/Users/adrigarcia/tfm-robots-rl/simulacion/controllers/rl_train_SUB_WP_continuo/tensorboard_logs/subwp_e2_0_s42_1,1,/Users/adrigarcia/tfm-robots-rl/simulacion/controllers/rl_train_SUB_WP_continuo/stats_subwp_e2_0_s42_stage6.csv,stats/tasa_exito_%; stats/tasa_colision_%; stats/tasa_truncado_%; stats/tasa_estanteria_%; rollout/ep_rew_mean; rollout/ep_len_mean; train/value_loss; train/policy_gradient_loss; train/entropy_loss; train/approx_kl; train/clip_fraction; train/explained_variance; train/learning_rate,completo,"ASIMETRIA ENTRE SEMILLAS CONFIRMADA: para s42/s524, E2.0 parte de Fase 5 r2 (verificado). Para s123, el script original 'subwp_e2_0_s123.py' (que si parte de Fase 5 r2) fracaso por olvido catastrofico del approach durante el entrenamiento de Fase 5 (return-only): produjo timeout permanente (ep_len=6000) desde el primer batch. Se sustituyo por 'subwp_e2_0b_s123.py', que carga en su lugar el checkpoint de Fase 4 r2 (no Fase 5 r2) y sobrescribe el mismo archivo de salida 'subwp_e2_0_s123_final.zip'. La cadena real para s123 es, por tanto, Fase4r2 -> E2.0(b) -> E2.1, distinta de Fase5r2 -> E2.0 -> E2.1 en s42/s524. El intento fallido original se conserva en TensorBoard/CSV bajo 'subwp_e2_0_s123_*' y se muestra en este cuaderno como caso de estudio, pero no forma parte de la cadena valida."
SUB-WP,E2.0,123,Ciclo completo sin observacion de peaton (equivalente a Fase 6 de STH-WP),"pruebas/subwp_s123_wp75_r2_stage4_final.zip (via e2_0b, ver nota)",pruebas/subwp_e2_0_s123_final.zip,2000000,2000896,/Users/adrigarcia/tfm-robots-rl/simulacion/controllers/rl_train_SUB_WP_continuo/tensorboard_logs/subwp_e2_0b_s123_1,1,/Users/adrigarcia/tfm-robots-rl/simulacion/controllers/rl_train_SUB_WP_continuo/stats_subwp_e2_0b_s123_stage6.csv,stats/tasa_exito_%; stats/tasa_colision_%; stats/tasa_truncado_%; stats/tasa_estanteria_%; rollout/ep_rew_mean; rollout/ep_len_mean; train/value_loss; train/policy_gradient_loss; train/entropy_loss; train/approx_kl; train/clip_fraction; train/explained_variance; train/learning_rate,completo,"ASIMETRIA ENTRE SEMILLAS CONFIRMADA: para s42/s524, E2.0 parte de Fase 5 r2 (verificado). Para s123, el script original 'subwp_e2_0_s123.py' (que si parte de Fase 5 r2) fracaso por olvido catastrofico del approach durante el entrenamiento de Fase 5 (return-only): produjo timeout permanente (ep_len=6000) desde el primer batch. Se sustituyo por 'subwp_e2_0b_s123.py', que carga en su lugar el checkpoint de Fase 4 r2 (no Fase 5 r2) y sobrescribe el mismo archivo de salida 'subwp_e2_0_s123_final.zip'. La cadena real para s123 es, por tanto, Fase4r2 -> E2.0(b) -> E2.1, distinta de Fase5r2 -> E2.0 -> E2.1 en s42/s524. El intento fallido original se conserva en TensorBoard/CSV bajo 'subwp_e2_0_s123_*' y se muestra en este cuaderno como caso de estudio, pero no forma parte de la cadena valida."
SUB-WP,E2.0,524,Ciclo completo sin observacion de peaton (equivalente a Fase 6 de STH-WP),pruebas/subwp_s524_wp75_r2_stage5_final.zip,pruebas/subwp_e2_0_s524_final.zip,2000000,2000896,/Users/adrigarcia/tfm-robots-rl/simulacion/controllers/rl_train_SUB_WP_continuo/tensorboard_logs/subwp_e2_0_s524_1,1,/Users/adrigarcia/tfm-robots-rl/simulacion/controllers/rl_train_SUB_WP_continuo/stats_subwp_e2_0_s524_stage6.csv,stats/tasa_exito_%; stats/tasa_colision_%; stats/tasa_truncado_%; stats/tasa_estanteria_%; rollout/ep_rew_mean; rollout/ep_len_mean; train/value_loss; train/policy_gradient_loss; train/entropy_loss; train/approx_kl; train/clip_fraction; train/explained_variance; train/learning_rate,completo,"ASIMETRIA ENTRE SEMILLAS CONFIRMADA: para s42/s524, E2.0 parte de Fase 5 r2 (verificado). Para s123, el script original 'subwp_e2_0_s123.py' (que si parte de Fase 5 r2) fracaso por olvido catastrofico del approach durante el entrenamiento de Fase 5 (return-only): produjo timeout permanente (ep_len=6000) desde el primer batch. Se sustituyo por 'subwp_e2_0b_s123.py', que carga en su lugar el checkpoint de Fase 4 r2 (no Fase 5 r2) y sobrescribe el mismo archivo de salida 'subwp_e2_0_s123_final.zip'. La cadena real para s123 es, por tanto, Fase4r2 -> E2.0(b) -> E2.1, distinta de Fase5r2 -> E2.0 -> E2.1 en s42/s524. El intento fallido original se conserva en TensorBoard/CSV bajo 'subwp_e2_0_s123_*' y se muestra en este cuaderno como caso de estudio, pero no forma parte de la cadena valida."
SUB-WP,E2.1,42,Comportamiento con peaton mediante observaciones LIDAR realistas,pruebas/subwp_e2_0_s42_final.zip,pruebas/subwp_e2_1_s42_final.zip,6000000,6000640,/Users/adrigarcia/tfm-robots-rl/simulacion/controllers/rl_train_SUB_WP_continuo/tensorboard_logs/subwp_e2_1_s42_1,1,/Users/adrigarcia/tfm-robots-rl/simulacion/controllers/rl_train_SUB_WP_continuo/stats_subwp_e2_1_s42_stage6.csv,stats/tasa_exito_%; stats/tasa_colision_%; stats/tasa_truncado_%; stats/tasa_estanteria_%; rollout/ep_rew_mean; rollout/ep_len_mean; train/value_loss; train/policy_gradient_loss; train/entropy_loss; train/approx_kl; train/clip_fraction; train/explained_variance; train/learning_rate,completo,"Observacion de 40 dimensiones (36 LIDAR + 4 estado; el comentario del constructor de WebotsEnv que sugiere +8 dims de peaton es codigo muerto/desactualizado, no se aplica realmente), LIDAR a 5.0 m, sin posicion/velocidad de peaton en la observacion de la politica, objetivos dificiles ponderados 3x. MATIZ METODOLOGICO: la recompensa usa la posicion exacta del peaton via supervisor para penalizacion de proximidad y bonus de espera en el cono de salida, aunque la politica nunca la observa directamente. Para s123 existen dos carpetas TensorBoard (_1 y _2); se usa _2 por ser la que registra el rango de pasos completo hasta 6M (verificado programaticamente mas abajo, no solo por tamaño de archivo)."
SUB-WP,E2.1,123,Comportamiento con peaton mediante observaciones LIDAR realistas,pruebas/subwp_e2_0_s123_final.zip,pruebas/subwp_e2_1_s123_final.zip,6000000,6000640,/Users/adrigarcia/tfm-robots-rl/simulacion/controllers/rl_train_SUB_WP_continuo/tensorboard_logs/subwp_e2_1_s123_2,1,/Users/adrigarcia/tfm-robots-rl/simulacion/controllers/rl_train_SUB_WP_continuo/stats_subwp_e2_1_s123_stage6.csv,stats/tasa_exito_%; stats/tasa_colision_%; stats/tasa_truncado_%; stats/tasa_estanteria_%; rollout/ep_rew_mean; rollout/ep_len_mean; train/value_loss; train/policy_gradient_loss; train/entropy_loss; train/approx_kl; train/clip_fraction; train/explained_variance; train/learning_rate,completo,"Observacion de 40 dimensiones (36 LIDAR + 4 estado; el comentario del constructor de WebotsEnv que sugiere +8 dims de peaton es codigo muerto/desactualizado, no se aplica realmente), LIDAR a 5.0 m, sin posicion/velocidad de peaton en la observacion de la politica, objetivos dificiles ponderados 3x. MATIZ METODOLOGICO: la recompensa usa la posicion exacta del peaton via supervisor para penalizacion de proximidad y bonus de espera en el cono de salida, aunque la politica nunca la observa directamente. Para s123 existen dos carpetas TensorBoard (_1 y _2); se usa _2 por ser la que registra el rango de pasos completo hasta 6M (verificado programaticamente mas abajo, no solo por tamaño de archivo)."
SUB-WP,E2.1,524,Comportamiento con peaton mediante observaciones LIDAR realistas,pruebas/subwp_e2_0_s524_final.zip,pruebas/subwp_e2_1_s524_final.zip,6000000,6000640,/Users/adrigarcia/tfm-robots-rl/simulacion/controllers/rl_train_SUB_WP_continuo/tensorboard_logs/subwp_e2_1_s524_1,1,/Users/adrigarcia/tfm-robots-rl/simulacion/controllers/rl_train_SUB_WP_continuo/stats_subwp_e2_1_s524_stage6.csv,stats/tasa_exito_%; stats/tasa_colision_%; stats/tasa_truncado_%; stats/tasa_estanteria_%; rollout/ep_rew_mean; rollout/ep_len_mean; train/value_loss; train/policy_gradient_loss; train/entropy_loss; train/approx_kl; train/clip_fraction; train/explained_variance; train/learning_rate,completo,"Observacion de 40 dimensiones (36 LIDAR + 4 estado; el comentario del constructor de WebotsEnv que sugiere +8 dims de peaton es codigo muerto/desactualizado, no se aplica realmente), LIDAR a 5.0 m, sin posicion/velocidad de peaton en la observacion de la politica, objetivos dificiles ponderados 3x. MATIZ METODOLOGICO: la recompensa usa la posicion exacta del peaton via supervisor para penalizacion de proximidad y bonus de espera en el cono de salida, aunque la politica nunca la observa directamente. Para s123 existen dos carpetas TensorBoard (_1 y _2); se usa _2 por ser la que registra el rango de pasos completo hasta 6M (verificado programaticamente mas abajo, no solo por tamaño de archivo)."
SUB-WP,E2.2,42,Replanning dinamico basado en LIDAR (umbral historico 1.5-4.5 m),pruebas/subwp_e2_1_s42_final.zip,pruebas/subwp_e2_2_s42_final.zip,6000000,6000640,/Users/adrigarcia/tfm-robots-rl/simulacion/controllers/rl_train_SUB_WP_continuo/tensorboard_logs/subwp_e2_2_s42_1,1,/Users/adrigarcia/tfm-robots-rl/simulacion/controllers/rl_train_SUB_WP_continuo/stats_subwp_e2_2_s42_stage6.csv,stats/tasa_exito_%; stats/tasa_colision_%; stats/tasa_truncado_%; stats/tasa_estanteria_%; rollout/ep_rew_mean; rollout/ep_len_mean; train/value_loss; train/policy_gradient_loss; train/entropy_loss; train/approx_kl; train/clip_fraction; train/explained_variance; train/learning_rate,completo,"Parte de E2.1. Filtro LIDAR dinamico historico en [1.5, 4.5] m (la constante compartida en webots_env.py fue modificada in-place tras E2.2b y hoy vale 2.5 m, pero no afecta a los datos ya generados de E2.2). No se presupone mejora sobre E2.1."
SUB-WP,E2.2,123,Replanning dinamico basado en LIDAR (umbral historico 1.5-4.5 m),pruebas/subwp_e2_1_s123_final.zip,pruebas/subwp_e2_2_s123_final.zip,6000000,6000640,/Users/adrigarcia/tfm-robots-rl/simulacion/controllers/rl_train_SUB_WP_continuo/tensorboard_logs/subwp_e2_2_s123_1,1,/Users/adrigarcia/tfm-robots-rl/simulacion/controllers/rl_train_SUB_WP_continuo/stats_subwp_e2_2_s123_stage6.csv,stats/tasa_exito_%; stats/tasa_colision_%; stats/tasa_truncado_%; stats/tasa_estanteria_%; rollout/ep_rew_mean; rollout/ep_len_mean; train/value_loss; train/policy_gradient_loss; train/entropy_loss; train/approx_kl; train/clip_fraction; train/explained_variance; train/learning_rate,completo,"Parte de E2.1. Filtro LIDAR dinamico historico en [1.5, 4.5] m (la constante compartida en webots_env.py fue modificada in-place tras E2.2b y hoy vale 2.5 m, pero no afecta a los datos ya generados de E2.2). No se presupone mejora sobre E2.1."
SUB-WP,E2.2,524,Replanning dinamico basado en LIDAR (umbral historico 1.5-4.5 m),pruebas/subwp_e2_1_s524_final.zip,pruebas/subwp_e2_2_s524_final.zip,6000000,6000640,/Users/adrigarcia/tfm-robots-rl/simulacion/controllers/rl_train_SUB_WP_continuo/tensorboard_logs/subwp_e2_2_s524_1,1,/Users/adrigarcia/tfm-robots-rl/simulacion/controllers/rl_train_SUB_WP_continuo/stats_subwp_e2_2_s524_stage6.csv,stats/tasa_exito_%; stats/tasa_colision_%; stats/tasa_truncado_%; stats/tasa_estanteria_%; rollout/ep_rew_mean; rollout/ep_len_mean; train/value_loss; train/policy_gradient_loss; train/entropy_loss; train/approx_kl; train/clip_fraction; train/explained_variance; train/learning_rate,completo,"Parte de E2.1. Filtro LIDAR dinamico historico en [1.5, 4.5] m (la constante compartida en webots_env.py fue modificada in-place tras E2.2b y hoy vale 2.5 m, pero no afecta a los datos ya generados de E2.2). No se presupone mejora sobre E2.1."
SUB-WP,E2.2b,42,Replanning dinamico basado en LIDAR (umbral corregido 2.5-4.5 m),pruebas/subwp_e2_1_s42_final.zip,pruebas/subwp_e2_2b_s42_final.zip,6000000,6000640,/Users/adrigarcia/tfm-robots-rl/simulacion/controllers/rl_train_SUB_WP_continuo/tensorboard_logs/subwp_e2_2b_s42_1,1,/Users/adrigarcia/tfm-robots-rl/simulacion/controllers/rl_train_SUB_WP_continuo/stats_subwp_e2_2b_s42_stage6.csv,stats/tasa_exito_%; stats/tasa_colision_%; stats/tasa_truncado_%; stats/tasa_estanteria_%; rollout/ep_rew_mean; rollout/ep_len_mean; train/value_loss; train/policy_gradient_loss; train/entropy_loss; train/approx_kl; train/clip_fraction; train/explained_variance; train/learning_rate,completo,"Parte DIRECTAMENTE de E2.1 (no de E2.2), confirmado en el docstring del script ('Base: E2.1, no E2.2 que fallo'). Umbral minimo elevado de 1.5 a 2.5 m. No se presupone superioridad sobre E2.1."
SUB-WP,E2.2b,123,Replanning dinamico basado en LIDAR (umbral corregido 2.5-4.5 m),pruebas/subwp_e2_1_s123_final.zip,pruebas/subwp_e2_2b_s123_final.zip,6000000,6000640,/Users/adrigarcia/tfm-robots-rl/simulacion/controllers/rl_train_SUB_WP_continuo/tensorboard_logs/subwp_e2_2b_s123_1,1,/Users/adrigarcia/tfm-robots-rl/simulacion/controllers/rl_train_SUB_WP_continuo/stats_subwp_e2_2b_s123_stage6.csv,stats/tasa_exito_%; stats/tasa_colision_%; stats/tasa_truncado_%; stats/tasa_estanteria_%; rollout/ep_rew_mean; rollout/ep_len_mean; train/value_loss; train/policy_gradient_loss; train/entropy_loss; train/approx_kl; train/clip_fraction; train/explained_variance; train/learning_rate,completo,"Parte DIRECTAMENTE de E2.1 (no de E2.2), confirmado en el docstring del script ('Base: E2.1, no E2.2 que fallo'). Umbral minimo elevado de 1.5 a 2.5 m. No se presupone superioridad sobre E2.1."
SUB-WP,E2.2b,524,Replanning dinamico basado en LIDAR (umbral corregido 2.5-4.5 m),pruebas/subwp_e2_1_s524_final.zip,pruebas/subwp_e2_2b_s524_final.zip,6000000,6000640,/Users/adrigarcia/tfm-robots-rl/simulacion/controllers/rl_train_SUB_WP_continuo/tensorboard_logs/subwp_e2_2b_s524_1,1,/Users/adrigarcia/tfm-robots-rl/simulacion/controllers/rl_train_SUB_WP_continuo/stats_subwp_e2_2b_s524_stage6.csv,stats/tasa_exito_%; stats/tasa_colision_%; stats/tasa_truncado_%; stats/tasa_estanteria_%; rollout/ep_rew_mean; rollout/ep_len_mean; train/value_loss; train/policy_gradient_loss; train/entropy_loss; train/approx_kl; train/clip_fraction; train/explained_variance; train/learning_rate,completo,"Parte DIRECTAMENTE de E2.1 (no de E2.2), confirmado en el docstring del script ('Base: E2.1, no E2.2 que fallo'). Umbral minimo elevado de 1.5 a 2.5 m. No se presupone superioridad sobre E2.1."
