episodio,goal_id,rep,resultado,pasos,reward,warehouse_id,metodo,seed,peaton
1,goal_001,1,exito,5808,1011.85,02,sthwp,123,1
2,goal_001,2,exito,5771,1019.87,02,sthwp,123,1
3,goal_001,3,exito,5770,977.12,02,sthwp,123,1
4,goal_001,4,exito,5771,1020.57,02,sthwp,123,1
5,goal_001,5,exito,5770,1020.14,02,sthwp,123,1
6,goal_001,6,col_exit,2944,279.21,02,sthwp,123,1
7,goal_001,7,col_exit,3122,250.74,02,sthwp,123,1
8,goal_001,8,col_exit,2985,-53.92,02,sthwp,123,1
9,goal_001,9,exito,5772,1019.82,02,sthwp,123,1
10,goal_001,10,exito,5770,1020.22,02,sthwp,123,1
11,goal_002,1,exito,5750,1003.66,02,sthwp,123,1
12,goal_002,2,col_exit,3045,297.33,02,sthwp,123,1
13,goal_002,3,col_exit,2919,-408.97,02,sthwp,123,1
14,goal_002,4,exito,5753,1015.08,02,sthwp,123,1
15,goal_002,5,exito,5750,1004.27,02,sthwp,123,1
16,goal_002,6,exito,5750,1003.73,02,sthwp,123,1
17,goal_002,7,col_exit,3076,284.65,02,sthwp,123,1
18,goal_002,8,col_exit,2952,-235.13,02,sthwp,123,1
19,goal_002,9,exito,5752,1014.94,02,sthwp,123,1
20,goal_002,10,exito,5751,1004.61,02,sthwp,123,1
21,goal_003,1,exito,5693,1046.79,02,sthwp,123,1
22,goal_003,2,exito,5693,1040.38,02,sthwp,123,1
23,goal_003,3,exito,5693,1050.73,02,sthwp,123,1
24,goal_003,4,exito,5693,1050.73,02,sthwp,123,1
25,goal_003,5,exito,5693,1050.73,02,sthwp,123,1
26,goal_003,6,exito,5693,1050.76,02,sthwp,123,1
27,goal_003,7,exito,5693,1050.78,02,sthwp,123,1
28,goal_003,8,exito,5693,1045.1,02,sthwp,123,1
29,goal_003,9,exito,5693,1034.17,02,sthwp,123,1
30,goal_003,10,exito,5693,1050.8,02,sthwp,123,1
31,goal_004,1,exito,5619,1041.6,02,sthwp,123,1
32,goal_004,2,exito,5618,1041.53,02,sthwp,123,1
33,goal_004,3,exito,5618,1041.46,02,sthwp,123,1
34,goal_004,4,exito,5619,1041.56,02,sthwp,123,1
35,goal_004,5,exito,5618,1041.48,02,sthwp,123,1
36,goal_004,6,exito,5618,1041.53,02,sthwp,123,1
37,goal_004,7,exito,5619,1041.57,02,sthwp,123,1
38,goal_004,8,exito,5619,1035.59,02,sthwp,123,1
39,goal_004,9,exito,5618,1039.18,02,sthwp,123,1
40,goal_004,10,exito,5618,1041.48,02,sthwp,123,1
41,goal_005,1,exito,5593,1039.13,02,sthwp,123,1
42,goal_005,2,exito,5593,1018.47,02,sthwp,123,1
43,goal_005,3,exito,5593,1041.23,02,sthwp,123,1
44,goal_005,4,exito,5593,1041.28,02,sthwp,123,1
45,goal_005,5,exito,5593,1035.14,02,sthwp,123,1
46,goal_005,6,exito,5593,1041.28,02,sthwp,123,1
47,goal_005,7,exito,5593,1041.27,02,sthwp,123,1
48,goal_005,8,exito,5593,1041.2,02,sthwp,123,1
49,goal_005,9,exito,5593,1041.3,02,sthwp,123,1
50,goal_005,10,exito,5593,1041.23,02,sthwp,123,1
51,goal_006,1,exito,5579,1039.34,02,sthwp,123,1
52,goal_006,2,exito,5579,1039.31,02,sthwp,123,1
53,goal_006,3,exito,5579,1039.31,02,sthwp,123,1
54,goal_006,4,exito,5579,1039.33,02,sthwp,123,1
55,goal_006,5,exito,5579,1039.28,02,sthwp,123,1
56,goal_006,6,exito,5578,1039.21,02,sthwp,123,1
57,goal_006,7,exito,5579,1036.76,02,sthwp,123,1
58,goal_006,8,exito,5579,1039.28,02,sthwp,123,1
59,goal_006,9,exito,5578,1039.21,02,sthwp,123,1
60,goal_006,10,exito,5579,1028.88,02,sthwp,123,1
61,goal_007,1,exito,5569,1037.05,02,sthwp,123,1
62,goal_007,2,exito,5569,1037.03,02,sthwp,123,1
63,goal_007,3,exito,5569,1024.28,02,sthwp,123,1
64,goal_007,4,exito,5569,1035.31,02,sthwp,123,1
65,goal_007,5,exito,5569,1037.07,02,sthwp,123,1
66,goal_007,6,exito,5569,1031.63,02,sthwp,123,1
67,goal_007,7,exito,5569,1029.73,02,sthwp,123,1
68,goal_007,8,exito,5569,1037.08,02,sthwp,123,1
69,goal_007,9,exito,5569,1035.61,02,sthwp,123,1
70,goal_007,10,exito,5569,1017.1,02,sthwp,123,1
71,goal_008,1,exito,5566,1037.42,02,sthwp,123,1
72,goal_008,2,exito,5566,1037.43,02,sthwp,123,1
73,goal_008,3,exito,5566,1017.27,02,sthwp,123,1
74,goal_008,4,exito,5566,1037.47,02,sthwp,123,1
75,goal_008,5,exito,5566,1037.42,02,sthwp,123,1
76,goal_008,6,exito,5566,1028.35,02,sthwp,123,1
77,goal_008,7,exito,5566,1037.46,02,sthwp,123,1
78,goal_008,8,exito,5566,1037.43,02,sthwp,123,1
79,goal_008,9,exito,5566,1034.16,02,sthwp,123,1
80,goal_008,10,exito,5566,1037.45,02,sthwp,123,1
81,goal_009,1,exito,5566,1037.42,02,sthwp,123,1
82,goal_009,2,exito,5566,1036.64,02,sthwp,123,1
83,goal_009,3,exito,5566,1037.4,02,sthwp,123,1
84,goal_009,4,exito,5566,1037.45,02,sthwp,123,1
85,goal_009,5,exito,5566,1037.37,02,sthwp,123,1
86,goal_009,6,exito,5566,1037.41,02,sthwp,123,1
87,goal_009,7,exito,5566,1037.44,02,sthwp,123,1
88,goal_009,8,exito,5566,1037.39,02,sthwp,123,1
89,goal_009,9,exito,5566,1037.4,02,sthwp,123,1
90,goal_009,10,exito,5566,1037.44,02,sthwp,123,1
91,goal_010,1,exito,5566,1037.37,02,sthwp,123,1
92,goal_010,2,exito,5566,1037.39,02,sthwp,123,1
93,goal_010,3,exito,5566,1037.41,02,sthwp,123,1
94,goal_010,4,exito,5566,1037.05,02,sthwp,123,1
95,goal_010,5,exito,5566,1037.37,02,sthwp,123,1
96,goal_010,6,exito,5566,1037.44,02,sthwp,123,1
97,goal_010,7,exito,5566,1035.3,02,sthwp,123,1
98,goal_010,8,exito,5566,1037.38,02,sthwp,123,1
99,goal_010,9,exito,5566,1037.43,02,sthwp,123,1
100,goal_010,10,exito,5566,1031.35,02,sthwp,123,1
101,goal_011,1,exito,5566,1037.37,02,sthwp,123,1
102,goal_011,2,exito,5566,1037.43,02,sthwp,123,1
103,goal_011,3,exito,5566,1024.94,02,sthwp,123,1
104,goal_011,4,exito,5566,1037.37,02,sthwp,123,1
105,goal_011,5,exito,5566,1037.43,02,sthwp,123,1
106,goal_011,6,exito,5566,1024.97,02,sthwp,123,1
107,goal_011,7,exito,5566,1035.61,02,sthwp,123,1
108,goal_011,8,exito,5566,1037.46,02,sthwp,123,1
109,goal_011,9,exito,5566,1031.65,02,sthwp,123,1
110,goal_011,10,exito,5566,1030.93,02,sthwp,123,1
111,goal_012,1,exito,5566,1037.43,02,sthwp,123,1
112,goal_012,2,exito,5566,1035.6,02,sthwp,123,1
113,goal_012,3,exito,5566,1020.15,02,sthwp,123,1
114,goal_012,4,exito,5566,1037.41,02,sthwp,123,1
115,goal_012,5,exito,5566,1037.39,02,sthwp,123,1
116,goal_012,6,exito,5566,1015.05,02,sthwp,123,1
117,goal_012,7,exito,5566,1037.42,02,sthwp,123,1
118,goal_012,8,exito,5566,1037.41,02,sthwp,123,1
119,goal_012,9,exito,5566,1025.87,02,sthwp,123,1
120,goal_012,10,exito,5566,1037.42,02,sthwp,123,1
121,goal_013,1,exito,5570,1037.25,02,sthwp,123,1
122,goal_013,2,exito,5570,1033.62,02,sthwp,123,1
123,goal_013,3,exito,5570,1037.24,02,sthwp,123,1
124,goal_013,4,exito,5570,1037.24,02,sthwp,123,1
125,goal_013,5,exito,5570,1036.51,02,sthwp,123,1
126,goal_013,6,exito,5570,1037.25,02,sthwp,123,1
127,goal_013,7,exito,5570,1037.22,02,sthwp,123,1
128,goal_013,8,exito,5570,1037.25,02,sthwp,123,1
129,goal_013,9,exito,5570,1037.32,02,sthwp,123,1
130,goal_013,10,exito,5570,1037.24,02,sthwp,123,1
131,goal_014,1,exito,5568,1037.6,02,sthwp,123,1
132,goal_014,2,exito,5568,1037.61,02,sthwp,123,1
133,goal_014,3,exito,5568,1037.59,02,sthwp,123,1
134,goal_014,4,exito,5568,1037.61,02,sthwp,123,1
135,goal_014,5,exito,5568,1037.6,02,sthwp,123,1
136,goal_014,6,exito,5568,1037.6,02,sthwp,123,1
137,goal_014,7,exito,5568,1036.64,02,sthwp,123,1
138,goal_014,8,exito,5568,1037.59,02,sthwp,123,1
139,goal_014,9,exito,5568,1037.6,02,sthwp,123,1
140,goal_014,10,exito,5568,1033.9,02,sthwp,123,1
141,goal_015,1,exito,5573,1038.86,02,sthwp,123,1
142,goal_015,2,exito,5572,1038.74,02,sthwp,123,1
143,goal_015,3,exito,5573,1028.26,02,sthwp,123,1
144,goal_015,4,exito,5573,1038.84,02,sthwp,123,1
145,goal_015,5,exito,5573,1038.82,02,sthwp,123,1
146,goal_015,6,exito,5573,1026.33,02,sthwp,123,1
147,goal_015,7,exito,5573,1036.62,02,sthwp,123,1
148,goal_015,8,exito,5572,1038.71,02,sthwp,123,1
149,goal_015,9,exito,5572,1034.28,02,sthwp,123,1
150,goal_015,10,exito,5573,1028.61,02,sthwp,123,1
151,goal_016,1,exito,5603,1044.48,02,sthwp,123,1
152,goal_016,2,exito,5603,1044.38,02,sthwp,123,1
153,goal_016,3,exito,5602,1037.2,02,sthwp,123,1
154,goal_016,4,exito,5602,1044.35,02,sthwp,123,1
155,goal_016,5,exito,5602,1044.39,02,sthwp,123,1
156,goal_016,6,exito,5602,1044.29,02,sthwp,123,1
157,goal_016,7,exito,5602,1044.36,02,sthwp,123,1
158,goal_016,8,exito,5602,1044.36,02,sthwp,123,1
159,goal_016,9,exito,5602,1044.34,02,sthwp,123,1
160,goal_016,10,exito,5603,1044.47,02,sthwp,123,1
161,goal_017,1,exito,5667,1052.6,02,sthwp,123,1
162,goal_017,2,exito,5667,1049.76,02,sthwp,123,1
163,goal_017,3,exito,5667,1052.42,02,sthwp,123,1
164,goal_017,4,exito,5667,1052.6,02,sthwp,123,1
165,goal_017,5,exito,5667,1051.39,02,sthwp,123,1
166,goal_017,6,exito,5667,1052.32,02,sthwp,123,1
167,goal_017,7,exito,5667,1052.6,02,sthwp,123,1
168,goal_017,8,exito,5667,1052.64,02,sthwp,123,1
169,goal_017,9,exito,5667,1052.61,02,sthwp,123,1
170,goal_017,10,exito,5667,1052.61,02,sthwp,123,1
171,goal_018,1,exito,5748,1064.53,02,sthwp,123,1
172,goal_018,2,exito,5748,1054.64,02,sthwp,123,1
173,goal_018,3,exito,5748,1064.43,02,sthwp,123,1
174,goal_018,4,exito,5748,1064.46,02,sthwp,123,1
175,goal_018,5,exito,5748,1064.49,02,sthwp,123,1
176,goal_018,6,exito,5748,1063.05,02,sthwp,123,1
177,goal_018,7,exito,5748,1063.8,02,sthwp,123,1
178,goal_018,8,exito,5748,1064.46,02,sthwp,123,1
179,goal_018,9,exito,5748,1064.49,02,sthwp,123,1
180,goal_018,10,exito,5748,1064.47,02,sthwp,123,1
181,goal_019,1,exito,5614,1040.86,02,sthwp,123,1
182,goal_019,2,exito,5614,1040.86,02,sthwp,123,1
183,goal_019,3,exito,5614,1040.85,02,sthwp,123,1
184,goal_019,4,exito,5614,1040.86,02,sthwp,123,1
185,goal_019,5,exito,5614,1040.85,02,sthwp,123,1
186,goal_019,6,exito,5614,1040.85,02,sthwp,123,1
187,goal_019,7,exito,5614,1040.85,02,sthwp,123,1
188,goal_019,8,exito,5614,1040.85,02,sthwp,123,1
189,goal_019,9,exito,5614,1040.85,02,sthwp,123,1
190,goal_019,10,exito,5614,1040.85,02,sthwp,123,1
191,goal_020,1,exito,5598,1040.13,02,sthwp,123,1
192,goal_020,2,exito,5598,1040.13,02,sthwp,123,1
193,goal_020,3,exito,5598,1040.13,02,sthwp,123,1
194,goal_020,4,exito,5596,1039.9,02,sthwp,123,1
195,goal_020,5,exito,5598,1040.13,02,sthwp,123,1
196,goal_020,6,exito,5596,1039.91,02,sthwp,123,1
197,goal_020,7,exito,5598,1040.13,02,sthwp,123,1
198,goal_020,8,exito,5596,1039.91,02,sthwp,123,1
199,goal_020,9,exito,5598,1040.13,02,sthwp,123,1
200,goal_020,10,exito,5596,1039.91,02,sthwp,123,1
201,goal_021,1,exito,5573,1045.09,02,sthwp,123,1
202,goal_021,2,col_exit,2889,288.98,02,sthwp,123,1
203,goal_021,3,exito,5574,1045.01,02,sthwp,123,1
204,goal_021,4,col_exit,2888,289.31,02,sthwp,123,1
205,goal_021,5,exito,5574,1045.01,02,sthwp,123,1
206,goal_021,6,col_exit,2888,289.34,02,sthwp,123,1
207,goal_021,7,exito,5574,1045.01,02,sthwp,123,1
208,goal_021,8,col_exit,2888,289.33,02,sthwp,123,1
209,goal_021,9,exito,5574,1045.01,02,sthwp,123,1
210,goal_021,10,col_exit,2889,288.99,02,sthwp,123,1
211,goal_022,1,exito,5496,1031.88,02,sthwp,123,1
212,goal_022,2,exito,5495,1031.96,02,sthwp,123,1
213,goal_022,3,exito,5495,1031.96,02,sthwp,123,1
214,goal_022,4,exito,5495,1031.96,02,sthwp,123,1
215,goal_022,5,exito,5495,1031.95,02,sthwp,123,1
216,goal_022,6,exito,5495,1031.96,02,sthwp,123,1
217,goal_022,7,exito,5495,1031.96,02,sthwp,123,1
218,goal_022,8,exito,5495,1031.96,02,sthwp,123,1
219,goal_022,9,exito,5495,1031.95,02,sthwp,123,1
220,goal_022,10,exito,5495,1031.96,02,sthwp,123,1
221,goal_023,1,col_exit,2796,271.77,02,sthwp,123,1
222,goal_023,2,col_exit,2797,271.67,02,sthwp,123,1
223,goal_023,3,col_exit,2797,271.66,02,sthwp,123,1
224,goal_023,4,col_exit,2797,271.67,02,sthwp,123,1
225,goal_023,5,col_exit,2797,271.67,02,sthwp,123,1
226,goal_023,6,col_exit,2797,271.67,02,sthwp,123,1
227,goal_023,7,col_exit,2797,271.67,02,sthwp,123,1
228,goal_023,8,col_exit,2797,271.67,02,sthwp,123,1
229,goal_023,9,col_exit,2797,271.67,02,sthwp,123,1
230,goal_023,10,col_exit,2797,271.67,02,sthwp,123,1
231,goal_024,1,exito,5482,1024.22,02,sthwp,123,1
232,goal_024,2,exito,5481,1024.3,02,sthwp,123,1
233,goal_024,3,exito,5481,1024.27,02,sthwp,123,1
234,goal_024,4,exito,5481,1024.33,02,sthwp,123,1
235,goal_024,5,exito,5481,1024.33,02,sthwp,123,1
236,goal_024,6,exito,5481,1024.27,02,sthwp,123,1
237,goal_024,7,exito,5481,1024.27,02,sthwp,123,1
238,goal_024,8,exito,5481,1024.31,02,sthwp,123,1
239,goal_024,9,exito,5481,1024.33,02,sthwp,123,1
240,goal_024,10,exito,5481,1024.31,02,sthwp,123,1
241,goal_025,1,exito,5467,1023.15,02,sthwp,123,1
242,goal_025,2,exito,5467,1023.17,02,sthwp,123,1
243,goal_025,3,exito,5467,1023.18,02,sthwp,123,1
244,goal_025,4,exito,5467,1023.18,02,sthwp,123,1
245,goal_025,5,exito,5467,1023.15,02,sthwp,123,1
246,goal_025,6,exito,5467,1023.17,02,sthwp,123,1
247,goal_025,7,exito,5467,1023.18,02,sthwp,123,1
248,goal_025,8,exito,5467,1023.18,02,sthwp,123,1
249,goal_025,9,exito,5467,1023.16,02,sthwp,123,1
250,goal_025,10,exito,5467,1023.18,02,sthwp,123,1
251,goal_026,1,col_exit,2779,268.04,02,sthwp,123,1
252,goal_026,2,col_exit,2781,267.67,02,sthwp,123,1
253,goal_026,3,col_exit,2781,267.67,02,sthwp,123,1
254,goal_026,4,col_exit,2781,267.67,02,sthwp,123,1
255,goal_026,5,col_exit,2781,267.61,02,sthwp,123,1
256,goal_026,6,col_exit,2781,267.67,02,sthwp,123,1
257,goal_026,7,col_exit,2781,267.67,02,sthwp,123,1
258,goal_026,8,col_exit,2781,267.68,02,sthwp,123,1
259,goal_026,9,col_exit,2781,267.68,02,sthwp,123,1
260,goal_026,10,col_exit,2781,267.67,02,sthwp,123,1
261,goal_027,1,col_exit,2781,267.62,02,sthwp,123,1
262,goal_027,2,col_exit,2781,267.63,02,sthwp,123,1
263,goal_027,3,col_exit,2781,267.65,02,sthwp,123,1
264,goal_027,4,col_exit,2781,267.62,02,sthwp,123,1
265,goal_027,5,col_exit,2781,267.63,02,sthwp,123,1
266,goal_027,6,col_exit,2781,267.63,02,sthwp,123,1
267,goal_027,7,col_exit,2781,267.73,02,sthwp,123,1
268,goal_027,8,col_exit,2781,267.64,02,sthwp,123,1
269,goal_027,9,col_exit,2781,267.62,02,sthwp,123,1
270,goal_027,10,col_exit,2781,267.63,02,sthwp,123,1
271,goal_028,1,exito,5466,1023.49,02,sthwp,123,1
272,goal_028,2,col_exit,2780,267.9,02,sthwp,123,1
273,goal_028,3,exito,5465,1023.36,02,sthwp,123,1
274,goal_028,4,col_exit,2779,268.03,02,sthwp,123,1
275,goal_028,5,exito,5466,1023.49,02,sthwp,123,1
276,goal_028,6,exito,5465,1023.6,02,sthwp,123,1
277,goal_028,7,col_exit,2780,267.91,02,sthwp,123,1
278,goal_028,8,exito,5466,1023.49,02,sthwp,123,1
279,goal_028,9,col_exit,2780,267.9,02,sthwp,123,1
280,goal_028,10,exito,5466,1023.5,02,sthwp,123,1
281,goal_029,1,exito,5464,1023.54,02,sthwp,123,1
282,goal_029,2,col_exit,2779,268.03,02,sthwp,123,1
283,goal_029,3,exito,5466,1023.48,02,sthwp,123,1
284,goal_029,4,col_exit,2780,267.9,02,sthwp,123,1
285,goal_029,5,exito,5465,1023.36,02,sthwp,123,1
286,goal_029,6,col_exit,2779,268.0,02,sthwp,123,1
287,goal_029,7,exito,5466,1023.49,02,sthwp,123,1
288,goal_029,8,col_exit,2780,267.91,02,sthwp,123,1
289,goal_029,9,exito,5466,1023.49,02,sthwp,123,1
290,goal_029,10,col_exit,2780,267.9,02,sthwp,123,1
291,goal_030,1,exito,5466,1023.5,02,sthwp,123,1
292,goal_030,2,exito,5465,1023.66,02,sthwp,123,1
293,goal_030,3,col_exit,2779,268.01,02,sthwp,123,1
294,goal_030,4,exito,5466,1023.48,02,sthwp,123,1
295,goal_030,5,exito,5465,1023.62,02,sthwp,123,1
296,goal_030,6,col_exit,2780,267.9,02,sthwp,123,1
297,goal_030,7,exito,5466,1023.49,02,sthwp,123,1
298,goal_030,8,col_exit,2780,267.9,02,sthwp,123,1
299,goal_030,9,exito,5466,1023.49,02,sthwp,123,1
300,goal_030,10,exito,5465,1023.6,02,sthwp,123,1
301,goal_031,1,col_exit,2780,267.62,02,sthwp,123,1
302,goal_031,2,col_exit,2781,267.59,02,sthwp,123,1
303,goal_031,3,col_exit,2781,267.59,02,sthwp,123,1
304,goal_031,4,col_exit,2783,266.47,02,sthwp,123,1
305,goal_031,5,col_exit,2783,266.49,02,sthwp,123,1
306,goal_031,6,col_exit,2783,266.47,02,sthwp,123,1
307,goal_031,7,col_exit,2783,266.5,02,sthwp,123,1
308,goal_031,8,col_exit,2782,267.0,02,sthwp,123,1
309,goal_031,9,col_exit,2783,266.5,02,sthwp,123,1
310,goal_031,10,col_exit,2783,266.5,02,sthwp,123,1
311,goal_032,1,col_exit,2783,267.79,02,sthwp,123,1
312,goal_032,2,col_exit,2783,267.79,02,sthwp,123,1
313,goal_032,3,col_exit,2783,267.79,02,sthwp,123,1
314,goal_032,4,col_exit,2783,267.79,02,sthwp,123,1
315,goal_032,5,col_exit,2783,267.79,02,sthwp,123,1
316,goal_032,6,col_exit,2783,267.79,02,sthwp,123,1
317,goal_032,7,col_exit,2783,267.79,02,sthwp,123,1
318,goal_032,8,col_exit,2783,267.79,02,sthwp,123,1
319,goal_032,9,col_exit,2783,267.79,02,sthwp,123,1
320,goal_032,10,col_exit,2783,267.78,02,sthwp,123,1
321,goal_033,1,col_exit,2794,263.33,02,sthwp,123,1
322,goal_033,2,col_exit,2792,264.35,02,sthwp,123,1
323,goal_033,3,col_exit,2793,264.11,02,sthwp,123,1
324,goal_033,4,col_exit,2793,264.11,02,sthwp,123,1
325,goal_033,5,col_exit,2793,264.1,02,sthwp,123,1
326,goal_033,6,col_exit,2793,264.1,02,sthwp,123,1
327,goal_033,7,col_exit,2792,264.3,02,sthwp,123,1
328,goal_033,8,col_exit,2793,264.11,02,sthwp,123,1
329,goal_033,9,col_exit,2793,264.1,02,sthwp,123,1
330,goal_033,10,col_exit,2793,264.1,02,sthwp,123,1
331,goal_034,1,col_exit,2683,266.94,02,sthwp,123,1
332,goal_034,2,col_exit,2681,267.18,02,sthwp,123,1
333,goal_034,3,col_exit,2681,267.18,02,sthwp,123,1
334,goal_034,4,col_exit,2681,267.18,02,sthwp,123,1
335,goal_034,5,col_exit,2682,266.93,02,sthwp,123,1
336,goal_034,6,col_exit,2681,267.18,02,sthwp,123,1
337,goal_034,7,col_exit,2681,267.18,02,sthwp,123,1
338,goal_034,8,col_exit,2681,267.18,02,sthwp,123,1
339,goal_034,9,col_exit,2681,267.19,02,sthwp,123,1
340,goal_034,10,col_exit,2682,266.93,02,sthwp,123,1
341,goal_035,1,exito,5537,1033.87,02,sthwp,123,1
342,goal_035,2,exito,5536,1034.05,02,sthwp,123,1
343,goal_035,3,exito,5536,1034.02,02,sthwp,123,1
344,goal_035,4,exito,5536,1034.03,02,sthwp,123,1
345,goal_035,5,exito,5536,1034.04,02,sthwp,123,1
346,goal_035,6,exito,5536,1034.02,02,sthwp,123,1
347,goal_035,7,exito,5536,1034.02,02,sthwp,123,1
348,goal_035,8,exito,5536,1034.05,02,sthwp,123,1
349,goal_035,9,exito,5536,1034.02,02,sthwp,123,1
350,goal_035,10,exito,5536,1034.05,02,sthwp,123,1
351,goal_036,1,exito,5611,1045.03,02,sthwp,123,1
352,goal_036,2,exito,5611,1044.98,02,sthwp,123,1
353,goal_036,3,exito,5611,1045.03,02,sthwp,123,1
354,goal_036,4,exito,5611,1045.02,02,sthwp,123,1
355,goal_036,5,exito,5611,1045.03,02,sthwp,123,1
356,goal_036,6,exito,5611,1045.02,02,sthwp,123,1
357,goal_036,7,exito,5611,1045.02,02,sthwp,123,1
358,goal_036,8,exito,5611,1045.03,02,sthwp,123,1
359,goal_036,9,exito,5611,1044.98,02,sthwp,123,1
360,goal_036,10,exito,5611,1045.03,02,sthwp,123,1
361,goal_037,1,exito,5531,1026.79,02,sthwp,123,1
362,goal_037,2,exito,5531,1032.01,02,sthwp,123,1
363,goal_037,3,exito,5531,1032.48,02,sthwp,123,1
364,goal_037,4,exito,5531,1025.81,02,sthwp,123,1
365,goal_037,5,exito,5531,1032.47,02,sthwp,123,1
366,goal_037,6,exito,5532,1032.53,02,sthwp,123,1
367,goal_037,7,exito,5531,1025.58,02,sthwp,123,1
368,goal_037,8,exito,5532,1032.52,02,sthwp,123,1
369,goal_037,9,exito,5531,1032.43,02,sthwp,123,1
370,goal_037,10,exito,5531,1025.94,02,sthwp,123,1
371,goal_038,1,exito,5509,1029.82,02,sthwp,123,1
372,goal_038,2,exito,5509,1029.81,02,sthwp,123,1
373,goal_038,3,exito,5510,1023.67,02,sthwp,123,1
374,goal_038,4,exito,5509,1029.79,02,sthwp,123,1
375,goal_038,5,exito,5509,1029.82,02,sthwp,123,1
376,goal_038,6,exito,5510,1028.21,02,sthwp,123,1
377,goal_038,7,exito,5509,1029.85,02,sthwp,123,1
378,goal_038,8,exito,5509,1029.8,02,sthwp,123,1
379,goal_038,9,exito,5510,1029.94,02,sthwp,123,1
380,goal_038,10,exito,5509,1029.85,02,sthwp,123,1
381,goal_039,1,exito,5516,1033.86,02,sthwp,123,1
382,goal_039,2,exito,5516,1033.85,02,sthwp,123,1
383,goal_039,3,exito,5516,1033.86,02,sthwp,123,1
384,goal_039,4,exito,5516,1033.89,02,sthwp,123,1
385,goal_039,5,exito,5516,1033.89,02,sthwp,123,1
386,goal_039,6,exito,5516,1033.89,02,sthwp,123,1
387,goal_039,7,exito,5516,1033.89,02,sthwp,123,1
388,goal_039,8,exito,5516,1032.98,02,sthwp,123,1
389,goal_039,9,exito,5516,1033.9,02,sthwp,123,1
390,goal_039,10,exito,5516,1033.9,02,sthwp,123,1
391,goal_040,1,exito,5525,1031.12,02,sthwp,123,1
392,goal_040,2,exito,5525,1034.53,02,sthwp,123,1
393,goal_040,3,exito,5525,1034.52,02,sthwp,123,1
394,goal_040,4,exito,5525,1027.96,02,sthwp,123,1
395,goal_040,5,exito,5525,1034.57,02,sthwp,123,1
396,goal_040,6,exito,5525,1034.57,02,sthwp,123,1
397,goal_040,7,exito,5525,1022.75,02,sthwp,123,1
398,goal_040,8,exito,5525,1034.52,02,sthwp,123,1
399,goal_040,9,exito,5525,1034.55,02,sthwp,123,1
400,goal_040,10,exito,5525,1015.47,02,sthwp,123,1
401,goal_041,1,exito,5515,1034.11,02,sthwp,123,1
402,goal_041,2,exito,5515,1034.11,02,sthwp,123,1
403,goal_041,3,exito,5515,1011.87,02,sthwp,123,1
404,goal_041,4,exito,5515,1034.06,02,sthwp,123,1
405,goal_041,5,exito,5515,1033.71,02,sthwp,123,1
406,goal_041,6,exito,5515,1023.41,02,sthwp,123,1
407,goal_041,7,exito,5515,1034.03,02,sthwp,123,1
408,goal_041,8,exito,5515,1031.69,02,sthwp,123,1
409,goal_041,9,exito,5515,1030.84,02,sthwp,123,1
410,goal_041,10,exito,5515,1034.1,02,sthwp,123,1
411,goal_042,1,exito,5515,1026.98,02,sthwp,123,1
412,goal_042,2,exito,5515,1033.57,02,sthwp,123,1
413,goal_042,3,exito,5515,1034.14,02,sthwp,123,1
414,goal_042,4,exito,5515,1020.58,02,sthwp,123,1
415,goal_042,5,exito,5515,1034.09,02,sthwp,123,1
416,goal_042,6,exito,5515,1034.06,02,sthwp,123,1
417,goal_042,7,exito,5515,1023.16,02,sthwp,123,1
418,goal_042,8,exito,5515,1034.04,02,sthwp,123,1
419,goal_042,9,exito,5515,1034.03,02,sthwp,123,1
420,goal_042,10,exito,5515,1029.36,02,sthwp,123,1
421,goal_043,1,exito,5515,1034.05,02,sthwp,123,1
422,goal_043,2,exito,5515,1034.06,02,sthwp,123,1
423,goal_043,3,exito,5515,1032.62,02,sthwp,123,1
424,goal_043,4,exito,5515,1034.07,02,sthwp,123,1
425,goal_043,5,exito,5515,1034.09,02,sthwp,123,1
426,goal_043,6,exito,5515,1034.13,02,sthwp,123,1
427,goal_043,7,exito,5515,1034.13,02,sthwp,123,1
428,goal_043,8,exito,5515,1034.13,02,sthwp,123,1
429,goal_043,9,exito,5515,1034.08,02,sthwp,123,1
430,goal_043,10,exito,5515,1034.06,02,sthwp,123,1
431,goal_044,1,exito,5515,1034.04,02,sthwp,123,1
432,goal_044,2,exito,5515,1034.03,02,sthwp,123,1
433,goal_044,3,exito,5515,1034.04,02,sthwp,123,1
434,goal_044,4,exito,5515,1034.05,02,sthwp,123,1
435,goal_044,5,exito,5515,1033.3,02,sthwp,123,1
436,goal_044,6,exito,5515,1034.08,02,sthwp,123,1
437,goal_044,7,exito,5515,1034.1,02,sthwp,123,1
438,goal_044,8,exito,5515,1030.87,02,sthwp,123,1
439,goal_044,9,exito,5515,1034.11,02,sthwp,123,1
440,goal_044,10,exito,5515,1034.14,02,sthwp,123,1
441,goal_045,1,exito,5514,1024.65,02,sthwp,123,1
442,goal_045,2,exito,5515,1034.07,02,sthwp,123,1
443,goal_045,3,exito,5515,1034.05,02,sthwp,123,1
444,goal_045,4,exito,5515,1013.36,02,sthwp,123,1
445,goal_045,5,exito,5515,1034.04,02,sthwp,123,1
446,goal_045,6,exito,5515,1034.03,02,sthwp,123,1
447,goal_045,7,exito,5515,1014.59,02,sthwp,123,1
448,goal_045,8,exito,5515,1034.08,02,sthwp,123,1
449,goal_045,9,exito,5515,1033.29,02,sthwp,123,1
450,goal_045,10,exito,5515,1026.3,02,sthwp,123,1
451,goal_046,1,exito,5515,1034.14,02,sthwp,123,1
452,goal_046,2,exito,5514,1030.64,02,sthwp,123,1
453,goal_046,3,exito,5515,1031.95,02,sthwp,123,1
454,goal_046,4,exito,5515,1034.08,02,sthwp,123,1
455,goal_046,5,exito,5515,1024.89,02,sthwp,123,1
456,goal_046,6,exito,5515,1034.05,02,sthwp,123,1
457,goal_046,7,exito,5515,1034.03,02,sthwp,123,1
458,goal_046,8,exito,5515,1020.04,02,sthwp,123,1
459,goal_046,9,exito,5515,1034.06,02,sthwp,123,1
460,goal_046,10,exito,5515,1034.08,02,sthwp,123,1
461,goal_047,1,exito,5515,1025.29,02,sthwp,123,1
462,goal_047,2,exito,5515,1034.1,02,sthwp,123,1
463,goal_047,3,exito,5514,1033.99,02,sthwp,123,1
464,goal_047,4,exito,5515,1030.75,02,sthwp,123,1
465,goal_047,5,exito,5515,1034.06,02,sthwp,123,1
466,goal_047,6,exito,5515,1034.06,02,sthwp,123,1
467,goal_047,7,exito,5515,1033.13,02,sthwp,123,1
468,goal_047,8,exito,5515,1034.03,02,sthwp,123,1
469,goal_047,9,exito,5515,1034.02,02,sthwp,123,1
470,goal_047,10,exito,5515,1034.03,02,sthwp,123,1
471,goal_048,1,exito,5515,1034.04,02,sthwp,123,1
472,goal_048,2,exito,5514,1033.9,02,sthwp,123,1
473,goal_048,3,exito,5514,1033.92,02,sthwp,123,1
474,goal_048,4,exito,5514,1033.98,02,sthwp,123,1
475,goal_048,5,exito,5514,1033.91,02,sthwp,123,1
476,goal_048,6,exito,5515,1034.02,02,sthwp,123,1
477,goal_048,7,exito,5515,1034.04,02,sthwp,123,1
478,goal_048,8,exito,5515,1034.04,02,sthwp,123,1
479,goal_048,9,exito,5515,1032.58,02,sthwp,123,1
480,goal_048,10,exito,5515,1034.05,02,sthwp,123,1
481,goal_049,1,exito,5514,1033.89,02,sthwp,123,1
482,goal_049,2,exito,5514,1028.97,02,sthwp,123,1
483,goal_049,3,exito,5514,1033.92,02,sthwp,123,1
484,goal_049,4,exito,5514,1033.91,02,sthwp,123,1
485,goal_049,5,exito,5514,1020.09,02,sthwp,123,1
486,goal_049,6,exito,5514,1033.86,02,sthwp,123,1
487,goal_049,7,exito,5514,1033.88,02,sthwp,123,1
488,goal_049,8,exito,5514,1010.72,02,sthwp,123,1
489,goal_049,9,exito,5514,1033.95,02,sthwp,123,1
490,goal_049,10,exito,5514,1033.95,02,sthwp,123,1
491,goal_050,1,exito,5514,1024.16,02,sthwp,123,1
492,goal_050,2,exito,5514,1033.43,02,sthwp,123,1
493,goal_050,3,exito,5514,1031.63,02,sthwp,123,1
494,goal_050,4,exito,5514,1030.16,02,sthwp,123,1
495,goal_050,5,exito,5514,1033.43,02,sthwp,123,1
496,goal_050,6,exito,5514,1027.4,02,sthwp,123,1
497,goal_050,7,exito,5514,1032.8,02,sthwp,123,1
498,goal_050,8,exito,5514,1033.49,02,sthwp,123,1
499,goal_050,9,exito,5514,1020.49,02,sthwp,123,1
500,goal_050,10,exito,5514,1033.48,02,sthwp,123,1
501,goal_051,1,col_exit,1662,111.75,02,sthwp,123,1
502,goal_051,2,col_exit,842,-16.08,02,sthwp,123,1
503,goal_051,3,col_exit,2075,167.56,02,sthwp,123,1
504,goal_051,4,col_exit,1028,21.02,02,sthwp,123,1
505,goal_051,5,col_exit,2181,80.09,02,sthwp,123,1
506,goal_051,6,col_exit,1092,27.47,02,sthwp,123,1
507,goal_051,7,col_exit,2210,-85.02,02,sthwp,123,1
508,goal_051,8,col_exit,1098,30.14,02,sthwp,123,1
509,goal_051,9,col_exit,2220,-156.09,02,sthwp,123,1
510,goal_051,10,col_exit,1105,26.9,02,sthwp,123,1
511,goal_052,1,col_approach,517,-101.41,02,sthwp,123,1
512,goal_052,2,col_exit,1930,153.69,02,sthwp,123,1
513,goal_052,3,col_exit,969,11.23,02,sthwp,123,1
514,goal_052,4,col_exit,2148,46.55,02,sthwp,123,1
515,goal_052,5,col_exit,1064,28.91,02,sthwp,123,1
516,goal_052,6,col_approach,532,-103.31,02,sthwp,123,1
517,goal_052,7,col_exit,1933,153.31,02,sthwp,123,1
518,goal_052,8,col_exit,979,3.54,02,sthwp,123,1
519,goal_052,9,col_exit,2143,84.7,02,sthwp,123,1
520,goal_052,10,col_exit,1075,23.17,02,sthwp,123,1
521,goal_053,1,col_approach,520,-103.61,02,sthwp,123,1
522,goal_053,2,col_exit,1926,151.0,02,sthwp,123,1
523,goal_053,3,col_exit,966,10.63,02,sthwp,123,1
524,goal_053,4,col_exit,2139,13.38,02,sthwp,123,1
525,goal_053,5,col_exit,1072,25.77,02,sthwp,123,1
526,goal_053,6,col_approach,531,-105.12,02,sthwp,123,1
527,goal_053,7,col_exit,1934,149.67,02,sthwp,123,1
528,goal_053,8,col_exit,965,11.5,02,sthwp,123,1
529,goal_053,9,col_exit,2145,31.55,02,sthwp,123,1
530,goal_053,10,col_exit,1081,20.06,02,sthwp,123,1
531,goal_054,1,col_approach,523,-102.57,02,sthwp,123,1
532,goal_054,2,col_exit,1928,151.52,02,sthwp,123,1
533,goal_054,3,exito,4754,888.75,02,sthwp,123,1
534,goal_054,4,col_exit,1912,148.08,02,sthwp,123,1
535,goal_054,5,exito,4754,888.22,02,sthwp,123,1
536,goal_054,6,col_exit,1902,147.37,02,sthwp,123,1
537,goal_054,7,exito,4754,888.49,02,sthwp,123,1
538,goal_054,8,col_exit,1899,146.18,02,sthwp,123,1
539,goal_054,9,exito,4754,887.76,02,sthwp,123,1
540,goal_054,10,col_exit,1896,146.6,02,sthwp,123,1
541,goal_055,1,exito,4754,882.72,02,sthwp,123,1
542,goal_055,2,col_exit,1895,146.5,02,sthwp,123,1
543,goal_055,3,exito,4754,882.66,02,sthwp,123,1
544,goal_055,4,col_exit,1893,146.93,02,sthwp,123,1
545,goal_055,5,exito,4754,882.67,02,sthwp,123,1
546,goal_055,6,col_exit,1894,146.83,02,sthwp,123,1
547,goal_055,7,exito,4754,882.86,02,sthwp,123,1
548,goal_055,8,col_exit,1887,148.65,02,sthwp,123,1
549,goal_055,9,exito,4754,882.99,02,sthwp,123,1
550,goal_055,10,col_exit,1890,149.48,02,sthwp,123,1
551,goal_056,1,col_approach,938,-37.64,02,sthwp,123,1
552,goal_056,2,col_exit,2141,-99.38,02,sthwp,123,1
553,goal_056,3,exito,4756,884.97,02,sthwp,123,1
554,goal_056,4,col_exit,2013,167.61,02,sthwp,123,1
555,goal_056,5,col_approach,1020,-35.37,02,sthwp,123,1
556,goal_056,6,col_approach,501,-104.96,02,sthwp,123,1
557,goal_056,7,col_exit,1916,149.43,02,sthwp,123,1
558,goal_056,8,col_approach,947,-37.84,02,sthwp,123,1
559,goal_056,9,col_exit,2144,-85.27,02,sthwp,123,1
560,goal_056,10,exito,4756,884.8,02,sthwp,123,1
561,goal_057,1,col_exit,2012,166.81,02,sthwp,123,1
562,goal_057,2,col_approach,1007,-30.77,02,sthwp,123,1
563,goal_057,3,col_approach,509,-105.78,02,sthwp,123,1
564,goal_057,4,col_exit,1916,149.04,02,sthwp,123,1
565,goal_057,5,col_approach,951,-39.2,02,sthwp,123,1
566,goal_057,6,col_exit,2146,-84.33,02,sthwp,123,1
567,goal_057,7,col_approach,1069,-23.66,02,sthwp,123,1
568,goal_057,8,col_approach,528,-100.08,02,sthwp,123,1
569,goal_057,9,col_exit,1928,154.02,02,sthwp,123,1
570,goal_057,10,col_approach,964,-37.91,02,sthwp,123,1
571,goal_058,1,col_exit,2164,-9.2,02,sthwp,123,1
572,goal_058,2,col_approach,1053,-20.7,02,sthwp,123,1
573,goal_058,3,col_approach,539,-103.46,02,sthwp,123,1
574,goal_058,4,col_exit,1928,154.04,02,sthwp,123,1
575,goal_058,5,col_approach,962,-37.83,02,sthwp,123,1
576,goal_058,6,col_exit,2158,-115.3,02,sthwp,123,1
577,goal_058,7,col_approach,1072,-25.89,02,sthwp,123,1
578,goal_058,8,col_approach,527,-101.24,02,sthwp,123,1
579,goal_058,9,col_exit,1928,153.59,02,sthwp,123,1
580,goal_058,10,col_approach,957,-36.61,02,sthwp,123,1
581,goal_059,1,col_exit,2163,-138.28,02,sthwp,123,1
582,goal_059,2,col_approach,1059,-21.61,02,sthwp,123,1
583,goal_059,3,col_approach,541,-106.16,02,sthwp,123,1
584,goal_059,4,col_exit,1929,152.59,02,sthwp,123,1
585,goal_059,5,col_approach,950,-36.07,02,sthwp,123,1
586,goal_059,6,col_exit,2161,-169.48,02,sthwp,123,1
587,goal_059,7,col_approach,1077,-28.25,02,sthwp,123,1
588,goal_059,8,col_approach,528,-102.3,02,sthwp,123,1
589,goal_059,9,col_exit,1930,152.22,02,sthwp,123,1
590,goal_059,10,col_approach,950,-36.25,02,sthwp,123,1
591,goal_060,1,col_exit,2168,-142.72,02,sthwp,123,1
592,goal_060,2,col_approach,1060,-22.72,02,sthwp,123,1
593,goal_060,3,col_approach,543,-110.25,02,sthwp,123,1
594,goal_060,4,col_exit,1928,151.36,02,sthwp,123,1
595,goal_060,5,col_approach,949,-36.8,02,sthwp,123,1
596,goal_060,6,col_exit,2154,-143.37,02,sthwp,123,1
597,goal_060,7,col_approach,1077,-27.03,02,sthwp,123,1
598,goal_060,8,col_approach,529,-101.5,02,sthwp,123,1
599,goal_060,9,col_exit,1932,151.32,02,sthwp,123,1
600,goal_060,10,col_approach,953,-36.78,02,sthwp,123,1
601,goal_061,1,col_exit,2153,-142.78,02,sthwp,123,1
602,goal_061,2,col_approach,1069,-23.12,02,sthwp,123,1
603,goal_061,3,col_approach,524,-97.85,02,sthwp,123,1
604,goal_061,4,col_exit,1940,150.57,02,sthwp,123,1
605,goal_061,5,col_approach,959,-37.42,02,sthwp,123,1
606,goal_061,6,col_exit,2154,-135.71,02,sthwp,123,1
607,goal_061,7,col_approach,1078,-30.37,02,sthwp,123,1
608,goal_061,8,col_approach,530,-103.22,02,sthwp,123,1
609,goal_061,9,col_exit,1930,152.17,02,sthwp,123,1
610,goal_061,10,col_approach,956,-37.48,02,sthwp,123,1
611,goal_062,1,col_exit,2154,-119.1,02,sthwp,123,1
612,goal_062,2,col_approach,1065,-22.28,02,sthwp,123,1
613,goal_062,3,col_approach,527,-98.92,02,sthwp,123,1
614,goal_062,4,col_exit,1928,155.04,02,sthwp,123,1
615,goal_062,5,col_approach,967,-38.4,02,sthwp,123,1
616,goal_062,6,col_exit,2163,-16.96,02,sthwp,123,1
617,goal_062,7,col_approach,1056,-20.59,02,sthwp,123,1
618,goal_062,8,col_approach,535,-101.38,02,sthwp,123,1
619,goal_062,9,col_exit,1928,154.46,02,sthwp,123,1
620,goal_062,10,col_approach,967,-39.03,02,sthwp,123,1
621,goal_063,1,col_exit,2158,-123.05,02,sthwp,123,1
622,goal_063,2,col_approach,1066,-23.67,02,sthwp,123,1
623,goal_063,3,col_approach,527,-100.03,02,sthwp,123,1
624,goal_063,4,exito,4758,878.13,02,sthwp,123,1
625,goal_063,5,col_approach,1211,-0.33,02,sthwp,123,1
626,goal_063,6,col_approach,607,-90.84,02,sthwp,123,1
627,goal_063,7,col_exit,1970,157.95,02,sthwp,123,1
628,goal_063,8,col_approach,971,-33.59,02,sthwp,123,1
629,goal_063,9,col_approach,552,-121.31,02,sthwp,123,1
630,goal_063,10,exito,4757,884.12,02,sthwp,123,1
631,goal_064,1,col_approach,1162,-8.6,02,sthwp,123,1
632,goal_064,2,col_approach,575,-92.07,02,sthwp,123,1
633,goal_064,3,col_approach,1962,106.35,02,sthwp,123,1
634,goal_064,4,col_approach,974,-36.78,02,sthwp,123,1
635,goal_064,5,col_exit,2170,-31.55,02,sthwp,123,1
636,goal_064,6,col_approach,1073,-31.96,02,sthwp,123,1
637,goal_064,7,col_approach,523,-100.29,02,sthwp,123,1
638,goal_064,8,col_approach,1930,103.19,02,sthwp,123,1
639,goal_064,9,col_approach,960,-37.6,02,sthwp,123,1
640,goal_064,10,col_exit,2156,-129.39,02,sthwp,123,1
641,goal_065,1,col_exit,1064,27.03,02,sthwp,123,1
642,goal_065,2,col_exit,530,-47.4,02,sthwp,123,1
643,goal_065,3,col_exit,1926,155.01,02,sthwp,123,1
644,goal_065,4,col_exit,968,11.98,02,sthwp,123,1
645,goal_065,5,col_exit,2150,-141.34,02,sthwp,123,1
646,goal_065,6,col_exit,1062,29.54,02,sthwp,123,1
647,goal_065,7,col_exit,538,-51.22,02,sthwp,123,1
648,goal_065,8,col_exit,1928,154.82,02,sthwp,123,1
649,goal_065,9,col_exit,970,8.98,02,sthwp,123,1
650,goal_065,10,col_exit,2148,-114.11,02,sthwp,123,1
651,goal_066,1,col_exit,1059,28.17,02,sthwp,123,1
652,goal_066,2,col_approach,536,-101.02,02,sthwp,123,1
653,goal_066,3,col_exit,1926,154.02,02,sthwp,123,1
654,goal_066,4,col_exit,954,15.06,02,sthwp,123,1
655,goal_066,5,col_approach,547,-123.59,02,sthwp,123,1
656,goal_066,6,col_exit,1867,148.37,02,sthwp,123,1
657,goal_066,7,col_exit,933,11.01,02,sthwp,123,1
658,goal_066,8,col_exit,2138,-172.44,02,sthwp,123,1
659,goal_066,9,col_exit,1056,30.06,02,sthwp,123,1
660,goal_066,10,col_approach,550,-103.63,02,sthwp,123,1
661,goal_067,1,col_exit,1918,155.61,02,sthwp,123,1
662,goal_067,2,col_exit,967,10.26,02,sthwp,123,1
663,goal_067,3,col_exit,2157,-160.82,02,sthwp,123,1
664,goal_067,4,col_exit,1056,29.32,02,sthwp,123,1
665,goal_067,5,col_approach,537,-99.65,02,sthwp,123,1
666,goal_067,6,col_exit,1926,155.2,02,sthwp,123,1
667,goal_067,7,col_exit,966,12.56,02,sthwp,123,1
668,goal_067,8,col_exit,2160,-197.02,02,sthwp,123,1
669,goal_067,9,col_exit,1057,29.12,02,sthwp,123,1
670,goal_067,10,col_approach,548,-103.86,02,sthwp,123,1
671,goal_068,1,col_exit,1920,154.75,02,sthwp,123,1
672,goal_068,2,col_exit,967,7.37,02,sthwp,123,1
673,goal_068,3,col_exit,2155,-163.47,02,sthwp,123,1
674,goal_068,4,col_exit,1059,28.39,02,sthwp,123,1
675,goal_068,5,col_approach,536,-100.51,02,sthwp,123,1
676,goal_068,6,col_exit,1927,153.96,02,sthwp,123,1
677,goal_068,7,col_exit,959,13.49,02,sthwp,123,1
678,goal_068,8,col_exit,2165,-195.73,02,sthwp,123,1
679,goal_068,9,col_exit,1059,28.21,02,sthwp,123,1
680,goal_068,10,col_approach,547,-105.09,02,sthwp,123,1
681,goal_069,1,col_exit,1921,153.54,02,sthwp,123,1
682,goal_069,2,col_exit,959,15.31,02,sthwp,123,1
683,goal_069,3,col_exit,2158,-173.44,02,sthwp,123,1
684,goal_069,4,col_exit,1062,27.83,02,sthwp,123,1
685,goal_069,5,col_approach,536,-101.4,02,sthwp,123,1
686,goal_069,6,col_exit,1927,153.18,02,sthwp,123,1
687,goal_069,7,col_approach,954,-32.9,02,sthwp,123,1
688,goal_069,8,col_approach,549,-122.27,02,sthwp,123,1
689,goal_069,9,col_exit,1867,147.29,02,sthwp,123,1
690,goal_069,10,col_approach,932,-37.84,02,sthwp,123,1
691,goal_070,1,col_exit,2140,-131.37,02,sthwp,123,1
692,goal_070,2,col_approach,1054,-18.11,02,sthwp,123,1
693,goal_070,3,col_approach,549,-104.06,02,sthwp,123,1
694,goal_070,4,col_exit,1919,154.99,02,sthwp,123,1
695,goal_070,5,col_approach,966,-40.43,02,sthwp,123,1
696,goal_070,6,col_exit,2155,-185.39,02,sthwp,123,1
697,goal_070,7,col_approach,1058,-18.43,02,sthwp,123,1
698,goal_070,8,col_approach,537,-100.13,02,sthwp,123,1
699,goal_070,9,col_exit,1926,154.73,02,sthwp,123,1
700,goal_070,10,col_approach,965,-37.35,02,sthwp,123,1
701,goal_071,1,col_exit,2164,-168.09,02,sthwp,123,1
702,goal_071,2,col_approach,1056,-21.14,02,sthwp,123,1
703,goal_071,3,col_approach,546,-104.2,02,sthwp,123,1
704,goal_071,4,col_exit,1921,154.04,02,sthwp,123,1
705,goal_071,5,col_approach,964,-42.07,02,sthwp,123,1
706,goal_071,6,col_exit,2154,-186.76,02,sthwp,123,1
707,goal_071,7,col_approach,1061,-21.43,02,sthwp,123,1
708,goal_071,8,col_approach,537,-101.18,02,sthwp,123,1
709,goal_071,9,col_exit,1927,153.47,02,sthwp,123,1
710,goal_071,10,col_approach,954,-34.82,02,sthwp,123,1
711,goal_072,1,col_approach,546,-122.71,02,sthwp,123,1
712,goal_072,2,col_exit,1868,147.9,02,sthwp,123,1
713,goal_072,3,col_approach,932,-38.69,02,sthwp,123,1
714,goal_072,4,col_exit,2141,-152.59,02,sthwp,123,1
715,goal_072,5,col_approach,1056,-20.17,02,sthwp,123,1
716,goal_072,6,col_approach,548,-103.73,02,sthwp,123,1
717,goal_072,7,col_exit,1918,155.41,02,sthwp,123,1
718,goal_072,8,col_approach,966,-39.1,02,sthwp,123,1
719,goal_072,9,col_exit,2156,-187.92,02,sthwp,123,1
720,goal_072,10,col_approach,1057,-20.16,02,sthwp,123,1
721,goal_073,1,col_approach,537,-99.64,02,sthwp,123,1
722,goal_073,2,col_exit,1926,155.21,02,sthwp,123,1
723,goal_073,3,col_approach,965,-36.66,02,sthwp,123,1
724,goal_073,4,col_exit,2164,-184.36,02,sthwp,123,1
725,goal_073,5,col_approach,1055,-20.57,02,sthwp,123,1
726,goal_073,6,col_approach,547,-103.64,02,sthwp,123,1
727,goal_073,7,col_exit,1920,154.77,02,sthwp,123,1
728,goal_073,8,col_approach,966,-42.17,02,sthwp,123,1
729,goal_073,9,col_exit,2156,-187.26,02,sthwp,123,1
730,goal_073,10,col_approach,1058,-20.88,02,sthwp,123,1
731,goal_074,1,col_approach,537,-100.66,02,sthwp,123,1
732,goal_074,2,col_exit,1927,153.99,02,sthwp,123,1
733,goal_074,3,col_approach,958,-35.97,02,sthwp,123,1
734,goal_074,4,col_exit,2168,-200.39,02,sthwp,123,1
735,goal_074,5,col_approach,1057,-21.31,02,sthwp,123,1
736,goal_074,6,col_approach,547,-105.09,02,sthwp,123,1
737,goal_074,7,col_exit,1921,153.56,02,sthwp,123,1
738,goal_074,8,col_approach,951,-35.1,02,sthwp,123,1
739,goal_074,9,col_exit,2166,-204.74,02,sthwp,123,1
740,goal_074,10,col_approach,1062,-21.97,02,sthwp,123,1
741,goal_075,1,col_approach,536,-101.39,02,sthwp,123,1
742,goal_075,2,col_exit,1927,153.2,02,sthwp,123,1
743,goal_075,3,col_approach,955,-35.94,02,sthwp,123,1
744,goal_075,4,col_approach,549,-122.61,02,sthwp,123,1
745,goal_075,5,col_exit,1866,147.35,02,sthwp,123,1
746,goal_075,6,col_approach,932,-39.31,02,sthwp,123,1
747,goal_075,7,col_exit,2138,-170.72,02,sthwp,123,1
748,goal_075,8,col_approach,1056,-20.2,02,sthwp,123,1
749,goal_075,9,col_approach,550,-104.03,02,sthwp,123,1
750,goal_075,10,col_exit,1918,155.03,02,sthwp,123,1
751,goal_076,1,col_approach,966,-40.22,02,sthwp,123,1
752,goal_076,2,col_exit,2158,-189.69,02,sthwp,123,1
753,goal_076,3,col_approach,1056,-20.75,02,sthwp,123,1
754,goal_076,4,col_approach,536,-100.06,02,sthwp,123,1
755,goal_076,5,col_exit,1927,154.62,02,sthwp,123,1
756,goal_076,6,col_approach,964,-37.29,02,sthwp,123,1
757,goal_076,7,col_exit,2162,-203.58,02,sthwp,123,1
758,goal_076,8,col_approach,1057,-20.9,02,sthwp,123,1
759,goal_076,9,col_approach,546,-103.83,02,sthwp,123,1
760,goal_076,10,col_exit,1921,154.46,02,sthwp,123,1
761,goal_077,1,col_approach,965,-42.17,02,sthwp,123,1
762,goal_077,2,col_exit,2158,-192.61,02,sthwp,123,1
763,goal_077,3,col_approach,1058,-21.54,02,sthwp,123,1
764,goal_077,4,col_approach,537,-101.45,02,sthwp,123,1
765,goal_077,5,col_exit,1937,151.98,02,sthwp,123,1
766,goal_077,6,col_approach,954,-37.07,02,sthwp,123,1
767,goal_077,7,col_exit,2159,-199.93,02,sthwp,123,1
768,goal_077,8,col_approach,1059,-21.84,02,sthwp,123,1
769,goal_077,9,col_approach,543,-104.87,02,sthwp,123,1
770,goal_077,10,col_exit,1926,153.25,02,sthwp,123,1
771,goal_078,1,col_approach,950,-35.42,02,sthwp,123,1
772,goal_078,2,col_exit,2167,-208.71,02,sthwp,123,1
773,goal_078,3,col_approach,1061,-22.37,02,sthwp,123,1
774,goal_078,4,col_approach,536,-101.32,02,sthwp,123,1
775,goal_078,5,col_approach,1926,103.45,02,sthwp,123,1
776,goal_078,6,col_approach,956,-36.36,02,sthwp,123,1
777,goal_078,7,col_approach,550,-121.02,02,sthwp,123,1
778,goal_078,8,col_approach,1865,97.42,02,sthwp,123,1
779,goal_078,9,col_approach,932,-39.75,02,sthwp,123,1
780,goal_078,10,col_exit,2138,-177.36,02,sthwp,123,1
781,goal_079,1,exito,4284,856.99,02,sthwp,123,1
782,goal_079,2,exito,4283,857.18,02,sthwp,123,1
783,goal_079,3,exito,4283,857.18,02,sthwp,123,1
784,goal_079,4,exito,4283,857.18,02,sthwp,123,1
785,goal_079,5,exito,4283,857.12,02,sthwp,123,1
786,goal_079,6,exito,4283,857.11,02,sthwp,123,1
787,goal_079,7,exito,4283,857.1,02,sthwp,123,1
788,goal_079,8,exito,4283,857.16,02,sthwp,123,1
789,goal_079,9,exito,4283,857.18,02,sthwp,123,1
790,goal_079,10,exito,4283,857.2,02,sthwp,123,1
791,goal_080,1,exito,4282,856.06,02,sthwp,123,1
792,goal_080,2,exito,4282,856.04,02,sthwp,123,1
793,goal_080,3,exito,4282,856.01,02,sthwp,123,1
794,goal_080,4,exito,4282,856.01,02,sthwp,123,1
795,goal_080,5,exito,4282,856.03,02,sthwp,123,1
796,goal_080,6,exito,4282,856.05,02,sthwp,123,1
797,goal_080,7,exito,4282,856.08,02,sthwp,123,1
798,goal_080,8,exito,4282,856.08,02,sthwp,123,1
799,goal_080,9,exito,4282,856.07,02,sthwp,123,1
800,goal_080,10,exito,4282,856.05,02,sthwp,123,1
801,goal_081,1,exito,4283,856.2,02,sthwp,123,1
802,goal_081,2,exito,4283,856.18,02,sthwp,123,1
803,goal_081,3,exito,4283,856.19,02,sthwp,123,1
804,goal_081,4,exito,4283,856.23,02,sthwp,123,1
805,goal_081,5,exito,4282,855.97,02,sthwp,123,1
806,goal_081,6,exito,4283,856.22,02,sthwp,123,1
807,goal_081,7,exito,4283,856.19,02,sthwp,123,1
808,goal_081,8,exito,4283,856.16,02,sthwp,123,1
809,goal_081,9,exito,4283,856.19,02,sthwp,123,1
810,goal_081,10,exito,4283,856.24,02,sthwp,123,1
811,goal_082,1,exito,4280,856.44,02,sthwp,123,1
812,goal_082,2,exito,4280,856.44,02,sthwp,123,1
813,goal_082,3,exito,4280,856.44,02,sthwp,123,1
814,goal_082,4,exito,4280,856.43,02,sthwp,123,1
815,goal_082,5,exito,4280,856.43,02,sthwp,123,1
816,goal_082,6,exito,4280,856.41,02,sthwp,123,1
817,goal_082,7,exito,4280,856.39,02,sthwp,123,1
818,goal_082,8,exito,4280,856.39,02,sthwp,123,1
819,goal_082,9,exito,4280,856.38,02,sthwp,123,1
820,goal_082,10,exito,4280,856.36,02,sthwp,123,1
821,goal_083,1,exito,4280,856.41,02,sthwp,123,1
822,goal_083,2,exito,4280,856.42,02,sthwp,123,1
823,goal_083,3,exito,4280,856.41,02,sthwp,123,1
824,goal_083,4,exito,4280,856.43,02,sthwp,123,1
825,goal_083,5,exito,4280,856.46,02,sthwp,123,1
826,goal_083,6,exito,4280,856.45,02,sthwp,123,1
827,goal_083,7,exito,4280,856.46,02,sthwp,123,1
828,goal_083,8,exito,4280,856.45,02,sthwp,123,1
829,goal_083,9,exito,4280,856.46,02,sthwp,123,1
830,goal_083,10,exito,4280,856.45,02,sthwp,123,1
831,goal_084,1,exito,4280,856.45,02,sthwp,123,1
832,goal_084,2,exito,4280,856.43,02,sthwp,123,1
833,goal_084,3,exito,4280,856.41,02,sthwp,123,1
834,goal_084,4,exito,4280,856.41,02,sthwp,123,1
835,goal_084,5,exito,4280,856.39,02,sthwp,123,1
836,goal_084,6,exito,4280,856.4,02,sthwp,123,1
837,goal_084,7,exito,4280,856.42,02,sthwp,123,1
838,goal_084,8,exito,4280,856.42,02,sthwp,123,1
839,goal_084,9,exito,4280,856.44,02,sthwp,123,1
840,goal_084,10,exito,4280,856.46,02,sthwp,123,1
841,goal_085,1,exito,4280,856.48,02,sthwp,123,1
842,goal_085,2,exito,4280,856.48,02,sthwp,123,1
843,goal_085,3,exito,4280,856.48,02,sthwp,123,1
844,goal_085,4,exito,4280,856.5,02,sthwp,123,1
845,goal_085,5,exito,4280,856.48,02,sthwp,123,1
846,goal_085,6,exito,4280,856.47,02,sthwp,123,1
847,goal_085,7,exito,4280,856.47,02,sthwp,123,1
848,goal_085,8,exito,4280,856.44,02,sthwp,123,1
849,goal_085,9,exito,4280,856.43,02,sthwp,123,1
850,goal_085,10,exito,4280,856.44,02,sthwp,123,1
851,goal_086,1,exito,4280,856.45,02,sthwp,123,1
852,goal_086,2,exito,4280,856.45,02,sthwp,123,1
853,goal_086,3,exito,4280,856.47,02,sthwp,123,1
854,goal_086,4,exito,4280,856.48,02,sthwp,123,1
855,goal_086,5,exito,4280,856.49,02,sthwp,123,1
856,goal_086,6,exito,4280,856.52,02,sthwp,123,1
857,goal_086,7,exito,4280,856.52,02,sthwp,123,1
858,goal_086,8,exito,4280,856.53,02,sthwp,123,1
859,goal_086,9,exito,4280,856.51,02,sthwp,123,1
860,goal_086,10,exito,4280,856.52,02,sthwp,123,1
861,goal_087,1,exito,4280,856.53,02,sthwp,123,1
862,goal_087,2,exito,4280,856.53,02,sthwp,123,1
863,goal_087,3,exito,4280,856.49,02,sthwp,123,1
864,goal_087,4,exito,4280,856.48,02,sthwp,123,1
865,goal_087,5,exito,4280,856.48,02,sthwp,123,1
866,goal_087,6,exito,4280,856.48,02,sthwp,123,1
867,goal_087,7,exito,4280,856.47,02,sthwp,123,1
868,goal_087,8,exito,4280,856.49,02,sthwp,123,1
869,goal_087,9,exito,4280,856.51,02,sthwp,123,1
870,goal_087,10,exito,4280,856.51,02,sthwp,123,1
871,goal_088,1,exito,4280,856.56,02,sthwp,123,1
872,goal_088,2,exito,4280,856.57,02,sthwp,123,1
873,goal_088,3,exito,4280,856.57,02,sthwp,123,1
874,goal_088,4,exito,4280,856.57,02,sthwp,123,1
875,goal_088,5,exito,4280,856.57,02,sthwp,123,1
876,goal_088,6,exito,4280,856.55,02,sthwp,123,1
877,goal_088,7,exito,4280,856.54,02,sthwp,123,1
878,goal_088,8,exito,4280,856.52,02,sthwp,123,1
879,goal_088,9,exito,4280,856.51,02,sthwp,123,1
880,goal_088,10,exito,4280,856.5,02,sthwp,123,1
881,goal_089,1,exito,4280,856.53,02,sthwp,123,1
882,goal_089,2,exito,4280,856.52,02,sthwp,123,1
883,goal_089,3,exito,4280,856.53,02,sthwp,123,1
884,goal_089,4,exito,4280,856.56,02,sthwp,123,1
885,goal_089,5,exito,4280,856.56,02,sthwp,123,1
886,goal_089,6,exito,4280,856.58,02,sthwp,123,1
887,goal_089,7,exito,4280,856.58,02,sthwp,123,1
888,goal_089,8,exito,4280,856.6,02,sthwp,123,1
889,goal_089,9,exito,4280,856.59,02,sthwp,123,1
890,goal_089,10,exito,4280,856.58,02,sthwp,123,1
891,goal_090,1,exito,4280,856.61,02,sthwp,123,1
892,goal_090,2,exito,4280,856.58,02,sthwp,123,1
893,goal_090,3,exito,4280,856.57,02,sthwp,123,1
894,goal_090,4,exito,4280,856.56,02,sthwp,123,1
895,goal_090,5,exito,4280,856.54,02,sthwp,123,1
896,goal_090,6,exito,4280,856.54,02,sthwp,123,1
897,goal_090,7,exito,4280,856.54,02,sthwp,123,1
898,goal_090,8,exito,4280,856.55,02,sthwp,123,1
899,goal_090,9,exito,4280,856.56,02,sthwp,123,1
900,goal_090,10,exito,4280,856.58,02,sthwp,123,1
901,goal_091,1,exito,4286,853.6,02,sthwp,123,1
902,goal_091,2,exito,4286,853.6,02,sthwp,123,1
903,goal_091,3,exito,4286,853.53,02,sthwp,123,1
904,goal_091,4,exito,4286,853.61,02,sthwp,123,1
905,goal_091,5,exito,4286,853.57,02,sthwp,123,1
906,goal_091,6,exito,4286,853.55,02,sthwp,123,1
907,goal_091,7,exito,4286,853.61,02,sthwp,123,1
908,goal_091,8,exito,4286,853.6,02,sthwp,123,1
909,goal_091,9,exito,4286,853.54,02,sthwp,123,1
910,goal_091,10,exito,4286,853.61,02,sthwp,123,1
911,goal_092,1,exito,4285,854.33,02,sthwp,123,1
912,goal_092,2,exito,4285,854.34,02,sthwp,123,1
913,goal_092,3,exito,4285,854.38,02,sthwp,123,1
914,goal_092,4,exito,4285,854.32,02,sthwp,123,1
915,goal_092,5,exito,4285,854.39,02,sthwp,123,1
916,goal_092,6,exito,4285,854.3,02,sthwp,123,1
917,goal_092,7,exito,4285,854.39,02,sthwp,123,1
918,goal_092,8,exito,4285,854.32,02,sthwp,123,1
919,goal_092,9,exito,4285,854.38,02,sthwp,123,1
920,goal_092,10,exito,4285,854.31,02,sthwp,123,1
921,goal_093,1,exito,4271,852.24,02,sthwp,123,1
922,goal_093,2,exito,4271,852.25,02,sthwp,123,1
923,goal_093,3,exito,4271,852.17,02,sthwp,123,1
924,goal_093,4,exito,4271,852.17,02,sthwp,123,1
925,goal_093,5,exito,4271,852.17,02,sthwp,123,1
926,goal_093,6,exito,4271,852.15,02,sthwp,123,1
927,goal_093,7,exito,4271,852.16,02,sthwp,123,1
928,goal_093,8,exito,4271,852.15,02,sthwp,123,1
929,goal_093,9,exito,4271,852.15,02,sthwp,123,1
930,goal_093,10,exito,4271,852.17,02,sthwp,123,1
931,goal_094,1,exito,4271,852.33,02,sthwp,123,1
932,goal_094,2,exito,4271,852.34,02,sthwp,123,1
933,goal_094,3,exito,4271,852.35,02,sthwp,123,1
934,goal_094,4,exito,4271,852.34,02,sthwp,123,1
935,goal_094,5,exito,4271,852.35,02,sthwp,123,1
936,goal_094,6,exito,4271,852.35,02,sthwp,123,1
937,goal_094,7,exito,4271,852.35,02,sthwp,123,1
938,goal_094,8,exito,4271,852.36,02,sthwp,123,1
939,goal_094,9,exito,4271,852.35,02,sthwp,123,1
940,goal_094,10,exito,4271,852.34,02,sthwp,123,1
941,goal_095,1,exito,4271,852.44,02,sthwp,123,1
942,goal_095,2,exito,4271,852.44,02,sthwp,123,1
943,goal_095,3,exito,4271,852.44,02,sthwp,123,1
944,goal_095,4,exito,4271,852.44,02,sthwp,123,1
945,goal_095,5,exito,4271,852.42,02,sthwp,123,1
946,goal_095,6,exito,4271,852.42,02,sthwp,123,1
947,goal_095,7,exito,4271,852.41,02,sthwp,123,1
948,goal_095,8,exito,4271,852.4,02,sthwp,123,1
949,goal_095,9,exito,4271,852.41,02,sthwp,123,1
950,goal_095,10,exito,4271,852.41,02,sthwp,123,1
951,goal_096,1,exito,4274,852.39,02,sthwp,123,1
952,goal_096,2,exito,4274,852.43,02,sthwp,123,1
953,goal_096,3,exito,4274,852.44,02,sthwp,123,1
954,goal_096,4,exito,4274,852.4,02,sthwp,123,1
955,goal_096,5,exito,4274,852.42,02,sthwp,123,1
956,goal_096,6,exito,4274,852.44,02,sthwp,123,1
957,goal_096,7,exito,4274,852.39,02,sthwp,123,1
958,goal_096,8,exito,4274,852.41,02,sthwp,123,1
959,goal_096,9,exito,4274,852.44,02,sthwp,123,1
960,goal_096,10,exito,4274,852.4,02,sthwp,123,1
961,goal_097,1,exito,4274,852.41,02,sthwp,123,1
962,goal_097,2,exito,4274,852.44,02,sthwp,123,1
963,goal_097,3,exito,4274,852.43,02,sthwp,123,1
964,goal_097,4,exito,4274,852.4,02,sthwp,123,1
965,goal_097,5,exito,4274,852.43,02,sthwp,123,1
966,goal_097,6,exito,4274,852.43,02,sthwp,123,1
967,goal_097,7,exito,4274,852.4,02,sthwp,123,1
968,goal_097,8,exito,4274,852.41,02,sthwp,123,1
969,goal_097,9,exito,4274,852.44,02,sthwp,123,1
970,goal_097,10,exito,4274,852.41,02,sthwp,123,1
971,goal_098,1,exito,4274,852.42,02,sthwp,123,1
972,goal_098,2,exito,4274,852.47,02,sthwp,123,1
973,goal_098,3,exito,4274,852.44,02,sthwp,123,1
974,goal_098,4,exito,4274,852.36,02,sthwp,123,1
975,goal_098,5,exito,4274,852.46,02,sthwp,123,1
976,goal_098,6,exito,4274,852.44,02,sthwp,123,1
977,goal_098,7,exito,4274,852.36,02,sthwp,123,1
978,goal_098,8,exito,4274,852.45,02,sthwp,123,1
979,goal_098,9,exito,4274,852.45,02,sthwp,123,1
980,goal_098,10,exito,4274,852.43,02,sthwp,123,1
981,goal_099,1,exito,4274,852.44,02,sthwp,123,1
982,goal_099,2,exito,4274,852.46,02,sthwp,123,1
983,goal_099,3,exito,4274,852.44,02,sthwp,123,1
984,goal_099,4,exito,4274,852.43,02,sthwp,123,1
985,goal_099,5,exito,4274,852.46,02,sthwp,123,1
986,goal_099,6,exito,4274,852.44,02,sthwp,123,1
987,goal_099,7,exito,4274,852.36,02,sthwp,123,1
988,goal_099,8,exito,4274,852.45,02,sthwp,123,1
989,goal_099,9,exito,4274,852.45,02,sthwp,123,1
990,goal_099,10,exito,4274,852.36,02,sthwp,123,1
991,goal_100,1,exito,4274,852.41,02,sthwp,123,1
992,goal_100,2,exito,4274,852.43,02,sthwp,123,1
993,goal_100,3,exito,4274,852.38,02,sthwp,123,1
994,goal_100,4,exito,4274,852.4,02,sthwp,123,1
995,goal_100,5,exito,4274,852.43,02,sthwp,123,1
996,goal_100,6,exito,4274,852.39,02,sthwp,123,1
997,goal_100,7,exito,4274,852.39,02,sthwp,123,1
998,goal_100,8,exito,4274,852.42,02,sthwp,123,1
999,goal_100,9,exito,4274,852.41,02,sthwp,123,1
1000,goal_100,10,exito,4274,852.38,02,sthwp,123,1
1001,goal_101,1,exito,4274,852.42,02,sthwp,123,1
1002,goal_101,2,exito,4274,852.42,02,sthwp,123,1
1003,goal_101,3,exito,4274,852.39,02,sthwp,123,1
1004,goal_101,4,exito,4274,852.4,02,sthwp,123,1
1005,goal_101,5,exito,4274,852.42,02,sthwp,123,1
1006,goal_101,6,exito,4274,852.39,02,sthwp,123,1
1007,goal_101,7,exito,4274,852.38,02,sthwp,123,1
1008,goal_101,8,exito,4274,852.42,02,sthwp,123,1
1009,goal_101,9,exito,4274,852.41,02,sthwp,123,1
1010,goal_101,10,exito,4274,852.37,02,sthwp,123,1
1011,goal_102,1,exito,4274,852.42,02,sthwp,123,1
1012,goal_102,2,exito,4274,852.41,02,sthwp,123,1
1013,goal_102,3,exito,4274,852.38,02,sthwp,123,1
1014,goal_102,4,exito,4274,852.42,02,sthwp,123,1
1015,goal_102,5,exito,4274,852.42,02,sthwp,123,1
1016,goal_102,6,exito,4274,852.38,02,sthwp,123,1
1017,goal_102,7,exito,4274,852.39,02,sthwp,123,1
1018,goal_102,8,exito,4274,852.42,02,sthwp,123,1
1019,goal_102,9,exito,4274,852.39,02,sthwp,123,1
1020,goal_102,10,exito,4274,852.39,02,sthwp,123,1
1021,goal_103,1,exito,4274,852.44,02,sthwp,123,1
1022,goal_103,2,exito,4274,852.43,02,sthwp,123,1
1023,goal_103,3,exito,4274,852.42,02,sthwp,123,1
1024,goal_103,4,exito,4274,852.44,02,sthwp,123,1
1025,goal_103,5,exito,4274,852.44,02,sthwp,123,1
1026,goal_103,6,exito,4274,852.41,02,sthwp,123,1
1027,goal_103,7,exito,4274,852.42,02,sthwp,123,1
1028,goal_103,8,exito,4274,852.44,02,sthwp,123,1
1029,goal_103,9,exito,4274,852.41,02,sthwp,123,1
1030,goal_103,10,exito,4274,852.41,02,sthwp,123,1
1031,goal_104,1,exito,4274,852.45,02,sthwp,123,1
1032,goal_104,2,exito,4274,852.43,02,sthwp,123,1
1033,goal_104,3,exito,4274,852.41,02,sthwp,123,1
1034,goal_104,4,exito,4274,852.45,02,sthwp,123,1
1035,goal_104,5,exito,4274,852.43,02,sthwp,123,1
1036,goal_104,6,exito,4274,852.4,02,sthwp,123,1
1037,goal_104,7,exito,4274,852.44,02,sthwp,123,1
1038,goal_104,8,exito,4274,852.44,02,sthwp,123,1
1039,goal_104,9,exito,4274,852.41,02,sthwp,123,1
1040,goal_104,10,exito,4274,852.43,02,sthwp,123,1
1041,goal_105,1,exito,4289,853.42,02,sthwp,123,1
1042,goal_105,2,exito,4289,853.42,02,sthwp,123,1
1043,goal_105,3,exito,4289,853.41,02,sthwp,123,1
1044,goal_105,4,exito,4289,853.34,02,sthwp,123,1
1045,goal_105,5,exito,4289,853.33,02,sthwp,123,1
1046,goal_105,6,exito,4289,853.31,02,sthwp,123,1
1047,goal_105,7,exito,4289,853.29,02,sthwp,123,1
1048,goal_105,8,exito,4289,853.28,02,sthwp,123,1
1049,goal_105,9,exito,4289,853.27,02,sthwp,123,1
1050,goal_105,10,exito,4289,853.28,02,sthwp,123,1
1051,goal_106,1,exito,4293,853.05,02,sthwp,123,1
1052,goal_106,2,exito,4293,853.01,02,sthwp,123,1
1053,goal_106,3,exito,4293,853.08,02,sthwp,123,1
1054,goal_106,4,exito,4293,853.02,02,sthwp,123,1
1055,goal_106,5,exito,4293,853.02,02,sthwp,123,1
1056,goal_106,6,exito,4293,853.08,02,sthwp,123,1
1057,goal_106,7,exito,4293,853.06,02,sthwp,123,1
1058,goal_106,8,exito,4293,853.0,02,sthwp,123,1
1059,goal_106,9,exito,4293,853.07,02,sthwp,123,1
1060,goal_106,10,exito,4293,853.07,02,sthwp,123,1
1061,goal_107,1,exito,4629,914.18,02,sthwp,123,1
1062,goal_107,2,exito,4630,914.32,02,sthwp,123,1
1063,goal_107,3,exito,4629,914.2,02,sthwp,123,1
1064,goal_107,4,exito,4629,914.19,02,sthwp,123,1
1065,goal_107,5,exito,4629,914.18,02,sthwp,123,1
1066,goal_107,6,exito,4629,914.19,02,sthwp,123,1
1067,goal_107,7,exito,4630,914.33,02,sthwp,123,1
1068,goal_107,8,exito,4629,914.21,02,sthwp,123,1
1069,goal_107,9,exito,4630,914.32,02,sthwp,123,1
1070,goal_107,10,exito,4629,914.21,02,sthwp,123,1
1071,goal_108,1,exito,4611,912.05,02,sthwp,123,1
1072,goal_108,2,exito,4611,912.09,02,sthwp,123,1
1073,goal_108,3,exito,4611,912.1,02,sthwp,123,1
1074,goal_108,4,exito,4611,912.06,02,sthwp,123,1
1075,goal_108,5,exito,4611,912.06,02,sthwp,123,1
1076,goal_108,6,exito,4611,912.06,02,sthwp,123,1
1077,goal_108,7,exito,4611,912.1,02,sthwp,123,1
1078,goal_108,8,exito,4611,912.11,02,sthwp,123,1
1079,goal_108,9,exito,4611,912.09,02,sthwp,123,1
1080,goal_108,10,exito,4611,912.06,02,sthwp,123,1
1081,goal_109,1,exito,4610,911.87,02,sthwp,123,1
1082,goal_109,2,exito,4609,911.8,02,sthwp,123,1
1083,goal_109,3,exito,4610,911.86,02,sthwp,123,1
1084,goal_109,4,exito,4610,911.85,02,sthwp,123,1
1085,goal_109,5,exito,4610,911.89,02,sthwp,123,1
1086,goal_109,6,exito,4610,911.88,02,sthwp,123,1
1087,goal_109,7,exito,4610,911.88,02,sthwp,123,1
1088,goal_109,8,exito,4610,911.88,02,sthwp,123,1
1089,goal_109,9,exito,4610,911.89,02,sthwp,123,1
1090,goal_109,10,exito,4610,911.85,02,sthwp,123,1
1091,goal_110,1,exito,4609,911.72,02,sthwp,123,1
1092,goal_110,2,exito,4609,911.72,02,sthwp,123,1
1093,goal_110,3,exito,4609,911.72,02,sthwp,123,1
1094,goal_110,4,exito,4609,911.72,02,sthwp,123,1
1095,goal_110,5,exito,4609,911.71,02,sthwp,123,1
1096,goal_110,6,exito,4609,911.75,02,sthwp,123,1
1097,goal_110,7,exito,4609,911.71,02,sthwp,123,1
1098,goal_110,8,exito,4609,911.72,02,sthwp,123,1
1099,goal_110,9,exito,4609,911.72,02,sthwp,123,1
1100,goal_110,10,exito,4609,911.72,02,sthwp,123,1
1101,goal_111,1,exito,4609,911.76,02,sthwp,123,1
1102,goal_111,2,exito,4609,911.71,02,sthwp,123,1
1103,goal_111,3,exito,4609,911.76,02,sthwp,123,1
1104,goal_111,4,exito,4609,911.72,02,sthwp,123,1
1105,goal_111,5,exito,4609,911.72,02,sthwp,123,1
1106,goal_111,6,exito,4610,911.81,02,sthwp,123,1
1107,goal_111,7,exito,4609,911.71,02,sthwp,123,1
1108,goal_111,8,exito,4609,911.75,02,sthwp,123,1
1109,goal_111,9,exito,4609,911.71,02,sthwp,123,1
1110,goal_111,10,exito,4609,911.77,02,sthwp,123,1
1111,goal_112,1,exito,4609,911.7,02,sthwp,123,1
1112,goal_112,2,exito,4609,911.75,02,sthwp,123,1
1113,goal_112,3,exito,4610,911.82,02,sthwp,123,1
1114,goal_112,4,exito,4609,911.7,02,sthwp,123,1
1115,goal_112,5,exito,4609,911.74,02,sthwp,123,1
1116,goal_112,6,exito,4609,911.74,02,sthwp,123,1
1117,goal_112,7,exito,4609,911.75,02,sthwp,123,1
1118,goal_112,8,exito,4609,911.73,02,sthwp,123,1
1119,goal_112,9,exito,4609,911.75,02,sthwp,123,1
1120,goal_112,10,exito,4610,911.82,02,sthwp,123,1
1121,goal_113,1,exito,4609,911.69,02,sthwp,123,1
1122,goal_113,2,exito,4609,911.74,02,sthwp,123,1
1123,goal_113,3,exito,4609,911.74,02,sthwp,123,1
1124,goal_113,4,exito,4610,911.82,02,sthwp,123,1
1125,goal_113,5,exito,4609,911.69,02,sthwp,123,1
1126,goal_113,6,exito,4610,911.82,02,sthwp,123,1
1127,goal_113,7,exito,4609,911.69,02,sthwp,123,1
1128,goal_113,8,exito,4610,911.83,02,sthwp,123,1
1129,goal_113,9,exito,4609,911.73,02,sthwp,123,1
1130,goal_113,10,exito,4610,911.82,02,sthwp,123,1
1131,goal_114,1,exito,4609,911.74,02,sthwp,123,1
1132,goal_114,2,exito,4610,911.83,02,sthwp,123,1
1133,goal_114,3,exito,4609,911.71,02,sthwp,123,1
1134,goal_114,4,exito,4608,911.62,02,sthwp,123,1
1135,goal_114,5,exito,4609,911.71,02,sthwp,123,1
1136,goal_114,6,exito,4609,911.76,02,sthwp,123,1
1137,goal_114,7,exito,4610,911.83,02,sthwp,123,1
1138,goal_114,8,exito,4609,911.7,02,sthwp,123,1
1139,goal_114,9,exito,4609,911.76,02,sthwp,123,1
1140,goal_114,10,exito,4610,911.83,02,sthwp,123,1
1141,goal_115,1,exito,4609,911.71,02,sthwp,123,1
1142,goal_115,2,exito,4609,911.72,02,sthwp,123,1
1143,goal_115,3,exito,4609,911.71,02,sthwp,123,1
1144,goal_115,4,exito,4609,911.72,02,sthwp,123,1
1145,goal_115,5,exito,4609,911.71,02,sthwp,123,1
1146,goal_115,6,exito,4609,911.76,02,sthwp,123,1
1147,goal_115,7,exito,4609,911.72,02,sthwp,123,1
1148,goal_115,8,exito,4609,911.72,02,sthwp,123,1
1149,goal_115,9,exito,4610,911.83,02,sthwp,123,1
1150,goal_115,10,exito,4609,911.71,02,sthwp,123,1
1151,goal_116,1,exito,4609,911.72,02,sthwp,123,1
1152,goal_116,2,exito,4609,911.71,02,sthwp,123,1
1153,goal_116,3,exito,4609,911.76,02,sthwp,123,1
1154,goal_116,4,exito,4609,911.71,02,sthwp,123,1
1155,goal_116,5,exito,4608,911.62,02,sthwp,123,1
1156,goal_116,6,exito,4609,911.71,02,sthwp,123,1
1157,goal_116,7,exito,4609,911.71,02,sthwp,123,1
1158,goal_116,8,exito,4609,911.76,02,sthwp,123,1
1159,goal_116,9,exito,4609,911.71,02,sthwp,123,1
1160,goal_116,10,exito,4608,911.63,02,sthwp,123,1
1161,goal_117,1,exito,4609,911.71,02,sthwp,123,1
1162,goal_117,2,exito,4609,911.69,02,sthwp,123,1
1163,goal_117,3,exito,4609,911.71,02,sthwp,123,1
1164,goal_117,4,exito,4609,911.7,02,sthwp,123,1
1165,goal_117,5,exito,4609,911.75,02,sthwp,123,1
1166,goal_117,6,exito,4610,911.81,02,sthwp,123,1
1167,goal_117,7,exito,4609,911.7,02,sthwp,123,1
1168,goal_117,8,exito,4609,911.7,02,sthwp,123,1
1169,goal_117,9,exito,4609,911.7,02,sthwp,123,1
1170,goal_117,10,exito,4610,911.81,02,sthwp,123,1
1171,goal_118,1,exito,4609,911.67,02,sthwp,123,1
1172,goal_118,2,exito,4609,911.67,02,sthwp,123,1
1173,goal_118,3,exito,4609,911.67,02,sthwp,123,1
1174,goal_118,4,exito,4609,911.71,02,sthwp,123,1
1175,goal_118,5,exito,4609,911.67,02,sthwp,123,1
1176,goal_118,6,exito,4609,911.71,02,sthwp,123,1
1177,goal_118,7,exito,4609,911.7,02,sthwp,123,1
1178,goal_118,8,exito,4609,911.7,02,sthwp,123,1
1179,goal_118,9,exito,4609,911.71,02,sthwp,123,1
1180,goal_118,10,exito,4609,911.7,02,sthwp,123,1
1181,goal_119,1,exito,4610,912.1,02,sthwp,123,1
1182,goal_119,2,exito,4610,912.06,02,sthwp,123,1
1183,goal_119,3,exito,4610,912.1,02,sthwp,123,1
1184,goal_119,4,exito,4610,912.09,02,sthwp,123,1
1185,goal_119,5,exito,4610,912.09,02,sthwp,123,1
1186,goal_119,6,exito,4610,912.06,02,sthwp,123,1
1187,goal_119,7,exito,4610,912.09,02,sthwp,123,1
1188,goal_119,8,exito,4610,912.05,02,sthwp,123,1
1189,goal_119,9,exito,4610,912.06,02,sthwp,123,1
1190,goal_119,10,exito,4610,912.06,02,sthwp,123,1
1191,goal_120,1,exito,4617,913.07,02,sthwp,123,1
1192,goal_120,2,exito,4617,913.1,02,sthwp,123,1
1193,goal_120,3,exito,4617,913.09,02,sthwp,123,1
1194,goal_120,4,exito,4617,913.07,02,sthwp,123,1
1195,goal_120,5,exito,4617,913.09,02,sthwp,123,1
1196,goal_120,6,exito,4617,913.09,02,sthwp,123,1
1197,goal_120,7,exito,4617,913.07,02,sthwp,123,1
1198,goal_120,8,exito,4617,913.09,02,sthwp,123,1
1199,goal_120,9,exito,4617,913.09,02,sthwp,123,1
1200,goal_120,10,exito,4617,913.07,02,sthwp,123,1
1201,goal_121,1,exito,4687,920.36,02,sthwp,123,1
1202,goal_121,2,exito,4687,920.35,02,sthwp,123,1
1203,goal_121,3,exito,4687,920.34,02,sthwp,123,1
1204,goal_121,4,exito,4687,920.37,02,sthwp,123,1
1205,goal_121,5,exito,4687,920.35,02,sthwp,123,1
1206,goal_121,6,exito,4687,920.36,02,sthwp,123,1
1207,goal_121,7,exito,4687,920.35,02,sthwp,123,1
1208,goal_121,8,exito,4687,920.35,02,sthwp,123,1
1209,goal_121,9,exito,4687,920.34,02,sthwp,123,1
1210,goal_121,10,exito,4687,920.35,02,sthwp,123,1
1211,goal_122,1,exito,4648,915.29,02,sthwp,123,1
1212,goal_122,2,exito,4648,915.29,02,sthwp,123,1
1213,goal_122,3,exito,4648,915.26,02,sthwp,123,1
1214,goal_122,4,exito,4648,915.28,02,sthwp,123,1
1215,goal_122,5,exito,4648,915.28,02,sthwp,123,1
1216,goal_122,6,exito,4648,915.26,02,sthwp,123,1
1217,goal_122,7,exito,4648,915.3,02,sthwp,123,1
1218,goal_122,8,exito,4648,915.28,02,sthwp,123,1
1219,goal_122,9,exito,4648,915.28,02,sthwp,123,1
1220,goal_122,10,exito,4648,915.26,02,sthwp,123,1
1221,goal_123,1,exito,4634,912.88,02,sthwp,123,1
1222,goal_123,2,exito,4634,912.88,02,sthwp,123,1
1223,goal_123,3,exito,4634,912.84,02,sthwp,123,1
1224,goal_123,4,exito,4634,912.88,02,sthwp,123,1
1225,goal_123,5,exito,4634,912.85,02,sthwp,123,1
1226,goal_123,6,exito,4634,912.85,02,sthwp,123,1
1227,goal_123,7,exito,4634,912.86,02,sthwp,123,1
1228,goal_123,8,exito,4634,912.85,02,sthwp,123,1
1229,goal_123,9,exito,4634,912.87,02,sthwp,123,1
1230,goal_123,10,exito,4634,912.87,02,sthwp,123,1
1231,goal_124,1,exito,4630,912.11,02,sthwp,123,1
1232,goal_124,2,exito,4630,912.11,02,sthwp,123,1
1233,goal_124,3,exito,4630,912.11,02,sthwp,123,1
1234,goal_124,4,exito,4630,912.08,02,sthwp,123,1
1235,goal_124,5,exito,4630,912.08,02,sthwp,123,1
1236,goal_124,6,exito,4630,912.12,02,sthwp,123,1
1237,goal_124,7,exito,4630,912.1,02,sthwp,123,1
1238,goal_124,8,exito,4630,912.1,02,sthwp,123,1
1239,goal_124,9,exito,4630,912.11,02,sthwp,123,1
1240,goal_124,10,exito,4630,912.08,02,sthwp,123,1
1241,goal_125,1,exito,4630,912.1,02,sthwp,123,1
1242,goal_125,2,exito,4630,912.1,02,sthwp,123,1
1243,goal_125,3,exito,4630,912.12,02,sthwp,123,1
1244,goal_125,4,exito,4630,912.12,02,sthwp,123,1
1245,goal_125,5,exito,4630,912.12,02,sthwp,123,1
1246,goal_125,6,exito,4630,912.09,02,sthwp,123,1
1247,goal_125,7,exito,4630,912.1,02,sthwp,123,1
1248,goal_125,8,exito,4630,912.1,02,sthwp,123,1
1249,goal_125,9,exito,4630,912.09,02,sthwp,123,1
1250,goal_125,10,exito,4630,912.11,02,sthwp,123,1
1251,goal_126,1,exito,4634,913.21,02,sthwp,123,1
1252,goal_126,2,exito,4634,913.21,02,sthwp,123,1
1253,goal_126,3,exito,4634,913.21,02,sthwp,123,1
1254,goal_126,4,exito,4634,913.18,02,sthwp,123,1
1255,goal_126,5,exito,4634,913.19,02,sthwp,123,1
1256,goal_126,6,exito,4634,913.18,02,sthwp,123,1
1257,goal_126,7,exito,4634,913.21,02,sthwp,123,1
1258,goal_126,8,exito,4634,913.21,02,sthwp,123,1
1259,goal_126,9,exito,4634,913.21,02,sthwp,123,1
1260,goal_126,10,exito,4634,913.18,02,sthwp,123,1
1261,goal_127,1,exito,4638,914.07,02,sthwp,123,1
1262,goal_127,2,exito,4638,914.09,02,sthwp,123,1
1263,goal_127,3,exito,4638,914.06,02,sthwp,123,1
1264,goal_127,4,exito,4638,914.1,02,sthwp,123,1
1265,goal_127,5,exito,4638,914.06,02,sthwp,123,1
1266,goal_127,6,exito,4638,914.06,02,sthwp,123,1
1267,goal_127,7,exito,4638,914.08,02,sthwp,123,1
1268,goal_127,8,exito,4638,914.06,02,sthwp,123,1
1269,goal_127,9,exito,4638,914.05,02,sthwp,123,1
1270,goal_127,10,exito,4637,914.01,02,sthwp,123,1
1271,goal_128,1,exito,4632,912.76,02,sthwp,123,1
1272,goal_128,2,exito,4632,912.77,02,sthwp,123,1
1273,goal_128,3,exito,4632,912.73,02,sthwp,123,1
1274,goal_128,4,exito,4632,912.77,02,sthwp,123,1
1275,goal_128,5,exito,4632,912.74,02,sthwp,123,1
1276,goal_128,6,exito,4632,912.73,02,sthwp,123,1
1277,goal_128,7,exito,4632,912.73,02,sthwp,123,1
1278,goal_128,8,exito,4632,912.73,02,sthwp,123,1
1279,goal_128,9,exito,4632,912.77,02,sthwp,123,1
1280,goal_128,10,exito,4632,912.73,02,sthwp,123,1
1281,goal_129,1,exito,4634,912.23,02,sthwp,123,1
1282,goal_129,2,exito,4634,912.19,02,sthwp,123,1
1283,goal_129,3,exito,4633,912.15,02,sthwp,123,1
1284,goal_129,4,exito,4634,912.2,02,sthwp,123,1
1285,goal_129,5,exito,4634,912.23,02,sthwp,123,1
1286,goal_129,6,exito,4634,912.23,02,sthwp,123,1
1287,goal_129,7,exito,4634,912.2,02,sthwp,123,1
1288,goal_129,8,exito,4634,912.2,02,sthwp,123,1
1289,goal_129,9,exito,4634,912.23,02,sthwp,123,1
1290,goal_129,10,exito,4634,912.23,02,sthwp,123,1
1291,goal_130,1,exito,4634,912.23,02,sthwp,123,1
1292,goal_130,2,exito,4634,912.24,02,sthwp,123,1
1293,goal_130,3,exito,4634,912.27,02,sthwp,123,1
1294,goal_130,4,exito,4634,912.22,02,sthwp,123,1
1295,goal_130,5,exito,4633,912.2,02,sthwp,123,1
1296,goal_130,6,exito,4634,912.27,02,sthwp,123,1
1297,goal_130,7,exito,4634,912.23,02,sthwp,123,1
1298,goal_130,8,exito,4634,912.26,02,sthwp,123,1
1299,goal_130,9,exito,4634,912.23,02,sthwp,123,1
1300,goal_130,10,exito,4634,912.24,02,sthwp,123,1
1301,goal_131,1,exito,4633,912.24,02,sthwp,123,1
1302,goal_131,2,exito,4633,912.24,02,sthwp,123,1
1303,goal_131,3,exito,4633,912.25,02,sthwp,123,1
1304,goal_131,4,exito,4633,912.26,02,sthwp,123,1
1305,goal_131,5,exito,4633,912.22,02,sthwp,123,1
1306,goal_131,6,exito,4633,912.25,02,sthwp,123,1
1307,goal_131,7,exito,4634,912.34,02,sthwp,123,1
1308,goal_131,8,exito,4633,912.21,02,sthwp,123,1
1309,goal_131,9,exito,4633,912.22,02,sthwp,123,1
1310,goal_131,10,exito,4633,912.23,02,sthwp,123,1
1311,goal_132,1,exito,4633,912.32,02,sthwp,123,1
1312,goal_132,2,exito,4632,912.26,02,sthwp,123,1
1313,goal_132,3,exito,4633,912.36,02,sthwp,123,1
1314,goal_132,4,exito,4632,912.25,02,sthwp,123,1
1315,goal_132,5,exito,4633,912.33,02,sthwp,123,1
1316,goal_132,6,exito,4633,912.33,02,sthwp,123,1
1317,goal_132,7,exito,4633,912.33,02,sthwp,123,1
1318,goal_132,8,exito,4633,912.36,02,sthwp,123,1
1319,goal_132,9,exito,4632,912.27,02,sthwp,123,1
1320,goal_132,10,exito,4633,912.33,02,sthwp,123,1
1321,goal_133,1,exito,4635,912.9,02,sthwp,123,1
1322,goal_133,2,exito,4633,912.66,02,sthwp,123,1
1323,goal_133,3,exito,4633,912.65,02,sthwp,123,1
1324,goal_133,4,exito,4635,912.86,02,sthwp,123,1
1325,goal_133,5,exito,4635,912.85,02,sthwp,123,1
1326,goal_133,6,exito,4633,912.65,02,sthwp,123,1
1327,goal_133,7,exito,4633,912.65,02,sthwp,123,1
1328,goal_133,8,exito,4635,912.89,02,sthwp,123,1
1329,goal_133,9,exito,4635,912.85,02,sthwp,123,1
1330,goal_133,10,exito,4633,912.65,02,sthwp,123,1
1331,goal_134,1,exito,4646,915.64,02,sthwp,123,1
1332,goal_134,2,exito,4646,915.66,02,sthwp,123,1
1333,goal_134,3,exito,4646,915.66,02,sthwp,123,1
1334,goal_134,4,exito,4646,915.63,02,sthwp,123,1
1335,goal_134,5,exito,4646,915.63,02,sthwp,123,1
1336,goal_134,6,exito,4646,915.64,02,sthwp,123,1
1337,goal_134,7,exito,4646,915.66,02,sthwp,123,1
1338,goal_134,8,exito,4646,915.66,02,sthwp,123,1
1339,goal_134,9,exito,4646,915.66,02,sthwp,123,1
1340,goal_134,10,exito,4646,915.63,02,sthwp,123,1
1341,goal_135,1,col_exit,2721,269.84,02,sthwp,123,1
1342,goal_135,2,exito,5404,1026.0,02,sthwp,123,1
1343,goal_135,3,col_exit,2721,269.84,02,sthwp,123,1
1344,goal_135,4,exito,5404,1026.01,02,sthwp,123,1
1345,goal_135,5,col_exit,2720,270.5,02,sthwp,123,1
1346,goal_135,6,exito,5404,1026.01,02,sthwp,123,1
1347,goal_135,7,col_exit,2720,270.49,02,sthwp,123,1
1348,goal_135,8,exito,5404,1026.01,02,sthwp,123,1
1349,goal_135,9,col_exit,2720,270.49,02,sthwp,123,1
1350,goal_135,10,exito,5404,1026.0,02,sthwp,123,1
1351,goal_136,1,exito,5380,1017.7,02,sthwp,123,1
1352,goal_136,2,exito,5380,1017.76,02,sthwp,123,1
1353,goal_136,3,exito,5380,1017.76,02,sthwp,123,1
1354,goal_136,4,exito,5380,1017.75,02,sthwp,123,1
1355,goal_136,5,exito,5380,1017.76,02,sthwp,123,1
1356,goal_136,6,exito,5380,1017.76,02,sthwp,123,1
1357,goal_136,7,exito,5380,1017.76,02,sthwp,123,1
1358,goal_136,8,exito,5380,1017.76,02,sthwp,123,1
1359,goal_136,9,exito,5380,1017.76,02,sthwp,123,1
1360,goal_136,10,exito,5380,1017.76,02,sthwp,123,1
1361,goal_137,1,exito,5409,1019.25,02,sthwp,123,1
1362,goal_137,2,col_exit,2714,263.73,02,sthwp,123,1
1363,goal_137,3,exito,5410,1019.07,02,sthwp,123,1
1364,goal_137,4,col_exit,2714,263.73,02,sthwp,123,1
1365,goal_137,5,exito,5410,1019.07,02,sthwp,123,1
1366,goal_137,6,col_exit,2714,263.72,02,sthwp,123,1
1367,goal_137,7,exito,5410,1019.07,02,sthwp,123,1
1368,goal_137,8,exito,5409,1019.25,02,sthwp,123,1
1369,goal_137,9,col_exit,2714,263.67,02,sthwp,123,1
1370,goal_137,10,exito,5410,1019.07,02,sthwp,123,1
1371,goal_138,1,col_exit,2714,263.54,02,sthwp,123,1
1372,goal_138,2,exito,5421,1016.37,02,sthwp,123,1
1373,goal_138,3,col_exit,2716,262.41,02,sthwp,123,1
1374,goal_138,4,exito,5422,1016.53,02,sthwp,123,1
1375,goal_138,5,col_exit,2716,262.45,02,sthwp,123,1
1376,goal_138,6,exito,5422,1016.52,02,sthwp,123,1
1377,goal_138,7,col_exit,2714,263.55,02,sthwp,123,1
1378,goal_138,8,exito,5421,1016.39,02,sthwp,123,1
1379,goal_138,9,col_exit,2715,263.21,02,sthwp,123,1
1380,goal_138,10,exito,5421,1016.39,02,sthwp,123,1
1381,goal_139,1,col_exit,2714,263.53,02,sthwp,123,1
1382,goal_139,2,exito,5399,1019.06,02,sthwp,123,1
1383,goal_139,3,col_exit,2716,262.46,02,sthwp,123,1
1384,goal_139,4,exito,5400,1019.18,02,sthwp,123,1
1385,goal_139,5,exito,5399,1019.36,02,sthwp,123,1
1386,goal_139,6,col_exit,2714,263.55,02,sthwp,123,1
1387,goal_139,7,exito,5400,1019.2,02,sthwp,123,1
1388,goal_139,8,exito,5399,1019.36,02,sthwp,123,1
1389,goal_139,9,exito,5399,1019.37,02,sthwp,123,1
1390,goal_139,10,col_exit,2714,263.53,02,sthwp,123,1
1391,goal_140,1,exito,5399,1019.06,02,sthwp,123,1
1392,goal_140,2,col_exit,2716,262.44,02,sthwp,123,1
1393,goal_140,3,exito,5400,1019.19,02,sthwp,123,1
1394,goal_140,4,exito,5399,1019.37,02,sthwp,123,1
1395,goal_140,5,exito,5399,1019.39,02,sthwp,123,1
1396,goal_140,6,col_exit,2714,263.57,02,sthwp,123,1
1397,goal_140,7,exito,5399,1019.07,02,sthwp,123,1
1398,goal_140,8,col_exit,2716,262.44,02,sthwp,123,1
1399,goal_140,9,exito,5400,1019.24,02,sthwp,123,1
1400,goal_140,10,exito,5399,1019.37,02,sthwp,123,1
1401,goal_141,1,exito,5399,1019.39,02,sthwp,123,1
1402,goal_141,2,col_exit,2714,263.57,02,sthwp,123,1
1403,goal_141,3,exito,5399,1019.06,02,sthwp,123,1
1404,goal_141,4,col_exit,2716,262.43,02,sthwp,123,1
1405,goal_141,5,exito,5400,1019.24,02,sthwp,123,1
1406,goal_141,6,exito,5399,1019.37,02,sthwp,123,1
1407,goal_141,7,exito,5399,1019.38,02,sthwp,123,1
1408,goal_141,8,exito,5399,1019.39,02,sthwp,123,1
1409,goal_141,9,exito,5399,1019.38,02,sthwp,123,1
1410,goal_141,10,exito,5399,1019.38,02,sthwp,123,1
1411,goal_142,1,exito,5398,1019.17,02,sthwp,123,1
1412,goal_142,2,col_exit,2716,262.45,02,sthwp,123,1
1413,goal_142,3,exito,5399,1019.09,02,sthwp,123,1
1414,goal_142,4,col_exit,2715,263.23,02,sthwp,123,1
1415,goal_142,5,exito,5399,1019.05,02,sthwp,123,1
1416,goal_142,6,col_exit,2716,262.47,02,sthwp,123,1
1417,goal_142,7,exito,5399,1019.09,02,sthwp,123,1
1418,goal_142,8,col_exit,2716,262.47,02,sthwp,123,1
1419,goal_142,9,exito,5400,1019.22,02,sthwp,123,1
1420,goal_142,10,exito,5399,1019.38,02,sthwp,123,1
1421,goal_143,1,exito,5399,1019.37,02,sthwp,123,1
1422,goal_143,2,exito,5399,1019.35,02,sthwp,123,1
1423,goal_143,3,exito,5398,1019.18,02,sthwp,123,1
1424,goal_143,4,col_exit,2715,262.98,02,sthwp,123,1
1425,goal_143,5,exito,5399,1019.04,02,sthwp,123,1
1426,goal_143,6,col_exit,2715,263.23,02,sthwp,123,1
1427,goal_143,7,exito,5399,1019.05,02,sthwp,123,1
1428,goal_143,8,col_exit,2714,263.56,02,sthwp,123,1
1429,goal_143,9,exito,5399,1019.04,02,sthwp,123,1
1430,goal_143,10,col_exit,2714,263.57,02,sthwp,123,1
1431,goal_144,1,exito,5399,1019.04,02,sthwp,123,1
1432,goal_144,2,col_exit,2716,262.43,02,sthwp,123,1
1433,goal_144,3,exito,5400,1019.17,02,sthwp,123,1
1434,goal_144,4,col_exit,2714,263.58,02,sthwp,123,1
1435,goal_144,5,exito,5399,1019.05,02,sthwp,123,1
1436,goal_144,6,col_exit,2715,263.23,02,sthwp,123,1
1437,goal_144,7,exito,5399,1019.05,02,sthwp,123,1
1438,goal_144,8,exito,5399,1019.36,02,sthwp,123,1
1439,goal_144,9,exito,5399,1019.36,02,sthwp,123,1
1440,goal_144,10,col_exit,2716,262.48,02,sthwp,123,1
1441,goal_145,1,exito,5400,1019.24,02,sthwp,123,1
1442,goal_145,2,exito,5399,1019.37,02,sthwp,123,1
1443,goal_145,3,exito,5399,1019.39,02,sthwp,123,1
1444,goal_145,4,col_exit,2714,263.55,02,sthwp,123,1
1445,goal_145,5,exito,5399,1019.05,02,sthwp,123,1
1446,goal_145,6,col_exit,2716,262.42,02,sthwp,123,1
1447,goal_145,7,exito,5400,1019.23,02,sthwp,123,1
1448,goal_145,8,exito,5399,1019.37,02,sthwp,123,1
1449,goal_145,9,exito,5399,1019.38,02,sthwp,123,1
1450,goal_145,10,col_exit,2714,263.55,02,sthwp,123,1
1451,goal_146,1,exito,5400,1019.16,02,sthwp,123,1
1452,goal_146,2,col_exit,2714,263.54,02,sthwp,123,1
1453,goal_146,3,exito,5400,1019.17,02,sthwp,123,1
1454,goal_146,4,col_exit,2714,263.46,02,sthwp,123,1
1455,goal_146,5,exito,5400,1019.16,02,sthwp,123,1
1456,goal_146,6,exito,5399,1019.28,02,sthwp,123,1
1457,goal_146,7,col_exit,2714,263.46,02,sthwp,123,1
1458,goal_146,8,exito,5400,1019.17,02,sthwp,123,1
1459,goal_146,9,exito,5399,1019.3,02,sthwp,123,1
1460,goal_146,10,col_exit,2714,263.46,02,sthwp,123,1
1461,goal_147,1,col_exit,2715,263.67,02,sthwp,123,1
1462,goal_147,2,col_exit,2715,263.04,02,sthwp,123,1
1463,goal_147,3,col_exit,2715,263.41,02,sthwp,123,1
1464,goal_147,4,col_exit,2715,263.39,02,sthwp,123,1
1465,goal_147,5,col_exit,2715,263.39,02,sthwp,123,1
1466,goal_147,6,col_exit,2715,263.39,02,sthwp,123,1
1467,goal_147,7,col_exit,2715,263.39,02,sthwp,123,1
1468,goal_147,8,col_exit,2715,263.39,02,sthwp,123,1
1469,goal_147,9,col_exit,2715,263.04,02,sthwp,123,1
1470,goal_147,10,col_exit,2715,263.39,02,sthwp,123,1
1471,goal_148,1,exito,5404,1020.11,02,sthwp,123,1
1472,goal_148,2,exito,5403,1020.25,02,sthwp,123,1
1473,goal_148,3,exito,5403,1020.24,02,sthwp,123,1
1474,goal_148,4,exito,5403,1020.24,02,sthwp,123,1
1475,goal_148,5,exito,5403,1020.25,02,sthwp,123,1
1476,goal_148,6,exito,5403,1020.25,02,sthwp,123,1
1477,goal_148,7,exito,5402,1020.16,02,sthwp,123,1
1478,goal_148,8,exito,5403,1020.25,02,sthwp,123,1
1479,goal_148,9,exito,5402,1020.16,02,sthwp,123,1
1480,goal_148,10,exito,5401,1020.04,02,sthwp,123,1
1481,goal_149,1,exito,5705,1007.43,02,sthwp,123,1
1482,goal_149,2,col_exit,3054,248.22,02,sthwp,123,1
1483,goal_149,3,exito,5707,862.76,02,sthwp,123,1
1484,goal_149,4,exito,5706,1007.37,02,sthwp,123,1
1485,goal_149,5,exito,5705,1007.19,02,sthwp,123,1
1486,goal_149,6,col_exit,2947,276.31,02,sthwp,123,1
1487,goal_149,7,col_exit,2896,-285.8,02,sthwp,123,1
1488,goal_149,8,exito,5708,1006.62,02,sthwp,123,1
1489,goal_149,9,exito,5705,1007.26,02,sthwp,123,1
1490,goal_149,10,exito,5705,1007.31,02,sthwp,123,1
1491,goal_150,1,exito,5474,906.45,02,sthwp,123,1
1492,goal_150,2,col_exit,1918,127.36,02,sthwp,123,1
1493,goal_150,3,col_exit,2613,233.89,02,sthwp,123,1
1494,goal_150,4,exito,5475,823.62,02,sthwp,123,1
1495,goal_150,5,col_exit,1900,124.45,02,sthwp,123,1
1496,goal_150,6,col_exit,2596,235.51,02,sthwp,123,1
1497,goal_150,7,exito,5475,828.7,02,sthwp,123,1
1498,goal_150,8,col_exit,1887,130.66,02,sthwp,123,1
1499,goal_150,9,col_exit,2612,231.0,02,sthwp,123,1
1500,goal_150,10,exito,5474,821.24,02,sthwp,123,1
1501,goal_151,1,col_exit,1779,116.37,02,sthwp,123,1
1502,goal_151,2,col_exit,2551,228.62,02,sthwp,123,1
1503,goal_151,3,exito,5256,941.22,02,sthwp,123,1
1504,goal_151,4,col_exit,1964,146.32,02,sthwp,123,1
1505,goal_151,5,col_exit,2658,-128.64,02,sthwp,123,1
1506,goal_151,6,exito,5256,940.18,02,sthwp,123,1
1507,goal_151,7,col_exit,2018,150.54,02,sthwp,123,1
1508,goal_151,8,col_exit,1637,-191.04,02,sthwp,123,1
1509,goal_151,9,col_exit,1858,125.04,02,sthwp,123,1
1510,goal_151,10,col_exit,2576,216.7,02,sthwp,123,1
1511,goal_152,1,exito,5098,931.72,02,sthwp,123,1
1512,goal_152,2,col_exit,1991,153.45,02,sthwp,123,1
1513,goal_152,3,exito,5098,931.32,02,sthwp,123,1
1514,goal_152,4,col_exit,1772,122.28,02,sthwp,123,1
1515,goal_152,5,col_exit,1809,-144.26,02,sthwp,123,1
1516,goal_152,6,exito,5099,931.63,02,sthwp,123,1
1517,goal_152,7,col_exit,2423,202.51,02,sthwp,123,1
1518,goal_152,8,exito,5098,931.8,02,sthwp,123,1
1519,goal_152,9,col_exit,1989,147.38,02,sthwp,123,1
1520,goal_152,10,exito,5098,926.61,02,sthwp,123,1
1521,goal_153,1,exito,4955,926.7,02,sthwp,123,1
1522,goal_153,2,exito,4955,926.69,02,sthwp,123,1
1523,goal_153,3,exito,4955,926.71,02,sthwp,123,1
1524,goal_153,4,exito,4955,926.68,02,sthwp,123,1
1525,goal_153,5,exito,4955,926.68,02,sthwp,123,1
1526,goal_153,6,exito,4955,926.72,02,sthwp,123,1
1527,goal_153,7,exito,4955,926.7,02,sthwp,123,1
1528,goal_153,8,exito,4955,926.68,02,sthwp,123,1
1529,goal_153,9,exito,4955,926.71,02,sthwp,123,1
1530,goal_153,10,exito,4955,926.69,02,sthwp,123,1
1531,goal_154,1,exito,4715,895.56,02,sthwp,123,1
1532,goal_154,2,exito,4715,895.56,02,sthwp,123,1
1533,goal_154,3,exito,4715,895.59,02,sthwp,123,1
1534,goal_154,4,exito,4715,895.56,02,sthwp,123,1
1535,goal_154,5,exito,4715,895.57,02,sthwp,123,1
1536,goal_154,6,exito,4715,895.59,02,sthwp,123,1
1537,goal_154,7,exito,4715,895.57,02,sthwp,123,1
1538,goal_154,8,exito,4715,895.6,02,sthwp,123,1
1539,goal_154,9,exito,4715,895.6,02,sthwp,123,1
1540,goal_154,10,exito,4715,895.3,02,sthwp,123,1
1541,goal_155,1,exito,4631,896.46,02,sthwp,123,1
1542,goal_155,2,exito,4634,896.83,02,sthwp,123,1
1543,goal_155,3,exito,4631,896.46,02,sthwp,123,1
1544,goal_155,4,exito,4634,896.83,02,sthwp,123,1
1545,goal_155,5,exito,4631,896.46,02,sthwp,123,1
1546,goal_155,6,exito,4634,896.83,02,sthwp,123,1
1547,goal_155,7,exito,4631,896.45,02,sthwp,123,1
1548,goal_155,8,exito,4634,896.82,02,sthwp,123,1
1549,goal_155,9,exito,4631,896.45,02,sthwp,123,1
1550,goal_155,10,exito,4634,896.82,02,sthwp,123,1
1551,goal_156,1,exito,4842,924.54,02,sthwp,123,1
1552,goal_156,2,exito,4842,924.53,02,sthwp,123,1
1553,goal_156,3,exito,4842,924.53,02,sthwp,123,1
1554,goal_156,4,exito,4842,924.53,02,sthwp,123,1
1555,goal_156,5,exito,4842,924.54,02,sthwp,123,1
1556,goal_156,6,exito,4842,924.53,02,sthwp,123,1
1557,goal_156,7,exito,4842,924.53,02,sthwp,123,1
1558,goal_156,8,exito,4842,924.53,02,sthwp,123,1
1559,goal_156,9,exito,4842,924.54,02,sthwp,123,1
1560,goal_156,10,exito,4842,924.53,02,sthwp,123,1
1561,goal_157,1,exito,4933,958.74,02,sthwp,123,1
1562,goal_157,2,exito,4933,958.74,02,sthwp,123,1
1563,goal_157,3,exito,4933,958.74,02,sthwp,123,1
1564,goal_157,4,exito,4933,958.74,02,sthwp,123,1
1565,goal_157,5,exito,4933,958.74,02,sthwp,123,1
1566,goal_157,6,exito,4933,958.74,02,sthwp,123,1
1567,goal_157,7,exito,4933,958.74,02,sthwp,123,1
1568,goal_157,8,exito,4933,958.73,02,sthwp,123,1
1569,goal_157,9,exito,4933,958.74,02,sthwp,123,1
1570,goal_157,10,exito,4932,958.78,02,sthwp,123,1
1571,goal_158,1,exito,5112,972.82,02,sthwp,123,1
1572,goal_158,2,exito,5112,972.82,02,sthwp,123,1
1573,goal_158,3,exito,5112,972.82,02,sthwp,123,1
1574,goal_158,4,exito,5112,972.8,02,sthwp,123,1
1575,goal_158,5,exito,5112,972.82,02,sthwp,123,1
1576,goal_158,6,exito,5112,972.82,02,sthwp,123,1
1577,goal_158,7,exito,5112,972.81,02,sthwp,123,1
1578,goal_158,8,exito,5112,972.83,02,sthwp,123,1
1579,goal_158,9,exito,5112,972.81,02,sthwp,123,1
1580,goal_158,10,exito,5112,972.81,02,sthwp,123,1
1581,goal_159,1,exito,5332,1002.91,02,sthwp,123,1
1582,goal_159,2,exito,5332,1002.91,02,sthwp,123,1
1583,goal_159,3,exito,5332,1002.9,02,sthwp,123,1
1584,goal_159,4,exito,5332,1002.91,02,sthwp,123,1
1585,goal_159,5,exito,5332,1002.91,02,sthwp,123,1
1586,goal_159,6,exito,5332,1002.9,02,sthwp,123,1
1587,goal_159,7,exito,5332,1002.91,02,sthwp,123,1
1588,goal_159,8,exito,5332,1002.91,02,sthwp,123,1
1589,goal_159,9,exito,5332,1002.9,02,sthwp,123,1
1590,goal_159,10,exito,5332,1002.91,02,sthwp,123,1
1591,goal_160,1,exito,5582,1036.69,02,sthwp,123,1
1592,goal_160,2,exito,5582,1036.68,02,sthwp,123,1
1593,goal_160,3,exito,5582,1036.68,02,sthwp,123,1
1594,goal_160,4,exito,5582,1036.68,02,sthwp,123,1
1595,goal_160,5,exito,5582,1036.68,02,sthwp,123,1
1596,goal_160,6,exito,5582,1036.68,02,sthwp,123,1
1597,goal_160,7,exito,5582,1036.68,02,sthwp,123,1
1598,goal_160,8,exito,5582,1036.68,02,sthwp,123,1
1599,goal_160,9,exito,5582,1036.68,02,sthwp,123,1
1600,goal_160,10,exito,5582,1036.68,02,sthwp,123,1
1601,goal_161,1,col_approach,541,-105.28,02,sthwp,123,1
1602,goal_161,2,col_approach,1915,104.72,02,sthwp,123,1
1603,goal_161,3,col_approach,964,-41.36,02,sthwp,123,1
1604,goal_161,4,exito,5736,638.74,02,sthwp,123,1
1605,goal_161,5,col_approach,933,-40.38,02,sthwp,123,1
1606,goal_161,6,exito,5717,672.69,02,sthwp,123,1
1607,goal_161,7,col_approach,934,-41.22,02,sthwp,123,1
1608,goal_161,8,exito,5715,695.51,02,sthwp,123,1
1609,goal_161,9,col_approach,933,-41.1,02,sthwp,123,1
1610,goal_161,10,exito,5715,690.39,02,sthwp,123,1
1611,goal_162,1,col_approach,935,-42.77,02,sthwp,123,1
1612,goal_162,2,exito,5521,687.34,02,sthwp,123,1
1613,goal_162,3,col_approach,1029,-26.88,02,sthwp,123,1
1614,goal_162,4,col_approach,514,-100.65,02,sthwp,123,1
1615,goal_162,5,col_approach,1915,104.99,02,sthwp,123,1
1616,goal_162,6,col_approach,962,-37.7,02,sthwp,123,1
1617,goal_162,7,exito,5545,606.09,02,sthwp,123,1
1618,goal_162,8,col_approach,1026,-24.93,02,sthwp,123,1
1619,goal_162,9,col_approach,524,-103.07,02,sthwp,123,1
1620,goal_162,10,col_approach,1919,103.32,02,sthwp,123,1
1621,goal_163,1,col_approach,957,-37.72,02,sthwp,123,1
1622,goal_163,2,exito,5320,581.2,02,sthwp,123,1
1623,goal_163,3,col_approach,1147,-14.78,02,sthwp,123,1
1624,goal_163,4,col_approach,570,-94.7,02,sthwp,123,1
1625,goal_163,5,col_approach,1938,110.35,02,sthwp,123,1
1626,goal_163,6,col_approach,976,-34.54,02,sthwp,123,1
1627,goal_163,7,col_approach,505,-108.07,02,sthwp,123,1
1628,goal_163,8,col_approach,1899,100.26,02,sthwp,123,1
1629,goal_163,9,col_approach,947,-38.93,02,sthwp,123,1
1630,goal_163,10,exito,5311,591.53,02,sthwp,123,1
1631,goal_164,1,col_approach,1134,-7.78,02,sthwp,123,1
1632,goal_164,2,col_approach,581,-97.01,02,sthwp,123,1
1633,goal_164,3,col_approach,1942,109.15,02,sthwp,123,1
1634,goal_164,4,col_approach,977,-35.57,02,sthwp,123,1
1635,goal_164,5,exito,5170,536.73,02,sthwp,123,1
1636,goal_164,6,col_approach,1220,3.35,02,sthwp,123,1
1637,goal_164,7,col_approach,609,-85.62,02,sthwp,123,1
1638,goal_164,8,col_approach,1971,111.81,02,sthwp,123,1
1639,goal_164,9,col_approach,986,-33.53,02,sthwp,123,1
1640,goal_164,10,col_approach,535,-120.74,02,sthwp,123,1
1641,goal_165,1,col_approach,1886,99.9,02,sthwp,123,1
1642,goal_165,2,col_approach,939,-38.53,02,sthwp,123,1
1643,goal_165,3,col_approach,2141,-241.57,02,sthwp,123,1
1644,goal_165,4,col_approach,1070,-26.95,02,sthwp,123,1
1645,goal_165,5,col_approach,531,-100.04,02,sthwp,123,1
1646,goal_165,6,col_approach,1921,106.96,02,sthwp,123,1
1647,goal_165,7,col_approach,968,-38.13,02,sthwp,123,1
1648,goal_165,8,col_approach,2156,-256.51,02,sthwp,123,1
1649,goal_165,9,col_approach,1058,-19.79,02,sthwp,123,1
1650,goal_165,10,col_approach,536,-98.91,02,sthwp,123,1
1651,goal_166,1,exito,4728,919.44,02,sthwp,123,1
1652,goal_166,2,exito,4727,919.73,02,sthwp,123,1
1653,goal_166,3,exito,4727,919.43,02,sthwp,123,1
1654,goal_166,4,exito,4727,919.72,02,sthwp,123,1
1655,goal_166,5,exito,4727,919.71,02,sthwp,123,1
1656,goal_166,6,exito,4727,919.72,02,sthwp,123,1
1657,goal_166,7,exito,4727,919.71,02,sthwp,123,1
1658,goal_166,8,exito,4727,919.72,02,sthwp,123,1
1659,goal_166,9,exito,4727,919.72,02,sthwp,123,1
1660,goal_166,10,exito,4727,919.73,02,sthwp,123,1
1661,goal_167,1,exito,4666,900.96,02,sthwp,123,1
1662,goal_167,2,exito,4666,900.98,02,sthwp,123,1
1663,goal_167,3,exito,4666,900.93,02,sthwp,123,1
1664,goal_167,4,exito,4666,900.93,02,sthwp,123,1
1665,goal_167,5,exito,4666,900.92,02,sthwp,123,1
1666,goal_167,6,exito,4666,900.93,02,sthwp,123,1
1667,goal_167,7,exito,4666,900.96,02,sthwp,123,1
1668,goal_167,8,exito,4666,900.98,02,sthwp,123,1
1669,goal_167,9,exito,4666,900.99,02,sthwp,123,1
1670,goal_167,10,exito,4666,901.0,02,sthwp,123,1
1671,goal_168,1,exito,4800,934.97,02,sthwp,123,1
1672,goal_168,2,exito,4800,935.1,02,sthwp,123,1
1673,goal_168,3,exito,4800,935.09,02,sthwp,123,1
1674,goal_168,4,exito,4800,935.07,02,sthwp,123,1
1675,goal_168,5,exito,4800,935.03,02,sthwp,123,1
1676,goal_168,6,exito,4800,935.06,02,sthwp,123,1
1677,goal_168,7,exito,4800,935.1,02,sthwp,123,1
1678,goal_168,8,exito,4800,935.04,02,sthwp,123,1
1679,goal_168,9,exito,4800,935.03,02,sthwp,123,1
1680,goal_168,10,exito,4800,935.1,02,sthwp,123,1
1681,goal_169,1,exito,4957,953.02,02,sthwp,123,1
1682,goal_169,2,exito,4957,952.98,02,sthwp,123,1
1683,goal_169,3,exito,4957,952.98,02,sthwp,123,1
1684,goal_169,4,exito,4957,952.99,02,sthwp,123,1
1685,goal_169,5,exito,4957,953.02,02,sthwp,123,1
1686,goal_169,6,exito,4957,952.98,02,sthwp,123,1
1687,goal_169,7,exito,4957,953.02,02,sthwp,123,1
1688,goal_169,8,exito,4957,953.02,02,sthwp,123,1
1689,goal_169,9,exito,4957,953.02,02,sthwp,123,1
1690,goal_169,10,exito,4957,953.01,02,sthwp,123,1
1691,goal_170,1,exito,5131,973.13,02,sthwp,123,1
1692,goal_170,2,exito,5131,973.15,02,sthwp,123,1
1693,goal_170,3,exito,5131,973.15,02,sthwp,123,1
1694,goal_170,4,exito,5131,973.14,02,sthwp,123,1
1695,goal_170,5,exito,5131,973.16,02,sthwp,123,1
1696,goal_170,6,exito,5131,973.14,02,sthwp,123,1
1697,goal_170,7,exito,5131,973.16,02,sthwp,123,1
1698,goal_170,8,exito,5131,973.16,02,sthwp,123,1
1699,goal_170,9,exito,5131,973.15,02,sthwp,123,1
1700,goal_170,10,exito,5131,973.16,02,sthwp,123,1
1701,goal_171,1,exito,5381,1001.49,02,sthwp,123,1
1702,goal_171,2,exito,5381,1001.49,02,sthwp,123,1
1703,goal_171,3,exito,5381,1001.49,02,sthwp,123,1
1704,goal_171,4,exito,5379,1001.14,02,sthwp,123,1
1705,goal_171,5,exito,5381,1001.49,02,sthwp,123,1
1706,goal_171,6,exito,5381,1001.49,02,sthwp,123,1
1707,goal_171,7,exito,5381,1001.48,02,sthwp,123,1
1708,goal_171,8,exito,5381,1001.48,02,sthwp,123,1
1709,goal_171,9,exito,5381,1001.47,02,sthwp,123,1
1710,goal_171,10,exito,5381,1001.48,02,sthwp,123,1
1711,goal_172,1,exito,5628,1037.52,02,sthwp,123,1
1712,goal_172,2,exito,5628,1037.53,02,sthwp,123,1
1713,goal_172,3,exito,5628,1037.5,02,sthwp,123,1
1714,goal_172,4,exito,5628,1037.5,02,sthwp,123,1
1715,goal_172,5,exito,5627,1037.15,02,sthwp,123,1
1716,goal_172,6,exito,5628,1037.53,02,sthwp,123,1
1717,goal_172,7,exito,5628,1037.52,02,sthwp,123,1
1718,goal_172,8,exito,5628,1037.53,02,sthwp,123,1
1719,goal_172,9,exito,5628,1037.5,02,sthwp,123,1
1720,goal_172,10,exito,5627,1037.15,02,sthwp,123,1
