episodio,goal_id,resultado,pasos_total,reward_total,llego_estanteria,llego_descarga
1,goal_01,exito,1618,446.79,1,1
2,goal_01,exito,1616,446.56,1,1
3,goal_01,exito,1616,446.63,1,1
4,goal_01,exito,1616,446.64,1,1
5,goal_01,exito,1616,446.61,1,1
6,goal_01,exito,1616,446.6,1,1
7,goal_01,exito,1616,446.61,1,1
8,goal_01,exito,1616,446.62,1,1
9,goal_01,exito,1616,446.65,1,1
10,goal_01,exito,1616,446.64,1,1
11,goal_01,exito,1616,446.62,1,1
12,goal_01,exito,1616,446.61,1,1
13,goal_01,exito,1616,446.62,1,1
14,goal_01,exito,1616,446.63,1,1
15,goal_01,exito,1616,446.64,1,1
16,goal_01,exito,1616,446.63,1,1
17,goal_01,exito,1616,446.61,1,1
18,goal_01,exito,1616,446.61,1,1
19,goal_01,exito,1616,446.58,1,1
20,goal_01,exito,1616,446.59,1,1
21,goal_01,exito,1616,446.59,1,1
22,goal_01,exito,1616,446.61,1,1
23,goal_01,exito,1616,446.61,1,1
24,goal_01,exito,1616,446.62,1,1
25,goal_01,exito,1616,446.63,1,1
26,goal_01,exito,1616,446.63,1,1
27,goal_01,exito,1616,446.62,1,1
28,goal_01,exito,1616,446.61,1,1
29,goal_01,exito,1616,446.62,1,1
30,goal_01,exito,1616,446.64,1,1
31,goal_01,exito,1616,446.65,1,1
32,goal_01,exito,1616,446.63,1,1
33,goal_01,exito,1616,446.62,1,1
34,goal_01,exito,1616,446.6,1,1
35,goal_01,exito,1616,446.61,1,1
36,goal_01,exito,1616,446.63,1,1
37,goal_01,exito,1616,446.64,1,1
38,goal_01,exito,1616,446.62,1,1
39,goal_01,exito,1616,446.6,1,1
40,goal_01,exito,1616,446.55,1,1
41,goal_01,exito,1616,446.62,1,1
42,goal_01,exito,1616,446.64,1,1
43,goal_01,exito,1616,446.64,1,1
44,goal_01,exito,1616,446.62,1,1
45,goal_01,exito,1616,446.61,1,1
46,goal_01,exito,1616,446.61,1,1
47,goal_01,exito,1616,446.63,1,1
48,goal_01,exito,1616,446.65,1,1
49,goal_01,exito,1616,446.64,1,1
50,goal_01,exito,1616,446.62,1,1
51,goal_01,exito,1616,446.6,1,1
52,goal_01,exito,1616,446.61,1,1
53,goal_01,exito,1616,446.59,1,1
54,goal_01,exito,1616,446.63,1,1
55,goal_01,exito,1616,446.63,1,1
56,goal_01,exito,1616,446.61,1,1
57,goal_01,exito,1616,446.6,1,1
58,goal_01,exito,1616,446.62,1,1
59,goal_01,exito,1616,446.63,1,1
60,goal_01,exito,1616,446.63,1,1
61,goal_01,exito,1616,446.63,1,1
62,goal_01,exito,1616,446.61,1,1
63,goal_01,exito,1616,446.62,1,1
64,goal_01,exito,1616,446.63,1,1
65,goal_01,exito,1616,446.63,1,1
66,goal_01,exito,1616,446.63,1,1
67,goal_01,exito,1616,446.61,1,1
68,goal_01,exito,1616,446.61,1,1
69,goal_01,exito,1616,446.62,1,1
70,goal_01,exito,1616,446.63,1,1
71,goal_01,exito,1616,446.63,1,1
72,goal_01,exito,1616,446.56,1,1
73,goal_01,exito,1616,446.55,1,1
74,goal_01,exito,1616,446.61,1,1
75,goal_01,exito,1616,446.63,1,1
76,goal_01,exito,1616,446.64,1,1
77,goal_01,exito,1616,446.62,1,1
78,goal_01,exito,1616,446.61,1,1
79,goal_01,exito,1616,446.61,1,1
80,goal_01,exito,1616,446.62,1,1
81,goal_01,exito,1616,446.65,1,1
82,goal_01,exito,1616,446.65,1,1
83,goal_01,exito,1616,446.62,1,1
84,goal_01,exito,1616,446.61,1,1
85,goal_01,exito,1616,446.61,1,1
86,goal_01,exito,1616,446.62,1,1
87,goal_01,exito,1616,446.64,1,1
88,goal_01,exito,1616,446.63,1,1
89,goal_01,exito,1616,446.61,1,1
90,goal_01,exito,1616,446.54,1,1
91,goal_01,exito,1616,446.56,1,1
92,goal_01,exito,1616,446.59,1,1
93,goal_01,exito,1616,446.64,1,1
94,goal_01,exito,1616,446.63,1,1
95,goal_01,exito,1616,446.61,1,1
96,goal_01,exito,1616,446.6,1,1
97,goal_01,exito,1616,446.62,1,1
98,goal_01,exito,1616,446.64,1,1
99,goal_01,exito,1616,446.64,1,1
100,goal_01,exito,1616,446.63,1,1
101,goal_02,exito,1874,481.66,1,1
102,goal_02,exito,1874,481.66,1,1
103,goal_02,exito,1874,481.68,1,1
104,goal_02,exito,1874,481.67,1,1
105,goal_02,exito,1874,481.66,1,1
106,goal_02,exito,1874,481.66,1,1
107,goal_02,exito,1874,481.66,1,1
108,goal_02,exito,1874,481.68,1,1
109,goal_02,exito,1874,481.68,1,1
110,goal_02,exito,1874,481.66,1,1
111,goal_02,exito,1874,481.65,1,1
112,goal_02,exito,1874,481.64,1,1
113,goal_02,exito,1874,481.66,1,1
114,goal_02,exito,1874,481.68,1,1
115,goal_02,exito,1874,481.67,1,1
116,goal_02,exito,1874,481.66,1,1
117,goal_02,exito,1874,481.67,1,1
118,goal_02,exito,1874,481.66,1,1
119,goal_02,exito,1874,481.68,1,1
120,goal_02,exito,1874,481.66,1,1
121,goal_02,exito,1874,481.66,1,1
122,goal_02,exito,1874,481.67,1,1
123,goal_02,exito,1874,481.68,1,1
124,goal_02,exito,1874,481.68,1,1
125,goal_02,exito,1874,481.66,1,1
126,goal_02,exito,1874,481.66,1,1
127,goal_02,exito,1874,481.67,1,1
128,goal_02,exito,1874,481.67,1,1
129,goal_02,exito,1874,481.67,1,1
130,goal_02,exito,1874,481.66,1,1
131,goal_02,exito,1874,481.65,1,1
132,goal_02,exito,1874,481.67,1,1
133,goal_02,exito,1874,481.66,1,1
134,goal_02,exito,1874,481.68,1,1
135,goal_02,exito,1874,481.66,1,1
136,goal_02,exito,1874,481.66,1,1
137,goal_02,exito,1874,481.67,1,1
138,goal_02,exito,1874,481.68,1,1
139,goal_02,exito,1874,481.68,1,1
140,goal_02,exito,1874,481.66,1,1
141,goal_02,exito,1874,481.66,1,1
142,goal_02,exito,1874,481.67,1,1
143,goal_02,exito,1874,481.66,1,1
144,goal_02,exito,1874,481.67,1,1
145,goal_02,exito,1874,481.66,1,1
146,goal_02,exito,1874,481.66,1,1
147,goal_02,exito,1874,481.66,1,1
148,goal_02,exito,1874,481.66,1,1
149,goal_02,exito,1874,481.68,1,1
150,goal_02,exito,1874,481.66,1,1
151,goal_02,exito,1876,481.91,1,1
152,goal_02,exito,1874,481.66,1,1
153,goal_02,exito,1874,481.67,1,1
154,goal_02,exito,1874,481.66,1,1
155,goal_02,exito,1874,481.66,1,1
156,goal_02,exito,1874,481.67,1,1
157,goal_02,exito,1874,481.68,1,1
158,goal_02,exito,1874,481.67,1,1
159,goal_02,exito,1874,481.66,1,1
160,goal_02,exito,1874,481.66,1,1
161,goal_02,exito,1874,481.66,1,1
162,goal_02,exito,1874,481.67,1,1
163,goal_02,exito,1874,481.68,1,1
164,goal_02,exito,1874,481.66,1,1
165,goal_02,exito,1874,481.66,1,1
166,goal_02,exito,1874,481.64,1,1
167,goal_02,exito,1874,481.66,1,1
168,goal_02,exito,1874,481.67,1,1
169,goal_02,exito,1874,481.66,1,1
170,goal_02,exito,1874,481.66,1,1
171,goal_02,exito,1874,481.67,1,1
172,goal_02,exito,1874,481.66,1,1
173,goal_02,exito,1874,481.68,1,1
174,goal_02,exito,1874,481.66,1,1
175,goal_02,exito,1874,481.66,1,1
176,goal_02,exito,1874,481.67,1,1
177,goal_02,exito,1874,481.68,1,1
178,goal_02,exito,1874,481.66,1,1
179,goal_02,exito,1874,481.66,1,1
180,goal_02,exito,1874,481.66,1,1
181,goal_02,exito,1874,481.67,1,1
182,goal_02,exito,1874,481.66,1,1
183,goal_02,exito,1874,481.66,1,1
184,goal_02,exito,1874,481.65,1,1
185,goal_02,exito,1876,481.91,1,1
186,goal_02,exito,1874,481.66,1,1
187,goal_02,exito,1874,481.68,1,1
188,goal_02,exito,1874,481.66,1,1
189,goal_02,exito,1874,481.66,1,1
190,goal_02,exito,1874,481.68,1,1
191,goal_02,exito,1874,481.67,1,1
192,goal_02,exito,1874,481.67,1,1
193,goal_02,exito,1874,481.66,1,1
194,goal_02,exito,1874,481.66,1,1
195,goal_02,exito,1874,481.67,1,1
196,goal_02,exito,1874,481.68,1,1
197,goal_02,exito,1874,481.68,1,1
198,goal_02,exito,1874,481.66,1,1
199,goal_02,exito,1874,481.66,1,1
200,goal_02,exito,1874,481.65,1,1
201,goal_03,exito,2094,513.27,1,1
202,goal_03,exito,2094,513.27,1,1
203,goal_03,exito,2094,513.27,1,1
204,goal_03,exito,2094,513.27,1,1
205,goal_03,exito,2094,513.27,1,1
206,goal_03,exito,2094,513.26,1,1
207,goal_03,exito,2094,513.25,1,1
208,goal_03,exito,2094,513.26,1,1
209,goal_03,exito,2094,513.26,1,1
210,goal_03,exito,2094,513.26,1,1
211,goal_03,exito,2094,513.26,1,1
212,goal_03,exito,2094,513.26,1,1
213,goal_03,exito,2094,513.26,1,1
214,goal_03,exito,2094,513.19,1,1
215,goal_03,exito,2094,513.25,1,1
216,goal_03,exito,2094,513.25,1,1
217,goal_03,exito,2094,513.24,1,1
218,goal_03,exito,2094,513.26,1,1
219,goal_03,exito,2094,513.26,1,1
220,goal_03,exito,2094,513.27,1,1
221,goal_03,exito,2094,513.27,1,1
222,goal_03,exito,2094,513.27,1,1
223,goal_03,exito,2094,513.25,1,1
224,goal_03,exito,2094,513.24,1,1
225,goal_03,exito,2094,513.25,1,1
226,goal_03,exito,2094,513.27,1,1
227,goal_03,exito,2094,513.27,1,1
228,goal_03,exito,2094,513.26,1,1
229,goal_03,exito,2094,513.27,1,1
230,goal_03,exito,2094,513.26,1,1
231,goal_03,exito,2094,513.27,1,1
232,goal_03,exito,2094,513.26,1,1
233,goal_03,exito,2094,513.26,1,1
234,goal_03,exito,2094,513.26,1,1
235,goal_03,exito,2094,513.26,1,1
236,goal_03,exito,2094,513.26,1,1
237,goal_03,exito,2094,513.26,1,1
238,goal_03,exito,2094,513.2,1,1
239,goal_03,exito,2094,513.26,1,1
240,goal_03,exito,2094,513.26,1,1
241,goal_03,exito,2094,513.24,1,1
242,goal_03,exito,2094,513.26,1,1
243,goal_03,exito,2094,513.26,1,1
244,goal_03,exito,2094,513.26,1,1
245,goal_03,exito,2094,513.27,1,1
246,goal_03,exito,2094,513.27,1,1
247,goal_03,exito,2094,513.27,1,1
248,goal_03,exito,2094,513.24,1,1
249,goal_03,exito,2094,513.25,1,1
250,goal_03,exito,2094,513.27,1,1
251,goal_03,exito,2094,513.27,1,1
252,goal_03,exito,2094,513.25,1,1
253,goal_03,exito,2094,513.25,1,1
254,goal_03,exito,2094,513.26,1,1
255,goal_03,exito,2094,513.26,1,1
256,goal_03,exito,2094,513.25,1,1
257,goal_03,exito,2094,513.25,1,1
258,goal_03,exito,2094,513.26,1,1
259,goal_03,exito,2094,513.26,1,1
260,goal_03,exito,2094,513.25,1,1
261,goal_03,exito,2094,513.25,1,1
262,goal_03,exito,2094,513.26,1,1
263,goal_03,exito,2094,513.26,1,1
264,goal_03,exito,2094,513.26,1,1
265,goal_03,exito,2094,513.26,1,1
266,goal_03,exito,2094,513.26,1,1
267,goal_03,exito,2094,513.23,1,1
268,goal_03,exito,2094,513.26,1,1
269,goal_03,exito,2094,513.26,1,1
270,goal_03,exito,2094,513.27,1,1
271,goal_03,exito,2094,513.27,1,1
272,goal_03,exito,2094,513.25,1,1
273,goal_03,exito,2094,513.25,1,1
274,goal_03,exito,2094,513.27,1,1
275,goal_03,exito,2094,513.27,1,1
276,goal_03,exito,2094,513.27,1,1
277,goal_03,exito,2094,513.25,1,1
278,goal_03,exito,2094,513.26,1,1
279,goal_03,exito,2094,513.26,1,1
280,goal_03,exito,2094,513.25,1,1
281,goal_03,exito,2094,513.26,1,1
282,goal_03,exito,2094,513.26,1,1
283,goal_03,exito,2094,513.26,1,1
284,goal_03,exito,2094,513.25,1,1
285,goal_03,exito,2094,513.25,1,1
286,goal_03,exito,2094,513.26,1,1
287,goal_03,exito,2094,513.26,1,1
288,goal_03,exito,2094,513.26,1,1
289,goal_03,exito,2094,513.26,1,1
290,goal_03,exito,2094,513.26,1,1
291,goal_03,exito,2094,513.26,1,1
292,goal_03,exito,2094,513.23,1,1
293,goal_03,exito,2094,513.26,1,1
294,goal_03,exito,2094,513.27,1,1
295,goal_03,exito,2094,513.27,1,1
296,goal_03,exito,2094,513.27,1,1
297,goal_03,exito,2094,513.25,1,1
298,goal_03,exito,2094,513.27,1,1
299,goal_03,exito,2094,513.27,1,1
300,goal_03,exito,2094,513.27,1,1
301,goal_04,exito,2279,542.35,1,1
302,goal_04,exito,2279,542.35,1,1
303,goal_04,exito,2279,542.36,1,1
304,goal_04,exito,2279,542.35,1,1
305,goal_04,exito,2279,542.35,1,1
306,goal_04,exito,2279,542.35,1,1
307,goal_04,exito,2279,542.35,1,1
308,goal_04,exito,2279,542.44,1,1
309,goal_04,exito,2279,542.35,1,1
310,goal_04,exito,2279,542.35,1,1
311,goal_04,exito,2279,542.44,1,1
312,goal_04,exito,2279,542.44,1,1
313,goal_04,exito,2279,542.35,1,1
314,goal_04,exito,2279,542.35,1,1
315,goal_04,exito,2279,542.44,1,1
316,goal_04,exito,2279,542.44,1,1
317,goal_04,exito,2279,542.34,1,1
318,goal_04,exito,2279,542.35,1,1
319,goal_04,exito,2279,542.34,1,1
320,goal_04,exito,2279,542.44,1,1
321,goal_04,exito,2279,542.35,1,1
322,goal_04,exito,2279,542.35,1,1
323,goal_04,exito,2279,542.44,1,1
324,goal_04,exito,2279,542.35,1,1
325,goal_04,exito,2279,542.35,1,1
326,goal_04,exito,2279,542.35,1,1
327,goal_04,exito,2279,542.35,1,1
328,goal_04,exito,2279,542.35,1,1
329,goal_04,exito,2279,542.36,1,1
330,goal_04,exito,2279,542.35,1,1
331,goal_04,exito,2279,542.35,1,1
332,goal_04,exito,2279,542.35,1,1
333,goal_04,exito,2279,542.35,1,1
334,goal_04,exito,2279,542.35,1,1
335,goal_04,exito,2279,542.44,1,1
336,goal_04,exito,2279,542.44,1,1
337,goal_04,exito,2279,542.35,1,1
338,goal_04,exito,2279,542.44,1,1
339,goal_04,exito,2279,542.43,1,1
340,goal_04,exito,2279,542.34,1,1
341,goal_04,exito,2279,542.35,1,1
342,goal_04,exito,2279,542.35,1,1
343,goal_04,exito,2279,542.44,1,1
344,goal_04,exito,2279,542.34,1,1
345,goal_04,exito,2279,542.35,1,1
346,goal_04,exito,2279,542.35,1,1
347,goal_04,exito,2279,542.35,1,1
348,goal_04,exito,2279,542.35,1,1
349,goal_04,exito,2279,542.35,1,1
350,goal_04,exito,2279,542.35,1,1
351,goal_04,exito,2279,542.35,1,1
352,goal_04,exito,2279,542.35,1,1
353,goal_04,exito,2279,542.35,1,1
354,goal_04,exito,2279,542.35,1,1
355,goal_04,exito,2279,542.44,1,1
356,goal_04,exito,2279,542.35,1,1
357,goal_04,exito,2279,542.35,1,1
358,goal_04,exito,2279,542.35,1,1
359,goal_04,exito,2279,542.44,1,1
360,goal_04,exito,2279,542.35,1,1
361,goal_04,exito,2279,542.35,1,1
362,goal_04,exito,2279,542.44,1,1
363,goal_04,exito,2279,542.44,1,1
364,goal_04,exito,2279,542.35,1,1
365,goal_04,exito,2279,542.35,1,1
366,goal_04,exito,2281,541.95,1,1
367,goal_04,exito,2279,542.44,1,1
368,goal_04,exito,2279,542.44,1,1
369,goal_04,exito,2279,542.35,1,1
370,goal_04,exito,2279,542.44,1,1
371,goal_04,exito,2279,542.43,1,1
372,goal_04,exito,2279,542.44,1,1
373,goal_04,exito,2279,542.35,1,1
374,goal_04,exito,2281,541.95,1,1
375,goal_04,exito,2279,542.44,1,1
376,goal_04,exito,2279,542.44,1,1
377,goal_04,exito,2279,542.43,1,1
378,goal_04,exito,2279,542.35,1,1
379,goal_04,exito,2279,542.35,1,1
380,goal_04,exito,2279,542.44,1,1
381,goal_04,exito,2279,542.35,1,1
382,goal_04,exito,2279,542.43,1,1
383,goal_04,exito,2279,542.35,1,1
384,goal_04,exito,2279,542.35,1,1
385,goal_04,exito,2279,542.35,1,1
386,goal_04,exito,2279,542.35,1,1
387,goal_04,exito,2279,542.35,1,1
388,goal_04,exito,2279,542.35,1,1
389,goal_04,exito,2279,542.36,1,1
390,goal_04,exito,2279,542.35,1,1
391,goal_04,exito,2279,542.35,1,1
392,goal_04,exito,2279,542.35,1,1
393,goal_04,exito,2279,542.35,1,1
394,goal_04,exito,2279,542.44,1,1
395,goal_04,exito,2279,542.44,1,1
396,goal_04,exito,2279,542.44,1,1
397,goal_04,exito,2279,542.35,1,1
398,goal_04,exito,2279,542.44,1,1
399,goal_04,exito,2279,542.43,1,1
400,goal_04,exito,2279,542.34,1,1
401,goal_05,exito,1293,410.88,1,1
402,goal_05,exito,1293,410.85,1,1
403,goal_05,exito,1293,410.89,1,1
404,goal_05,exito,1293,410.89,1,1
405,goal_05,exito,1293,410.81,1,1
406,goal_05,exito,1293,410.88,1,1
407,goal_05,exito,1293,410.87,1,1
408,goal_05,exito,1293,410.88,1,1
409,goal_05,exito,1293,410.89,1,1
410,goal_05,exito,1293,410.86,1,1
411,goal_05,exito,1293,410.91,1,1
412,goal_05,exito,1293,410.87,1,1
413,goal_05,exito,1293,410.87,1,1
414,goal_05,exito,1293,410.87,1,1
415,goal_05,exito,1293,410.89,1,1
416,goal_05,exito,1293,410.86,1,1
417,goal_05,exito,1293,410.91,1,1
418,goal_05,exito,1293,410.87,1,1
419,goal_05,exito,1293,410.87,1,1
420,goal_05,exito,1293,410.87,1,1
421,goal_05,exito,1293,410.81,1,1
422,goal_05,exito,1293,410.87,1,1
423,goal_05,exito,1293,410.81,1,1
424,goal_05,exito,1293,410.89,1,1
425,goal_05,exito,1291,410.77,1,1
426,goal_05,exito,1293,410.87,1,1
427,goal_05,exito,1293,410.87,1,1
428,goal_05,exito,1293,410.89,1,1
429,goal_05,exito,1293,410.88,1,1
430,goal_05,exito,1293,410.86,1,1
431,goal_05,exito,1293,410.91,1,1
432,goal_05,exito,1293,410.88,1,1
433,goal_05,exito,1293,410.87,1,1
434,goal_05,exito,1293,410.89,1,1
435,goal_05,exito,1293,410.85,1,1
436,goal_05,exito,1293,410.86,1,1
437,goal_05,exito,1293,410.9,1,1
438,goal_05,exito,1294,410.78,1,1
439,goal_05,exito,1293,410.89,1,1
440,goal_05,exito,1293,410.86,1,1
441,goal_05,exito,1293,410.91,1,1
442,goal_05,exito,1293,410.88,1,1
443,goal_05,exito,1293,410.88,1,1
444,goal_05,exito,1293,410.87,1,1
445,goal_05,exito,1293,410.89,1,1
446,goal_05,exito,1293,410.86,1,1
447,goal_05,exito,1293,410.91,1,1
448,goal_05,exito,1293,410.87,1,1
449,goal_05,exito,1293,410.87,1,1
450,goal_05,exito,1293,410.88,1,1
451,goal_05,exito,1293,410.89,1,1
452,goal_05,exito,1293,410.86,1,1
453,goal_05,exito,1293,410.91,1,1
454,goal_05,exito,1293,410.87,1,1
455,goal_05,exito,1293,410.87,1,1
456,goal_05,exito,1293,410.87,1,1
457,goal_05,exito,1293,410.89,1,1
458,goal_05,exito,1293,410.87,1,1
459,goal_05,exito,1293,410.91,1,1
460,goal_05,exito,1293,410.81,1,1
461,goal_05,exito,1293,410.87,1,1
462,goal_05,exito,1293,410.82,1,1
463,goal_05,exito,1293,410.81,1,1
464,goal_05,exito,1293,410.89,1,1
465,goal_05,exito,1293,410.88,1,1
466,goal_05,exito,1293,410.9,1,1
467,goal_05,exito,1292,410.95,1,1
468,goal_05,exito,1293,410.82,1,1
469,goal_05,exito,1293,410.87,1,1
470,goal_05,exito,1293,410.86,1,1
471,goal_05,exito,1293,410.81,1,1
472,goal_05,exito,1293,410.88,1,1
473,goal_05,exito,1293,410.87,1,1
474,goal_05,exito,1293,410.87,1,1
475,goal_05,exito,1293,410.87,1,1
476,goal_05,exito,1293,410.89,1,1
477,goal_05,exito,1293,410.82,1,1
478,goal_05,exito,1293,410.86,1,1
479,goal_05,exito,1293,410.87,1,1
480,goal_05,exito,1293,410.8,1,1
481,goal_05,exito,1293,410.88,1,1
482,goal_05,exito,1293,410.8,1,1
483,goal_05,exito,1293,410.82,1,1
484,goal_05,exito,1293,410.86,1,1
485,goal_05,exito,1293,410.85,1,1
486,goal_05,exito,1293,410.89,1,1
487,goal_05,exito,1293,410.89,1,1
488,goal_05,exito,1292,410.58,1,1
489,goal_05,exito,1293,410.91,1,1
490,goal_05,exito,1293,410.89,1,1
491,goal_05,exito,1293,410.85,1,1
492,goal_05,exito,1293,410.87,1,1
493,goal_05,exito,1293,410.89,1,1
494,goal_05,exito,1293,410.87,1,1
495,goal_05,exito,1293,410.87,1,1
496,goal_05,exito,1293,410.89,1,1
497,goal_05,exito,1292,410.63,1,1
498,goal_05,exito,1292,410.93,1,1
499,goal_05,exito,1294,410.78,1,1
500,goal_05,exito,1293,410.87,1,1
501,goal_06,exito,1354,412.29,1,1
502,goal_06,exito,1354,412.3,1,1
503,goal_06,exito,1355,412.17,1,1
504,goal_06,exito,1354,412.29,1,1
505,goal_06,exito,1354,412.29,1,1
506,goal_06,exito,1354,412.29,1,1
507,goal_06,exito,1354,412.3,1,1
508,goal_06,exito,1354,412.29,1,1
509,goal_06,exito,1354,412.3,1,1
510,goal_06,exito,1354,412.29,1,1
511,goal_06,exito,1354,412.29,1,1
512,goal_06,exito,1354,412.29,1,1
513,goal_06,exito,1354,412.3,1,1
514,goal_06,exito,1354,412.29,1,1
515,goal_06,exito,1354,412.29,1,1
516,goal_06,exito,1354,412.3,1,1
517,goal_06,exito,1354,412.3,1,1
518,goal_06,exito,1354,412.29,1,1
519,goal_06,exito,1354,412.29,1,1
520,goal_06,exito,1354,412.29,1,1
521,goal_06,exito,1354,412.3,1,1
522,goal_06,exito,1354,412.29,1,1
523,goal_06,exito,1354,412.29,1,1
524,goal_06,exito,1354,412.3,1,1
525,goal_06,exito,1354,412.29,1,1
526,goal_06,exito,1354,412.29,1,1
527,goal_06,exito,1354,412.29,1,1
528,goal_06,exito,1354,412.3,1,1
529,goal_06,exito,1354,412.29,1,1
530,goal_06,exito,1354,412.29,1,1
531,goal_06,exito,1354,412.29,1,1
532,goal_06,exito,1354,412.3,1,1
533,goal_06,exito,1354,412.3,1,1
534,goal_06,exito,1354,412.29,1,1
535,goal_06,exito,1354,412.29,1,1
536,goal_06,exito,1354,412.3,1,1
537,goal_06,exito,1354,412.29,1,1
538,goal_06,exito,1354,412.29,1,1
539,goal_06,exito,1354,412.3,1,1
540,goal_06,exito,1354,412.29,1,1
541,goal_06,exito,1354,412.29,1,1
542,goal_06,exito,1354,412.29,1,1
543,goal_06,exito,1354,412.3,1,1
544,goal_06,exito,1354,412.29,1,1
545,goal_06,exito,1354,412.29,1,1
546,goal_06,exito,1354,412.29,1,1
547,goal_06,exito,1354,412.3,1,1
548,goal_06,exito,1354,412.29,1,1
549,goal_06,exito,1354,412.29,1,1
550,goal_06,exito,1354,412.3,1,1
551,goal_06,exito,1354,412.29,1,1
552,goal_06,exito,1354,412.29,1,1
553,goal_06,exito,1354,412.29,1,1
554,goal_06,exito,1354,412.3,1,1
555,goal_06,exito,1354,412.3,1,1
556,goal_06,exito,1354,412.28,1,1
557,goal_06,exito,1354,412.29,1,1
558,goal_06,exito,1354,412.29,1,1
559,goal_06,exito,1354,412.3,1,1
560,goal_06,exito,1354,412.29,1,1
561,goal_06,exito,1354,412.3,1,1
562,goal_06,exito,1354,412.29,1,1
563,goal_06,exito,1354,412.29,1,1
564,goal_06,exito,1354,412.29,1,1
565,goal_06,exito,1354,412.29,1,1
566,goal_06,exito,1354,412.3,1,1
567,goal_06,exito,1354,412.29,1,1
568,goal_06,exito,1354,412.29,1,1
569,goal_06,exito,1354,412.3,1,1
570,goal_06,exito,1354,412.3,1,1
571,goal_06,exito,1354,412.29,1,1
572,goal_06,exito,1354,412.29,1,1
573,goal_06,exito,1354,412.29,1,1
574,goal_06,exito,1354,412.29,1,1
575,goal_06,exito,1354,412.29,1,1
576,goal_06,exito,1354,412.3,1,1
577,goal_06,exito,1354,412.29,1,1
578,goal_06,exito,1354,412.29,1,1
579,goal_06,exito,1354,412.29,1,1
580,goal_06,exito,1354,412.3,1,1
581,goal_06,exito,1354,412.3,1,1
582,goal_06,exito,1354,412.29,1,1
583,goal_06,exito,1354,412.29,1,1
584,goal_06,exito,1354,412.3,1,1
585,goal_06,exito,1354,412.29,1,1
586,goal_06,exito,1354,412.29,1,1
587,goal_06,exito,1354,412.3,1,1
588,goal_06,exito,1354,412.3,1,1
589,goal_06,exito,1354,412.29,1,1
590,goal_06,exito,1354,412.29,1,1
591,goal_06,exito,1354,412.29,1,1
592,goal_06,exito,1354,412.29,1,1
593,goal_06,exito,1354,412.29,1,1
594,goal_06,exito,1354,412.29,1,1
595,goal_06,exito,1354,412.3,1,1
596,goal_06,exito,1354,412.3,1,1
597,goal_06,exito,1354,412.29,1,1
598,goal_06,exito,1354,412.3,1,1
599,goal_06,exito,1354,412.3,1,1
600,goal_06,exito,1354,412.29,1,1
601,goal_07,exito,1487,432.26,1,1
602,goal_07,exito,1487,432.25,1,1
603,goal_07,exito,1487,432.26,1,1
604,goal_07,exito,1487,432.26,1,1
605,goal_07,exito,1487,432.25,1,1
606,goal_07,exito,1487,432.25,1,1
607,goal_07,exito,1487,432.24,1,1
608,goal_07,exito,1487,432.25,1,1
609,goal_07,exito,1487,432.25,1,1
610,goal_07,exito,1487,432.26,1,1
611,goal_07,exito,1487,432.24,1,1
612,goal_07,exito,1487,432.26,1,1
613,goal_07,exito,1487,432.25,1,1
614,goal_07,exito,1487,432.25,1,1
615,goal_07,exito,1488,432.38,1,1
616,goal_07,exito,1487,432.25,1,1
617,goal_07,exito,1487,432.24,1,1
618,goal_07,exito,1487,432.25,1,1
619,goal_07,exito,1489,432.34,1,1
620,goal_07,exito,1487,432.25,1,1
621,goal_07,exito,1487,432.26,1,1
622,goal_07,exito,1487,432.26,1,1
623,goal_07,exito,1487,432.25,1,1
624,goal_07,exito,1487,432.25,1,1
625,goal_07,exito,1487,432.24,1,1
626,goal_07,exito,1487,432.24,1,1
627,goal_07,exito,1487,432.25,1,1
628,goal_07,exito,1487,432.24,1,1
629,goal_07,exito,1487,432.27,1,1
630,goal_07,exito,1488,432.46,1,1
631,goal_07,exito,1488,432.46,1,1
632,goal_07,exito,1487,432.25,1,1
633,goal_07,exito,1487,432.25,1,1
634,goal_07,exito,1487,432.24,1,1
635,goal_07,exito,1487,432.25,1,1
636,goal_07,exito,1487,432.25,1,1
637,goal_07,exito,1487,432.25,1,1
638,goal_07,exito,1487,432.25,1,1
639,goal_07,exito,1487,432.26,1,1
640,goal_07,exito,1487,432.26,1,1
641,goal_07,exito,1487,432.25,1,1
642,goal_07,exito,1487,432.24,1,1
643,goal_07,exito,1487,432.24,1,1
644,goal_07,exito,1487,432.25,1,1
645,goal_07,exito,1487,432.26,1,1
646,goal_07,exito,1487,432.26,1,1
647,goal_07,exito,1487,432.25,1,1
648,goal_07,exito,1487,432.25,1,1
649,goal_07,exito,1487,432.25,1,1
650,goal_07,exito,1487,432.25,1,1
651,goal_07,exito,1487,432.25,1,1
652,goal_07,exito,1488,432.44,1,1
653,goal_07,exito,1487,432.25,1,1
654,goal_07,exito,1487,432.25,1,1
655,goal_07,exito,1487,432.26,1,1
656,goal_07,exito,1487,432.25,1,1
657,goal_07,exito,1487,432.26,1,1
658,goal_07,exito,1487,432.25,1,1
659,goal_07,exito,1488,432.45,1,1
660,goal_07,exito,1488,432.39,1,1
661,goal_07,exito,1487,432.25,1,1
662,goal_07,exito,1487,432.24,1,1
663,goal_07,exito,1487,432.24,1,1
664,goal_07,exito,1487,432.25,1,1
665,goal_07,exito,1487,432.25,1,1
666,goal_07,exito,1487,432.25,1,1
667,goal_07,exito,1488,432.46,1,1
668,goal_07,exito,1487,432.24,1,1
669,goal_07,exito,1487,432.24,1,1
670,goal_07,exito,1487,432.23,1,1
671,goal_07,exito,1487,432.25,1,1
672,goal_07,exito,1487,432.25,1,1
673,goal_07,exito,1487,432.25,1,1
674,goal_07,exito,1487,432.26,1,1
675,goal_07,exito,1487,432.26,1,1
676,goal_07,exito,1487,432.25,1,1
677,goal_07,exito,1487,432.25,1,1
678,goal_07,exito,1487,432.24,1,1
679,goal_07,exito,1487,432.24,1,1
680,goal_07,exito,1487,432.25,1,1
681,goal_07,exito,1487,432.25,1,1
682,goal_07,exito,1487,432.26,1,1
683,goal_07,exito,1487,432.26,1,1
684,goal_07,exito,1487,432.25,1,1
685,goal_07,exito,1487,432.24,1,1
686,goal_07,exito,1487,432.25,1,1
687,goal_07,exito,1487,432.25,1,1
688,goal_07,exito,1487,432.25,1,1
689,goal_07,exito,1487,432.25,1,1
690,goal_07,exito,1487,432.25,1,1
691,goal_07,exito,1487,432.24,1,1
692,goal_07,exito,1487,432.26,1,1
693,goal_07,exito,1487,432.26,1,1
694,goal_07,exito,1487,432.25,1,1
695,goal_07,exito,1488,432.38,1,1
696,goal_07,exito,1487,432.25,1,1
697,goal_07,exito,1487,432.24,1,1
698,goal_07,exito,1487,432.25,1,1
699,goal_07,exito,1487,432.24,1,1
700,goal_07,exito,1487,432.25,1,1
701,goal_08,exito,1569,416.09,1,1
702,goal_08,exito,1569,416.2,1,1
703,goal_08,exito,1569,416.31,1,1
704,goal_08,exito,1569,416.2,1,1
705,goal_08,exito,1569,416.18,1,1
706,goal_08,exito,1569,416.32,1,1
707,goal_08,exito,1569,416.36,1,1
708,goal_08,exito,1569,416.32,1,1
709,goal_08,exito,1569,416.15,1,1
710,goal_08,exito,1569,416.31,1,1
711,goal_08,exito,1567,416.08,1,1
712,goal_08,exito,1569,416.31,1,1
713,goal_08,exito,1570,416.18,1,1
714,goal_08,exito,1569,416.15,1,1
715,goal_08,exito,1569,416.32,1,1
716,goal_08,exito,1569,416.2,1,1
717,goal_08,exito,1569,416.12,1,1
718,goal_08,exito,1569,416.34,1,1
719,goal_08,exito,1570,416.19,1,1
720,goal_08,exito,1567,416.08,1,1
721,goal_08,exito,1569,416.1,1,1
722,goal_08,exito,1570,416.37,1,1
723,goal_08,exito,1570,416.24,1,1
724,goal_08,exito,1569,416.32,1,1
725,goal_08,exito,1569,416.36,1,1
726,goal_08,exito,1569,416.25,1,1
727,goal_08,exito,1569,416.31,1,1
728,goal_08,exito,1569,416.32,1,1
729,goal_08,exito,1570,416.15,1,1
730,goal_08,exito,1567,416.09,1,1
731,goal_08,exito,1569,416.31,1,1
732,goal_08,exito,1567,416.08,1,1
733,goal_08,exito,1569,416.15,1,1
734,goal_08,exito,1570,416.18,1,1
735,goal_08,exito,1569,416.34,1,1
736,goal_08,exito,1569,416.32,1,1
737,goal_08,exito,1569,416.25,1,1
738,goal_08,exito,1569,416.3,1,1
739,goal_08,exito,1569,416.3,1,1
740,goal_08,exito,1570,416.15,1,1
741,goal_08,exito,1567,416.09,1,1
742,goal_08,exito,1569,416.32,1,1
743,goal_08,exito,1567,416.08,1,1
744,goal_08,exito,1569,416.16,1,1
745,goal_08,exito,1570,416.18,1,1
746,goal_08,exito,1569,416.34,1,1
747,goal_08,exito,1569,416.32,1,1
748,goal_08,exito,1569,416.24,1,1
749,goal_08,exito,1569,416.29,1,1
750,goal_08,exito,1569,416.3,1,1
751,goal_08,exito,1570,416.14,1,1
752,goal_08,exito,1567,416.1,1,1
753,goal_08,exito,1569,416.32,1,1
754,goal_08,exito,1567,416.08,1,1
755,goal_08,exito,1569,416.16,1,1
756,goal_08,exito,1570,416.19,1,1
757,goal_08,exito,1569,416.34,1,1
758,goal_08,exito,1569,416.32,1,1
759,goal_08,exito,1569,416.24,1,1
760,goal_08,exito,1569,416.3,1,1
761,goal_08,exito,1569,416.3,1,1
762,goal_08,exito,1570,416.14,1,1
763,goal_08,exito,1567,416.1,1,1
764,goal_08,exito,1567,416.08,1,1
765,goal_08,exito,1569,416.16,1,1
766,goal_08,exito,1570,416.18,1,1
767,goal_08,exito,1569,416.21,1,1
768,goal_08,exito,1569,416.16,1,1
769,goal_08,exito,1569,416.25,1,1
770,goal_08,exito,1570,416.2,1,1
771,goal_08,exito,1569,416.15,1,1
772,goal_08,exito,1570,416.37,1,1
773,goal_08,exito,1570,416.26,1,1
774,goal_08,exito,1569,416.32,1,1
775,goal_08,exito,1569,416.37,1,1
776,goal_08,exito,1569,416.27,1,1
777,goal_08,exito,1569,416.12,1,1
778,goal_08,exito,1569,416.31,1,1
779,goal_08,exito,1570,416.22,1,1
780,goal_08,exito,1570,416.16,1,1
781,goal_08,exito,1569,416.3,1,1
782,goal_08,exito,1570,416.21,1,1
783,goal_08,exito,1569,416.25,1,1
784,goal_08,exito,1569,416.32,1,1
785,goal_08,exito,1569,416.19,1,1
786,goal_08,exito,1570,416.17,1,1
787,goal_08,exito,1569,416.16,1,1
788,goal_08,exito,1570,416.4,1,1
789,goal_08,exito,1570,416.31,1,1
790,goal_08,exito,1569,416.12,1,1
791,goal_08,exito,1569,416.37,1,1
792,goal_08,exito,1569,416.13,1,1
793,goal_08,exito,1569,416.31,1,1
794,goal_08,exito,1569,416.15,1,1
795,goal_08,exito,1570,416.15,1,1
796,goal_08,exito,1569,416.19,1,1
797,goal_08,exito,1569,416.09,1,1
798,goal_08,exito,1569,416.25,1,1
799,goal_08,exito,1570,416.23,1,1
800,goal_08,exito,1569,416.28,1,1
801,goal_09,exito,1786,455.67,1,1
802,goal_09,exito,1786,455.5,1,1
803,goal_09,exito,1786,455.69,1,1
804,goal_09,exito,1785,455.51,1,1
805,goal_09,exito,1786,455.65,1,1
806,goal_09,exito,1785,455.57,1,1
807,goal_09,exito,1786,455.58,1,1
808,goal_09,exito,1786,455.63,1,1
809,goal_09,exito,1786,455.68,1,1
810,goal_09,exito,1785,455.55,1,1
811,goal_09,exito,1786,455.53,1,1
812,goal_09,exito,1785,455.49,1,1
813,goal_09,exito,1786,455.57,1,1
814,goal_09,exito,1786,455.52,1,1
815,goal_09,exito,1786,455.58,1,1
816,goal_09,exito,1785,455.49,1,1
817,goal_09,exito,1786,455.67,1,1
818,goal_09,exito,1785,455.48,1,1
819,goal_09,exito,1785,455.47,1,1
820,goal_09,exito,1786,455.53,1,1
821,goal_09,exito,1786,455.57,1,1
822,goal_09,exito,1786,455.69,1,1
823,goal_09,exito,1786,455.5,1,1
824,goal_09,exito,1785,455.65,1,1
825,goal_09,exito,1785,455.49,1,1
826,goal_09,exito,1786,455.58,1,1
827,goal_09,exito,1785,455.49,1,1
828,goal_09,exito,1786,455.58,1,1
829,goal_09,exito,1786,455.58,1,1
830,goal_09,exito,1786,455.69,1,1
831,goal_09,exito,1785,455.49,1,1
832,goal_09,exito,1786,455.65,1,1
833,goal_09,exito,1785,455.58,1,1
834,goal_09,exito,1786,455.56,1,1
835,goal_09,exito,1786,455.5,1,1
836,goal_09,exito,1786,455.68,1,1
837,goal_09,exito,1785,455.55,1,1
838,goal_09,exito,1786,455.45,1,1
839,goal_09,exito,1785,455.5,1,1
840,goal_09,exito,1786,455.64,1,1
841,goal_09,exito,1786,455.62,1,1
842,goal_09,exito,1786,455.61,1,1
843,goal_09,exito,1785,455.5,1,1
844,goal_09,exito,1786,455.5,1,1
845,goal_09,exito,1785,455.48,1,1
846,goal_09,exito,1785,455.49,1,1
847,goal_09,exito,1786,455.63,1,1
848,goal_09,exito,1786,455.53,1,1
849,goal_09,exito,1786,455.63,1,1
850,goal_09,exito,1785,455.48,1,1
851,goal_09,exito,1786,455.61,1,1
852,goal_09,exito,1785,455.58,1,1
853,goal_09,exito,1786,455.51,1,1
854,goal_09,exito,1785,455.49,1,1
855,goal_09,exito,1786,455.57,1,1
856,goal_09,exito,1786,455.57,1,1
857,goal_09,exito,1786,455.68,1,1
858,goal_09,exito,1785,455.56,1,1
859,goal_09,exito,1786,455.58,1,1
860,goal_09,exito,1785,455.51,1,1
861,goal_09,exito,1786,455.61,1,1
862,goal_09,exito,1786,455.57,1,1
863,goal_09,exito,1786,455.66,1,1
864,goal_09,exito,1785,455.49,1,1
865,goal_09,exito,1786,455.6,1,1
866,goal_09,exito,1785,455.58,1,1
867,goal_09,exito,1786,455.6,1,1
868,goal_09,exito,1786,455.52,1,1
869,goal_09,exito,1786,455.58,1,1
870,goal_09,exito,1785,455.54,1,1
871,goal_09,exito,1786,455.52,1,1
872,goal_09,exito,1786,455.62,1,1
873,goal_09,exito,1785,455.51,1,1
874,goal_09,exito,1786,455.61,1,1
875,goal_09,exito,1785,455.51,1,1
876,goal_09,exito,1786,455.67,1,1
877,goal_09,exito,1786,455.47,1,1
878,goal_09,exito,1786,455.61,1,1
879,goal_09,exito,1785,455.49,1,1
880,goal_09,exito,1787,455.49,1,1
881,goal_09,exito,1786,455.6,1,1
882,goal_09,exito,1785,455.49,1,1
883,goal_09,exito,1786,455.46,1,1
884,goal_09,exito,1785,455.5,1,1
885,goal_09,exito,1785,455.47,1,1
886,goal_09,exito,1785,455.58,1,1
887,goal_09,exito,1785,455.51,1,1
888,goal_09,exito,1785,455.47,1,1
889,goal_09,exito,1785,455.56,1,1
890,goal_09,exito,1785,455.49,1,1
891,goal_09,exito,1786,455.67,1,1
892,goal_09,exito,1785,455.49,1,1
893,goal_09,exito,1786,455.59,1,1
894,goal_09,exito,1785,455.59,1,1
895,goal_09,exito,1786,455.62,1,1
896,goal_09,exito,1786,455.5,1,1
897,goal_09,exito,1786,455.67,1,1
898,goal_09,exito,1785,455.47,1,1
899,goal_09,exito,1786,455.48,1,1
900,goal_09,exito,1785,455.58,1,1
901,goal_10,exito,1996,488.13,1,1
902,goal_10,exito,1999,488.53,1,1
903,goal_10,exito,1999,488.51,1,1
904,goal_10,exito,1999,488.31,1,1
905,goal_10,exito,1998,488.41,1,1
906,goal_10,exito,1999,488.18,1,1
907,goal_10,exito,1996,488.11,1,1
908,goal_10,exito,1998,488.42,1,1
909,goal_10,exito,1996,488.07,1,1
910,goal_10,exito,1998,488.42,1,1
911,goal_10,exito,1999,488.19,1,1
912,goal_10,exito,1999,488.47,1,1
913,goal_10,exito,1999,488.27,1,1
914,goal_10,exito,1996,488.14,1,1
915,goal_10,exito,1999,488.51,1,1
916,goal_10,exito,1999,488.49,1,1
917,goal_10,exito,1996,488.12,1,1
918,goal_10,exito,1999,488.42,1,1
919,goal_10,exito,1996,488.09,1,1
920,goal_10,exito,1998,488.29,1,1
921,goal_10,exito,1999,488.46,1,1
922,goal_10,exito,1999,488.29,1,1
923,goal_10,exito,1998,488.33,1,1
924,goal_10,exito,1999,488.52,1,1
925,goal_10,exito,1999,488.5,1,1
926,goal_10,exito,1999,488.31,1,1
927,goal_10,exito,1998,488.32,1,1
928,goal_10,exito,1999,488.46,1,1
929,goal_10,exito,1996,488.08,1,1
930,goal_10,exito,1999,488.47,1,1
931,goal_10,exito,1999,488.49,1,1
932,goal_10,exito,1999,488.4,1,1
933,goal_10,exito,1999,488.52,1,1
934,goal_10,exito,1999,488.31,1,1
935,goal_10,exito,1998,488.44,1,1
936,goal_10,exito,1999,488.41,1,1
937,goal_10,exito,1996,488.13,1,1
938,goal_10,exito,1996,488.06,1,1
939,goal_10,exito,1998,488.31,1,1
940,goal_10,exito,1998,488.34,1,1
941,goal_10,exito,1999,488.45,1,1
942,goal_10,exito,1998,488.33,1,1
943,goal_10,exito,1996,488.08,1,1
944,goal_10,exito,1999,488.47,1,1
945,goal_10,exito,1999,488.38,1,1
946,goal_10,exito,1999,488.47,1,1
947,goal_10,exito,1999,488.29,1,1
948,goal_10,exito,1998,488.35,1,1
949,goal_10,exito,1999,488.53,1,1
950,goal_10,exito,1999,488.52,1,1
951,goal_10,exito,1999,488.53,1,1
952,goal_10,exito,1998,488.3,1,1
953,goal_10,exito,1999,488.52,1,1
954,goal_10,exito,1996,488.1,1,1
955,goal_10,exito,1996,488.08,1,1
956,goal_10,exito,1998,488.33,1,1
957,goal_10,exito,1998,488.3,1,1
958,goal_10,exito,1999,488.5,1,1
959,goal_10,exito,1999,488.46,1,1
960,goal_10,exito,1999,488.3,1,1
961,goal_10,exito,1998,488.41,1,1
962,goal_10,exito,1999,488.53,1,1
963,goal_10,exito,1996,488.12,1,1
964,goal_10,exito,1999,488.52,1,1
965,goal_10,exito,1996,488.14,1,1
966,goal_10,exito,1999,488.46,1,1
967,goal_10,exito,1999,488.31,1,1
968,goal_10,exito,1998,488.39,1,1
969,goal_10,exito,1996,488.06,1,1
970,goal_10,exito,1998,488.43,1,1
971,goal_10,exito,1999,488.53,1,1
972,goal_10,exito,1996,488.07,1,1
973,goal_10,exito,1999,488.45,1,1
974,goal_10,exito,1999,488.28,1,1
975,goal_10,exito,1999,488.43,1,1
976,goal_10,exito,1999,488.45,1,1
977,goal_10,exito,1999,488.51,1,1
978,goal_10,exito,1996,488.07,1,1
979,goal_10,exito,1999,488.45,1,1
980,goal_10,exito,1999,488.35,1,1
981,goal_10,exito,1998,488.38,1,1
982,goal_10,exito,1999,488.3,1,1
983,goal_10,exito,1998,488.39,1,1
984,goal_10,exito,1996,488.06,1,1
985,goal_10,exito,1999,488.48,1,1
986,goal_10,exito,1999,488.42,1,1
987,goal_10,exito,1998,488.33,1,1
988,goal_10,exito,1999,488.29,1,1
989,goal_10,exito,1998,488.42,1,1
990,goal_10,exito,1999,488.51,1,1
991,goal_10,exito,1999,488.52,1,1
992,goal_10,exito,1996,488.13,1,1
993,goal_10,exito,1996,488.08,1,1
994,goal_10,exito,1998,488.43,1,1
995,goal_10,exito,1999,488.18,1,1
996,goal_10,exito,1996,488.12,1,1
997,goal_10,exito,1998,488.37,1,1
998,goal_10,exito,1999,488.45,1,1
999,goal_10,exito,1999,488.29,1,1
1000,goal_10,exito,1999,488.48,1,1
1001,goal_11,exito,2855,615.41,1,1
1002,goal_11,exito,2854,615.25,1,1
1003,goal_11,exito,2854,615.25,1,1
1004,goal_11,exito,2854,615.24,1,1
1005,goal_11,exito,2854,615.27,1,1
1006,goal_11,exito,2854,615.25,1,1
1007,goal_11,exito,2854,615.28,1,1
1008,goal_11,exito,2854,615.24,1,1
1009,goal_11,exito,2854,615.25,1,1
1010,goal_11,exito,2854,615.24,1,1
1011,goal_11,exito,2854,615.24,1,1
1012,goal_11,exito,2852,614.97,1,1
1013,goal_11,exito,2855,615.34,1,1
1014,goal_11,exito,2854,615.21,1,1
1015,goal_11,exito,2854,615.25,1,1
1016,goal_11,exito,2854,615.25,1,1
1017,goal_11,exito,2854,615.28,1,1
1018,goal_11,exito,2854,615.28,1,1
1019,goal_11,exito,2854,615.24,1,1
1020,goal_11,exito,2854,615.2,1,1
1021,goal_11,exito,2852,614.99,1,1
1022,goal_11,exito,2854,615.24,1,1
1023,goal_11,exito,2854,615.25,1,1
1024,goal_11,exito,2854,615.22,1,1
1025,goal_11,exito,2854,615.23,1,1
1026,goal_11,exito,2854,615.25,1,1
1027,goal_11,exito,2854,615.21,1,1
1028,goal_11,exito,2854,615.22,1,1
1029,goal_11,exito,2854,615.23,1,1
1030,goal_11,exito,2854,615.21,1,1
1031,goal_11,exito,2854,615.24,1,1
1032,goal_11,exito,2852,614.98,1,1
1033,goal_11,exito,2854,615.24,1,1
1034,goal_11,exito,2854,615.22,1,1
1035,goal_11,exito,2854,615.23,1,1
1036,goal_11,exito,2852,614.97,1,1
1037,goal_11,exito,2852,614.98,1,1
1038,goal_11,exito,2854,615.22,1,1
1039,goal_11,exito,2854,615.2,1,1
1040,goal_11,exito,2855,615.31,1,1
1041,goal_11,exito,2854,615.24,1,1
1042,goal_11,exito,2854,615.24,1,1
1043,goal_11,exito,2854,615.21,1,1
1044,goal_11,exito,2854,615.21,1,1
1045,goal_11,exito,2854,615.24,1,1
1046,goal_11,exito,2854,615.2,1,1
1047,goal_11,exito,2854,615.26,1,1
1048,goal_11,exito,2852,614.97,1,1
1049,goal_11,exito,2854,615.23,1,1
1050,goal_11,exito,2854,615.21,1,1
1051,goal_11,exito,2854,615.21,1,1
1052,goal_11,exito,2852,614.99,1,1
1053,goal_11,exito,2854,615.2,1,1
1054,goal_11,exito,2854,615.26,1,1
1055,goal_11,exito,2854,615.22,1,1
1056,goal_11,exito,2854,615.25,1,1
1057,goal_11,exito,2852,614.98,1,1
1058,goal_11,exito,2854,615.21,1,1
1059,goal_11,exito,2854,615.26,1,1
1060,goal_11,exito,2854,615.24,1,1
1061,goal_11,exito,2854,615.27,1,1
1062,goal_11,exito,2854,615.22,1,1
1063,goal_11,exito,2854,615.22,1,1
1064,goal_11,exito,2854,615.21,1,1
1065,goal_11,exito,2854,615.22,1,1
1066,goal_11,exito,2852,614.98,1,1
1067,goal_11,exito,2854,615.22,1,1
1068,goal_11,exito,2854,615.25,1,1
1069,goal_11,exito,2854,615.23,1,1
1070,goal_11,exito,2854,615.23,1,1
1071,goal_11,exito,2854,615.21,1,1
1072,goal_11,exito,2854,615.23,1,1
1073,goal_11,exito,2852,614.98,1,1
1074,goal_11,exito,2854,615.24,1,1
1075,goal_11,exito,2854,615.27,1,1
1076,goal_11,exito,2854,615.25,1,1
1077,goal_11,exito,2854,615.27,1,1
1078,goal_11,exito,2854,615.25,1,1
1079,goal_11,exito,2854,615.24,1,1
1080,goal_11,exito,2854,615.24,1,1
1081,goal_11,exito,2854,615.26,1,1
1082,goal_11,exito,2854,615.24,1,1
1083,goal_11,exito,2854,615.26,1,1
1084,goal_11,exito,2854,615.21,1,1
1085,goal_11,exito,2854,615.24,1,1
1086,goal_11,exito,2852,614.98,1,1
1087,goal_11,exito,2854,615.22,1,1
1088,goal_11,exito,2854,615.25,1,1
1089,goal_11,exito,2854,615.22,1,1
1090,goal_11,exito,2852,614.98,1,1
1091,goal_11,exito,2855,615.29,1,1
1092,goal_11,exito,2854,615.25,1,1
1093,goal_11,exito,2854,615.24,1,1
1094,goal_11,exito,2854,615.25,1,1
1095,goal_11,exito,2854,615.24,1,1
1096,goal_11,exito,2854,615.26,1,1
1097,goal_11,exito,2854,615.27,1,1
1098,goal_11,exito,2854,615.28,1,1
1099,goal_11,exito,2854,615.25,1,1
1100,goal_11,exito,2854,615.22,1,1
1101,goal_12,exito,2639,584.4,1,1
1102,goal_12,exito,2639,584.41,1,1
1103,goal_12,exito,2637,584.15,1,1
1104,goal_12,exito,2639,584.52,1,1
1105,goal_12,exito,2639,584.43,1,1
1106,goal_12,exito,2637,584.17,1,1
1107,goal_12,exito,2639,584.53,1,1
1108,goal_12,exito,2639,584.38,1,1
1109,goal_12,exito,2639,584.41,1,1
1110,goal_12,exito,2639,584.42,1,1
1111,goal_12,exito,2637,584.18,1,1
1112,goal_12,exito,2639,584.42,1,1
1113,goal_12,exito,2639,584.41,1,1
1114,goal_12,exito,2639,584.42,1,1
1115,goal_12,exito,2637,584.18,1,1
1116,goal_12,exito,2639,584.41,1,1
1117,goal_12,exito,2637,584.18,1,1
1118,goal_12,exito,2637,584.3,1,1
1119,goal_12,exito,2637,584.14,1,1
1120,goal_12,exito,2639,584.42,1,1
1121,goal_12,exito,2637,584.14,1,1
1122,goal_12,exito,2639,584.45,1,1
1123,goal_12,exito,2637,584.16,1,1
1124,goal_12,exito,2639,584.49,1,1
1125,goal_12,exito,2639,584.4,1,1
1126,goal_12,exito,2639,584.39,1,1
1127,goal_12,exito,2637,584.16,1,1
1128,goal_12,exito,2639,584.42,1,1
1129,goal_12,exito,2637,584.17,1,1
1130,goal_12,exito,2639,584.54,1,1
1131,goal_12,exito,2639,584.4,1,1
1132,goal_12,exito,2637,584.31,1,1
1133,goal_12,exito,2637,584.18,1,1
1134,goal_12,exito,2639,584.42,1,1
1135,goal_12,exito,2637,584.18,1,1
1136,goal_12,exito,2639,584.4,1,1
1137,goal_12,exito,2637,584.16,1,1
1138,goal_12,exito,2639,584.39,1,1
1139,goal_12,exito,2639,584.42,1,1
1140,goal_12,exito,2637,584.16,1,1
1141,goal_12,exito,2637,584.15,1,1
1142,goal_12,exito,2637,584.18,1,1
1143,goal_12,exito,2637,584.19,1,1
1144,goal_12,exito,2639,584.4,1,1
1145,goal_12,exito,2637,584.17,1,1
1146,goal_12,exito,2637,584.31,1,1
1147,goal_12,exito,2639,584.4,1,1
1148,goal_12,exito,2637,584.18,1,1
1149,goal_12,exito,2638,584.11,1,1
1150,goal_12,exito,2637,584.15,1,1
1151,goal_12,exito,2639,584.41,1,1
1152,goal_12,exito,2637,584.17,1,1
1153,goal_12,exito,2639,584.39,1,1
1154,goal_12,exito,2637,584.17,1,1
1155,goal_12,exito,2639,584.42,1,1
1156,goal_12,exito,2637,584.17,1,1
1157,goal_12,exito,2637,584.31,1,1
1158,goal_12,exito,2637,584.14,1,1
1159,goal_12,exito,2639,584.42,1,1
1160,goal_12,exito,2637,584.16,1,1
1161,goal_12,exito,2639,584.42,1,1
1162,goal_12,exito,2637,584.17,1,1
1163,goal_12,exito,2639,584.4,1,1
1164,goal_12,exito,2637,584.17,1,1
1165,goal_12,exito,2639,584.41,1,1
1166,goal_12,exito,2637,584.17,1,1
1167,goal_12,exito,2639,584.42,1,1
1168,goal_12,exito,2637,584.18,1,1
1169,goal_12,exito,2639,584.53,1,1
1170,goal_12,exito,2637,584.18,1,1
1171,goal_12,exito,2639,584.49,1,1
1172,goal_12,exito,2637,584.17,1,1
1173,goal_12,exito,2639,584.41,1,1
1174,goal_12,exito,2639,584.42,1,1
1175,goal_12,exito,2640,584.45,1,1
1176,goal_12,exito,2637,584.16,1,1
1177,goal_12,exito,2639,584.4,1,1
1178,goal_12,exito,2637,584.18,1,1
1179,goal_12,exito,2637,584.17,1,1
1180,goal_12,exito,2637,584.16,1,1
1181,goal_12,exito,2639,584.41,1,1
1182,goal_12,exito,2637,584.17,1,1
1183,goal_12,exito,2639,584.53,1,1
1184,goal_12,exito,2637,584.18,1,1
1185,goal_12,exito,2637,584.31,1,1
1186,goal_12,exito,2637,584.02,1,1
1187,goal_12,exito,2637,584.15,1,1
1188,goal_12,exito,2639,584.4,1,1
1189,goal_12,exito,2637,584.16,1,1
1190,goal_12,exito,2637,584.18,1,1
1191,goal_12,exito,2639,584.39,1,1
1192,goal_12,exito,2637,584.19,1,1
1193,goal_12,exito,2639,584.41,1,1
1194,goal_12,exito,2639,584.44,1,1
1195,goal_12,exito,2639,584.43,1,1
1196,goal_12,exito,2637,584.18,1,1
1197,goal_12,exito,2637,584.3,1,1
1198,goal_12,exito,2637,584.15,1,1
1199,goal_12,exito,2639,584.42,1,1
1200,goal_12,exito,2638,584.13,1,1
1201,goal_13,exito,2403,549.71,1,1
1202,goal_13,exito,2404,549.83,1,1
1203,goal_13,exito,2403,549.7,1,1
1204,goal_13,exito,2403,549.74,1,1
1205,goal_13,exito,2403,549.68,1,1
1206,goal_13,exito,2405,549.98,1,1
1207,goal_13,exito,2403,549.75,1,1
1208,goal_13,exito,2406,550.1,1,1
1209,goal_13,exito,2405,549.95,1,1
1210,goal_13,exito,2403,549.73,1,1
1211,goal_13,exito,2403,549.71,1,1
1212,goal_13,exito,2403,549.74,1,1
1213,goal_13,exito,2403,549.71,1,1
1214,goal_13,exito,2403,549.73,1,1
1215,goal_13,exito,2403,549.73,1,1
1216,goal_13,exito,2403,549.72,1,1
1217,goal_13,exito,2403,549.71,1,1
1218,goal_13,exito,2403,549.71,1,1
1219,goal_13,exito,2403,549.7,1,1
1220,goal_13,exito,2403,549.73,1,1
1221,goal_13,exito,2404,549.87,1,1
1222,goal_13,exito,2403,549.7,1,1
1223,goal_13,exito,2405,549.96,1,1
1224,goal_13,exito,2403,549.7,1,1
1225,goal_13,exito,2405,550.03,1,1
1226,goal_13,exito,2403,549.7,1,1
1227,goal_13,exito,2403,549.7,1,1
1228,goal_13,exito,2403,549.7,1,1
1229,goal_13,exito,2403,549.68,1,1
1230,goal_13,exito,2403,549.69,1,1
1231,goal_13,exito,2403,549.74,1,1
1232,goal_13,exito,2403,549.7,1,1
1233,goal_13,exito,2405,549.96,1,1
1234,goal_13,exito,2403,549.73,1,1
1235,goal_13,exito,2403,549.7,1,1
1236,goal_13,exito,2403,549.69,1,1
1237,goal_13,exito,2403,549.68,1,1
1238,goal_13,exito,2403,549.73,1,1
1239,goal_13,exito,2406,550.1,1,1
1240,goal_13,exito,2403,549.7,1,1
1241,goal_13,exito,2403,549.8,1,1
1242,goal_13,exito,2403,549.7,1,1
1243,goal_13,exito,2403,549.8,1,1
1244,goal_13,exito,2403,549.71,1,1
1245,goal_13,exito,2403,549.72,1,1
1246,goal_13,exito,2403,549.68,1,1
1247,goal_13,exito,2403,549.68,1,1
1248,goal_13,exito,2403,549.7,1,1
1249,goal_13,exito,2403,549.72,1,1
1250,goal_13,exito,2403,549.69,1,1
1251,goal_13,exito,2403,549.72,1,1
1252,goal_13,exito,2403,549.69,1,1
1253,goal_13,exito,2403,549.8,1,1
1254,goal_13,exito,2403,549.56,1,1
1255,goal_13,exito,2403,549.71,1,1
1256,goal_13,exito,2405,549.97,1,1
1257,goal_13,exito,2403,549.68,1,1
1258,goal_13,exito,2405,549.95,1,1
1259,goal_13,exito,2403,549.7,1,1
1260,goal_13,exito,2403,549.72,1,1
1261,goal_13,exito,2403,549.7,1,1
1262,goal_13,exito,2403,549.71,1,1
1263,goal_13,exito,2403,549.7,1,1
1264,goal_13,exito,2405,550.03,1,1
1265,goal_13,exito,2403,549.7,1,1
1266,goal_13,exito,2403,549.69,1,1
1267,goal_13,exito,2403,549.68,1,1
1268,goal_13,exito,2403,549.71,1,1
1269,goal_13,exito,2403,549.68,1,1
1270,goal_13,exito,2403,549.69,1,1
1271,goal_13,exito,2403,549.7,1,1
1272,goal_13,exito,2405,549.96,1,1
1273,goal_13,exito,2403,549.7,1,1
1274,goal_13,exito,2405,550.02,1,1
1275,goal_13,exito,2403,549.71,1,1
1276,goal_13,exito,2403,549.71,1,1
1277,goal_13,exito,2403,549.71,1,1
1278,goal_13,exito,2403,549.69,1,1
1279,goal_13,exito,2403,549.69,1,1
1280,goal_13,exito,2405,549.95,1,1
1281,goal_13,exito,2403,549.72,1,1
1282,goal_13,exito,2405,549.98,1,1
1283,goal_13,exito,2405,549.96,1,1
1284,goal_13,exito,2403,549.68,1,1
1285,goal_13,exito,2403,549.73,1,1
1286,goal_13,exito,2403,549.7,1,1
1287,goal_13,exito,2403,549.71,1,1
1288,goal_13,exito,2403,549.74,1,1
1289,goal_13,exito,2403,549.75,1,1
1290,goal_13,exito,2403,549.7,1,1
1291,goal_13,exito,2403,549.73,1,1
1292,goal_13,exito,2403,549.68,1,1
1293,goal_13,exito,2405,549.98,1,1
1294,goal_13,exito,2403,549.69,1,1
1295,goal_13,exito,2403,549.72,1,1
1296,goal_13,exito,2403,549.71,1,1
1297,goal_13,exito,2403,549.73,1,1
1298,goal_13,exito,2403,549.72,1,1
1299,goal_13,exito,2403,549.74,1,1
1300,goal_13,exito,2403,549.69,1,1
1301,goal_14,exito,2909,630.6,1,1
1302,goal_14,exito,2909,630.76,1,1
1303,goal_14,exito,2909,630.51,1,1
1304,goal_14,exito,2909,630.64,1,1
1305,goal_14,exito,2909,630.72,1,1
1306,goal_14,exito,2912,630.8,1,1
1307,goal_14,exito,2909,630.74,1,1
1308,goal_14,exito,2909,630.6,1,1
1309,goal_14,exito,2909,630.6,1,1
1310,goal_14,exito,2909,630.62,1,1
1311,goal_14,exito,2909,630.57,1,1
1312,goal_14,exito,2909,630.56,1,1
1313,goal_14,exito,2909,630.75,1,1
1314,goal_14,exito,2909,630.74,1,1
1315,goal_14,exito,2909,630.57,1,1
1316,goal_14,exito,2909,630.58,1,1
1317,goal_14,exito,2909,630.61,1,1
1318,goal_14,exito,2912,630.86,1,1
1319,goal_14,exito,2909,630.62,1,1
1320,goal_14,exito,2911,630.84,1,1
1321,goal_14,exito,2909,630.62,1,1
1322,goal_14,exito,2909,630.62,1,1
1323,goal_14,exito,2909,630.6,1,1
1324,goal_14,exito,2912,630.84,1,1
1325,goal_14,exito,2909,630.61,1,1
1326,goal_14,exito,2909,630.63,1,1
1327,goal_14,exito,2909,630.59,1,1
1328,goal_14,exito,2909,630.6,1,1
1329,goal_14,exito,2909,630.76,1,1
1330,goal_14,exito,2909,630.56,1,1
1331,goal_14,exito,2909,630.57,1,1
1332,goal_14,exito,2909,630.59,1,1
1333,goal_14,exito,2911,630.84,1,1
1334,goal_14,exito,2909,630.57,1,1
1335,goal_14,exito,2909,630.6,1,1
1336,goal_14,exito,2909,630.75,1,1
1337,goal_14,exito,2909,630.57,1,1
1338,goal_14,exito,2909,630.59,1,1
1339,goal_14,exito,2909,630.74,1,1
1340,goal_14,exito,2909,630.58,1,1
1341,goal_14,exito,2912,630.87,1,1
1342,goal_14,exito,2909,630.62,1,1
1343,goal_14,exito,2909,630.6,1,1
1344,goal_14,exito,2912,630.86,1,1
1345,goal_14,exito,2909,630.73,1,1
1346,goal_14,exito,2909,630.6,1,1
1347,goal_14,exito,2909,630.59,1,1
1348,goal_14,exito,2909,630.73,1,1
1349,goal_14,exito,2909,630.58,1,1
1350,goal_14,exito,2909,630.57,1,1
1351,goal_14,exito,2909,630.75,1,1
1352,goal_14,exito,2909,630.58,1,1
1353,goal_14,exito,2909,630.58,1,1
1354,goal_14,exito,2909,630.74,1,1
1355,goal_14,exito,2909,630.75,1,1
1356,goal_14,exito,2909,630.57,1,1
1357,goal_14,exito,2909,630.74,1,1
1358,goal_14,exito,2909,630.52,1,1
1359,goal_14,exito,2909,630.61,1,1
1360,goal_14,exito,2912,630.83,1,1
1361,goal_14,exito,2909,630.76,1,1
1362,goal_14,exito,2909,630.6,1,1
1363,goal_14,exito,2909,630.6,1,1
1364,goal_14,exito,2911,630.85,1,1
1365,goal_14,exito,2909,630.59,1,1
1366,goal_14,exito,2909,630.62,1,1
1367,goal_14,exito,2909,630.6,1,1
1368,goal_14,exito,2911,630.85,1,1
1369,goal_14,exito,2909,630.59,1,1
1370,goal_14,exito,2911,630.83,1,1
1371,goal_14,exito,2912,630.8,1,1
1372,goal_14,exito,2909,630.63,1,1
1373,goal_14,exito,2909,630.6,1,1
1374,goal_14,exito,2909,630.6,1,1
1375,goal_14,exito,2911,630.85,1,1
1376,goal_14,exito,2909,630.6,1,1
1377,goal_14,exito,2909,630.62,1,1
1378,goal_14,exito,2911,630.85,1,1
1379,goal_14,exito,2909,630.57,1,1
1380,goal_14,exito,2911,630.81,1,1
1381,goal_14,exito,2909,630.62,1,1
1382,goal_14,exito,2909,630.6,1,1
1383,goal_14,exito,2909,630.6,1,1
1384,goal_14,exito,2909,630.74,1,1
1385,goal_14,exito,2909,630.73,1,1
1386,goal_14,exito,2909,630.57,1,1
1387,goal_14,exito,2909,630.74,1,1
1388,goal_14,exito,2909,630.76,1,1
1389,goal_14,exito,2909,630.57,1,1
1390,goal_14,exito,2912,630.84,1,1
1391,goal_14,exito,2909,630.59,1,1
1392,goal_14,exito,2909,630.6,1,1
1393,goal_14,exito,2912,630.86,1,1
1394,goal_14,exito,2909,630.58,1,1
1395,goal_14,exito,2909,630.6,1,1
1396,goal_14,exito,2909,630.51,1,1
1397,goal_14,exito,2909,630.63,1,1
1398,goal_14,exito,2909,630.6,1,1
1399,goal_14,exito,2909,630.59,1,1
1400,goal_14,exito,2911,630.87,1,1
1401,goal_15,exito,2706,599.88,1,1
1402,goal_15,exito,2706,599.9,1,1
1403,goal_15,exito,2706,599.87,1,1
1404,goal_15,exito,2705,599.58,1,1
1405,goal_15,exito,2706,599.88,1,1
1406,goal_15,exito,2706,599.88,1,1
1407,goal_15,exito,2706,599.88,1,1
1408,goal_15,exito,2706,599.69,1,1
1409,goal_15,exito,2706,599.93,1,1
1410,goal_15,exito,2706,599.88,1,1
1411,goal_15,exito,2706,599.84,1,1
1412,goal_15,exito,2706,599.88,1,1
1413,goal_15,exito,2706,599.87,1,1
1414,goal_15,exito,2706,600.03,1,1
1415,goal_15,exito,2706,599.87,1,1
1416,goal_15,exito,2706,599.87,1,1
1417,goal_15,exito,2706,600.02,1,1
1418,goal_15,exito,2706,599.89,1,1
1419,goal_15,exito,2706,599.74,1,1
1420,goal_15,exito,2706,599.68,1,1
1421,goal_15,exito,2706,599.88,1,1
1422,goal_15,exito,2706,599.87,1,1
1423,goal_15,exito,2706,599.89,1,1
1424,goal_15,exito,2706,599.88,1,1
1425,goal_15,exito,2706,599.89,1,1
1426,goal_15,exito,2706,599.86,1,1
1427,goal_15,exito,2706,599.88,1,1
1428,goal_15,exito,2706,600.01,1,1
1429,goal_15,exito,2706,599.94,1,1
1430,goal_15,exito,2706,599.88,1,1
1431,goal_15,exito,2706,599.89,1,1
1432,goal_15,exito,2706,599.88,1,1
1433,goal_15,exito,2706,599.89,1,1
1434,goal_15,exito,2706,599.88,1,1
1435,goal_15,exito,2706,599.88,1,1
1436,goal_15,exito,2706,599.89,1,1
1437,goal_15,exito,2706,599.88,1,1
1438,goal_15,exito,2706,599.89,1,1
1439,goal_15,exito,2706,599.85,1,1
1440,goal_15,exito,2706,599.87,1,1
1441,goal_15,exito,2706,599.86,1,1
1442,goal_15,exito,2706,599.75,1,1
1443,goal_15,exito,2706,599.87,1,1
1444,goal_15,exito,2706,599.77,1,1
1445,goal_15,exito,2706,599.58,1,1
1446,goal_15,exito,2706,599.9,1,1
1447,goal_15,exito,2706,599.9,1,1
1448,goal_15,exito,2706,599.87,1,1
1449,goal_15,exito,2706,599.89,1,1
1450,goal_15,exito,2706,599.87,1,1
1451,goal_15,exito,2706,599.89,1,1
1452,goal_15,exito,2706,599.85,1,1
1453,goal_15,exito,2706,599.89,1,1
1454,goal_15,exito,2706,599.87,1,1
1455,goal_15,exito,2706,599.76,1,1
1456,goal_15,exito,2706,599.58,1,1
1457,goal_15,exito,2706,599.89,1,1
1458,goal_15,exito,2706,599.94,1,1
1459,goal_15,exito,2706,599.87,1,1
1460,goal_15,exito,2706,599.88,1,1
1461,goal_15,exito,2706,599.86,1,1
1462,goal_15,exito,2706,599.89,1,1
1463,goal_15,exito,2706,599.84,1,1
1464,goal_15,exito,2706,599.87,1,1
1465,goal_15,exito,2706,599.86,1,1
1466,goal_15,exito,2706,599.88,1,1
1467,goal_15,exito,2706,599.88,1,1
1468,goal_15,exito,2706,599.89,1,1
1469,goal_15,exito,2706,599.68,1,1
1470,goal_15,exito,2706,599.88,1,1
1471,goal_15,exito,2706,599.88,1,1
1472,goal_15,exito,2706,599.88,1,1
1473,goal_15,exito,2706,599.88,1,1
1474,goal_15,exito,2706,599.89,1,1
1475,goal_15,exito,2706,599.86,1,1
1476,goal_15,exito,2706,599.87,1,1
1477,goal_15,exito,2706,599.87,1,1
1478,goal_15,exito,2706,599.9,1,1
1479,goal_15,exito,2706,599.88,1,1
1480,goal_15,exito,2706,599.88,1,1
1481,goal_15,exito,2706,599.88,1,1
1482,goal_15,exito,2706,599.88,1,1
1483,goal_15,exito,2706,599.88,1,1
1484,goal_15,exito,2706,599.89,1,1
1485,goal_15,exito,2706,599.9,1,1
1486,goal_15,exito,2706,599.87,1,1
1487,goal_15,exito,2706,599.89,1,1
1488,goal_15,exito,2706,599.86,1,1
1489,goal_15,exito,2706,599.89,1,1
1490,goal_15,exito,2706,599.86,1,1
1491,goal_15,exito,2706,599.75,1,1
1492,goal_15,exito,2707,599.74,1,1
1493,goal_15,exito,2706,599.93,1,1
1494,goal_15,exito,2706,599.94,1,1
1495,goal_15,exito,2706,599.89,1,1
1496,goal_15,exito,2706,600.02,1,1
1497,goal_15,exito,2706,599.87,1,1
1498,goal_15,exito,2706,599.88,1,1
1499,goal_15,exito,2706,599.86,1,1
1500,goal_15,exito,2706,599.91,1,1
1501,goal_16,exito,2464,561.95,1,1
1502,goal_16,exito,2463,561.92,1,1
1503,goal_16,exito,2463,561.92,1,1
1504,goal_16,exito,2463,561.92,1,1
1505,goal_16,exito,2463,561.92,1,1
1506,goal_16,exito,2463,561.92,1,1
1507,goal_16,exito,2463,561.92,1,1
1508,goal_16,exito,2463,561.92,1,1
1509,goal_16,exito,2463,561.92,1,1
1510,goal_16,exito,2463,561.92,1,1
1511,goal_16,exito,2463,561.92,1,1
1512,goal_16,exito,2463,561.92,1,1
1513,goal_16,exito,2463,561.92,1,1
1514,goal_16,exito,2463,561.91,1,1
1515,goal_16,exito,2463,561.92,1,1
1516,goal_16,exito,2463,561.92,1,1
1517,goal_16,exito,2463,561.92,1,1
1518,goal_16,exito,2463,561.92,1,1
1519,goal_16,exito,2463,561.92,1,1
1520,goal_16,exito,2463,561.92,1,1
1521,goal_16,exito,2463,561.93,1,1
1522,goal_16,exito,2463,561.92,1,1
1523,goal_16,exito,2463,561.93,1,1
1524,goal_16,exito,2463,561.95,1,1
1525,goal_16,exito,2463,561.93,1,1
1526,goal_16,exito,2463,561.98,1,1
1527,goal_16,exito,2463,561.93,1,1
1528,goal_16,exito,2463,561.98,1,1
1529,goal_16,exito,2463,561.93,1,1
1530,goal_16,exito,2463,561.98,1,1
1531,goal_16,exito,2463,561.93,1,1
1532,goal_16,exito,2463,561.98,1,1
1533,goal_16,exito,2463,561.93,1,1
1534,goal_16,exito,2463,561.97,1,1
1535,goal_16,exito,2463,561.93,1,1
1536,goal_16,exito,2463,561.92,1,1
1537,goal_16,exito,2463,561.92,1,1
1538,goal_16,exito,2463,561.92,1,1
1539,goal_16,exito,2463,561.92,1,1
1540,goal_16,exito,2463,561.92,1,1
1541,goal_16,exito,2463,561.92,1,1
1542,goal_16,exito,2463,561.92,1,1
1543,goal_16,exito,2463,561.92,1,1
1544,goal_16,exito,2463,561.91,1,1
1545,goal_16,exito,2463,561.91,1,1
1546,goal_16,exito,2463,561.94,1,1
1547,goal_16,exito,2463,561.91,1,1
1548,goal_16,exito,2463,561.94,1,1
1549,goal_16,exito,2463,561.91,1,1
1550,goal_16,exito,2463,561.93,1,1
1551,goal_16,exito,2463,561.91,1,1
1552,goal_16,exito,2463,561.94,1,1
1553,goal_16,exito,2463,561.91,1,1
1554,goal_16,exito,2463,561.94,1,1
1555,goal_16,exito,2463,561.92,1,1
1556,goal_16,exito,2463,561.94,1,1
1557,goal_16,exito,2463,561.92,1,1
1558,goal_16,exito,2463,561.94,1,1
1559,goal_16,exito,2463,561.92,1,1
1560,goal_16,exito,2463,561.94,1,1
1561,goal_16,exito,2463,561.92,1,1
1562,goal_16,exito,2463,561.94,1,1
1563,goal_16,exito,2463,561.93,1,1
1564,goal_16,exito,2463,561.94,1,1
1565,goal_16,exito,2463,561.93,1,1
1566,goal_16,exito,2463,561.92,1,1
1567,goal_16,exito,2463,561.93,1,1
1568,goal_16,exito,2463,561.92,1,1
1569,goal_16,exito,2463,561.93,1,1
1570,goal_16,exito,2463,561.92,1,1
1571,goal_16,exito,2463,561.94,1,1
1572,goal_16,exito,2463,561.92,1,1
1573,goal_16,exito,2463,561.94,1,1
1574,goal_16,exito,2463,561.98,1,1
1575,goal_16,exito,2463,561.93,1,1
1576,goal_16,exito,2463,561.98,1,1
1577,goal_16,exito,2463,561.94,1,1
1578,goal_16,exito,2463,561.98,1,1
1579,goal_16,exito,2463,561.93,1,1
1580,goal_16,exito,2463,561.92,1,1
1581,goal_16,exito,2463,561.93,1,1
1582,goal_16,exito,2463,561.94,1,1
1583,goal_16,exito,2463,561.93,1,1
1584,goal_16,exito,2463,561.94,1,1
1585,goal_16,exito,2463,561.92,1,1
1586,goal_16,exito,2463,561.94,1,1
1587,goal_16,exito,2463,561.92,1,1
1588,goal_16,exito,2463,561.93,1,1
1589,goal_16,exito,2463,561.92,1,1
1590,goal_16,exito,2463,561.93,1,1
1591,goal_16,exito,2463,561.92,1,1
1592,goal_16,exito,2463,561.93,1,1
1593,goal_16,exito,2463,561.92,1,1
1594,goal_16,exito,2463,561.93,1,1
1595,goal_16,exito,2463,561.92,1,1
1596,goal_16,exito,2463,561.93,1,1
1597,goal_16,exito,2463,561.92,1,1
1598,goal_16,exito,2463,561.93,1,1
1599,goal_16,exito,2463,561.92,1,1
1600,goal_16,exito,2463,561.93,1,1
1601,goal_17,exito,1525,436.46,1,1
1602,goal_17,exito,1525,436.56,1,1
1603,goal_17,exito,1525,436.44,1,1
1604,goal_17,exito,1526,436.37,1,1
1605,goal_17,exito,1525,436.43,1,1
1606,goal_17,exito,1525,436.46,1,1
1607,goal_17,exito,1525,436.47,1,1
1608,goal_17,exito,1525,436.46,1,1
1609,goal_17,exito,1524,436.41,1,1
1610,goal_17,exito,1525,436.45,1,1
1611,goal_17,exito,1525,436.47,1,1
1612,goal_17,exito,1526,436.42,1,1
1613,goal_17,exito,1525,436.49,1,1
1614,goal_17,exito,1525,436.46,1,1
1615,goal_17,exito,1525,436.44,1,1
1616,goal_17,exito,1525,436.45,1,1
1617,goal_17,exito,1526,436.62,1,1
1618,goal_17,exito,1525,436.47,1,1
1619,goal_17,exito,1525,436.49,1,1
1620,goal_17,exito,1525,436.47,1,1
1621,goal_17,exito,1525,436.47,1,1
1622,goal_17,exito,1524,436.43,1,1
1623,goal_17,exito,1524,436.43,1,1
1624,goal_17,exito,1525,436.46,1,1
1625,goal_17,exito,1527,436.52,1,1
1626,goal_17,exito,1524,436.42,1,1
1627,goal_17,exito,1525,436.46,1,1
1628,goal_17,exito,1525,436.46,1,1
1629,goal_17,exito,1525,436.52,1,1
1630,goal_17,exito,1527,436.55,1,1
1631,goal_17,exito,1524,436.42,1,1
1632,goal_17,exito,1525,436.61,1,1
1633,goal_17,exito,1525,436.46,1,1
1634,goal_17,exito,1525,436.44,1,1
1635,goal_17,exito,1525,436.51,1,1
1636,goal_17,exito,1525,436.45,1,1
1637,goal_17,exito,1525,436.46,1,1
1638,goal_17,exito,1525,436.46,1,1
1639,goal_17,exito,1525,436.44,1,1
1640,goal_17,exito,1525,436.45,1,1
1641,goal_17,exito,1525,436.47,1,1
1642,goal_17,exito,1525,436.47,1,1
1643,goal_17,exito,1525,436.45,1,1
1644,goal_17,exito,1524,436.42,1,1
1645,goal_17,exito,1525,436.46,1,1
1646,goal_17,exito,1527,436.54,1,1
1647,goal_17,exito,1526,436.39,1,1
1648,goal_17,exito,1525,436.44,1,1
1649,goal_17,exito,1525,436.46,1,1
1650,goal_17,exito,1525,436.47,1,1
1651,goal_17,exito,1525,436.48,1,1
1652,goal_17,exito,1525,436.44,1,1
1653,goal_17,exito,1525,436.47,1,1
1654,goal_17,exito,1525,436.53,1,1
1655,goal_17,exito,1525,436.46,1,1
1656,goal_17,exito,1525,436.46,1,1
1657,goal_17,exito,1525,436.46,1,1
1658,goal_17,exito,1526,436.62,1,1
1659,goal_17,exito,1524,436.45,1,1
1660,goal_17,exito,1525,436.47,1,1
1661,goal_17,exito,1524,436.43,1,1
1662,goal_17,exito,1525,436.57,1,1
1663,goal_17,exito,1525,436.47,1,1
1664,goal_17,exito,1525,436.45,1,1
1665,goal_17,exito,1525,436.45,1,1
1666,goal_17,exito,1525,436.46,1,1
1667,goal_17,exito,1525,436.55,1,1
1668,goal_17,exito,1525,436.45,1,1
1669,goal_17,exito,1525,436.44,1,1
1670,goal_17,exito,1525,436.48,1,1
1671,goal_17,exito,1525,436.47,1,1
1672,goal_17,exito,1525,436.48,1,1
1673,goal_17,exito,1525,436.46,1,1
1674,goal_17,exito,1524,436.43,1,1
1675,goal_17,exito,1525,436.46,1,1
1676,goal_17,exito,1526,436.49,1,1
1677,goal_17,exito,1525,436.44,1,1
1678,goal_17,exito,1525,436.45,1,1
1679,goal_17,exito,1525,436.45,1,1
1680,goal_17,exito,1525,436.47,1,1
1681,goal_17,exito,1525,436.46,1,1
1682,goal_17,exito,1525,436.47,1,1
1683,goal_17,exito,1525,436.49,1,1
1684,goal_17,exito,1526,436.46,1,1
1685,goal_17,exito,1524,436.43,1,1
1686,goal_17,exito,1524,436.42,1,1
1687,goal_17,exito,1525,436.48,1,1
1688,goal_17,exito,1525,436.47,1,1
1689,goal_17,exito,1524,436.43,1,1
1690,goal_17,exito,1524,436.44,1,1
1691,goal_17,exito,1525,436.49,1,1
1692,goal_17,exito,1524,436.42,1,1
1693,goal_17,exito,1525,436.47,1,1
1694,goal_17,exito,1525,436.45,1,1
1695,goal_17,exito,1525,436.49,1,1
1696,goal_17,exito,1525,436.47,1,1
1697,goal_17,exito,1527,436.54,1,1
1698,goal_17,exito,1525,436.48,1,1
1699,goal_17,exito,1525,436.47,1,1
1700,goal_17,exito,1525,436.45,1,1
1701,goal_18,exito,1773,459.62,1,1
1702,goal_18,exito,1773,459.69,1,1
1703,goal_18,exito,1773,459.76,1,1
1704,goal_18,exito,1774,459.64,1,1
1705,goal_18,exito,1773,459.72,1,1
1706,goal_18,exito,1774,459.71,1,1
1707,goal_18,exito,1773,459.63,1,1
1708,goal_18,exito,1774,459.67,1,1
1709,goal_18,exito,1773,459.63,1,1
1710,goal_18,exito,1774,459.74,1,1
1711,goal_18,exito,1774,459.66,1,1
1712,goal_18,exito,1774,459.79,1,1
1713,goal_18,exito,1774,459.61,1,1
1714,goal_18,exito,1773,459.65,1,1
1715,goal_18,exito,1776,460.05,1,1
1716,goal_18,exito,1773,459.7,1,1
1717,goal_18,exito,1773,459.65,1,1
1718,goal_18,exito,1773,459.67,1,1
1719,goal_18,exito,1773,459.66,1,1
1720,goal_18,exito,1773,459.65,1,1
1721,goal_18,exito,1773,459.68,1,1
1722,goal_18,exito,1773,459.66,1,1
1723,goal_18,exito,1773,459.65,1,1
1724,goal_18,exito,1773,459.77,1,1
1725,goal_18,exito,1773,459.63,1,1
1726,goal_18,exito,1773,459.68,1,1
1727,goal_18,exito,1773,459.66,1,1
1728,goal_18,exito,1773,459.65,1,1
1729,goal_18,exito,1773,459.67,1,1
1730,goal_18,exito,1773,459.72,1,1
1731,goal_18,exito,1773,459.65,1,1
1732,goal_18,exito,1773,459.75,1,1
1733,goal_18,exito,1773,459.62,1,1
1734,goal_18,exito,1773,459.7,1,1
1735,goal_18,exito,1773,459.65,1,1
1736,goal_18,exito,1773,459.66,1,1
1737,goal_18,exito,1773,459.68,1,1
1738,goal_18,exito,1773,459.72,1,1
1739,goal_18,exito,1773,459.66,1,1
1740,goal_18,exito,1773,459.76,1,1
1741,goal_18,exito,1773,459.62,1,1
1742,goal_18,exito,1773,459.7,1,1
1743,goal_18,exito,1773,459.65,1,1
1744,goal_18,exito,1773,459.74,1,1
1745,goal_18,exito,1773,459.67,1,1
1746,goal_18,exito,1773,459.72,1,1
1747,goal_18,exito,1773,459.67,1,1
1748,goal_18,exito,1773,459.76,1,1
1749,goal_18,exito,1773,459.62,1,1
1750,goal_18,exito,1773,459.77,1,1
1751,goal_18,exito,1773,459.64,1,1
1752,goal_18,exito,1773,459.75,1,1
1753,goal_18,exito,1773,459.67,1,1
1754,goal_18,exito,1773,459.65,1,1
1755,goal_18,exito,1773,459.67,1,1
1756,goal_18,exito,1773,459.76,1,1
1757,goal_18,exito,1773,459.62,1,1
1758,goal_18,exito,1773,459.76,1,1
1759,goal_18,exito,1773,459.63,1,1
1760,goal_18,exito,1773,459.77,1,1
1761,goal_18,exito,1773,459.66,1,1
1762,goal_18,exito,1773,459.65,1,1
1763,goal_18,exito,1773,459.66,1,1
1764,goal_18,exito,1773,459.75,1,1
1765,goal_18,exito,1773,459.65,1,1
1766,goal_18,exito,1773,459.76,1,1
1767,goal_18,exito,1773,459.62,1,1
1768,goal_18,exito,1773,459.75,1,1
1769,goal_18,exito,1773,459.66,1,1
1770,goal_18,exito,1773,459.66,1,1
1771,goal_18,exito,1773,459.67,1,1
1772,goal_18,exito,1773,459.74,1,1
1773,goal_18,exito,1773,459.66,1,1
1774,goal_18,exito,1773,459.76,1,1
1775,goal_18,exito,1773,459.62,1,1
1776,goal_18,exito,1773,459.7,1,1
1777,goal_18,exito,1773,459.65,1,1
1778,goal_18,exito,1773,459.66,1,1
1779,goal_18,exito,1773,459.67,1,1
1780,goal_18,exito,1773,459.73,1,1
1781,goal_18,exito,1773,459.66,1,1
1782,goal_18,exito,1773,459.76,1,1
1783,goal_18,exito,1773,459.61,1,1
1784,goal_18,exito,1773,459.71,1,1
1785,goal_18,exito,1773,459.63,1,1
1786,goal_18,exito,1773,459.74,1,1
1787,goal_18,exito,1773,459.67,1,1
1788,goal_18,exito,1773,459.73,1,1
1789,goal_18,exito,1773,459.67,1,1
1790,goal_18,exito,1773,459.76,1,1
1791,goal_18,exito,1773,459.62,1,1
1792,goal_18,exito,1773,459.77,1,1
1793,goal_18,exito,1773,459.64,1,1
1794,goal_18,exito,1773,459.74,1,1
1795,goal_18,exito,1773,459.67,1,1
1796,goal_18,exito,1773,459.65,1,1
1797,goal_18,exito,1773,459.66,1,1
1798,goal_18,exito,1773,459.76,1,1
1799,goal_18,exito,1773,459.62,1,1
1800,goal_18,exito,1773,459.77,1,1
1801,goal_19,exito,1970,485.67,1,1
1802,goal_19,exito,1972,485.76,1,1
1803,goal_19,exito,1974,486.04,1,1
1804,goal_19,exito,1974,486.01,1,1
1805,goal_19,exito,1974,486.03,1,1
1806,goal_19,exito,1972,485.97,1,1
1807,goal_19,exito,1972,485.94,1,1
1808,goal_19,exito,1972,485.89,1,1
1809,goal_19,exito,1973,485.85,1,1
1810,goal_19,exito,1974,486.06,1,1
1811,goal_19,exito,1972,485.93,1,1
1812,goal_19,exito,1972,486.0,1,1
1813,goal_19,exito,1972,485.79,1,1
1814,goal_19,exito,1972,485.78,1,1
1815,goal_19,exito,1973,485.84,1,1
1816,goal_19,exito,1974,486.07,1,1
1817,goal_19,exito,1972,485.93,1,1
1818,goal_19,exito,1972,485.93,1,1
1819,goal_19,exito,1974,486.03,1,1
1820,goal_19,exito,1973,485.84,1,1
1821,goal_19,exito,1970,485.7,1,1
1822,goal_19,exito,1972,485.95,1,1
1823,goal_19,exito,1973,485.89,1,1
1824,goal_19,exito,1972,485.79,1,1
1825,goal_19,exito,1972,485.96,1,1
1826,goal_19,exito,1972,485.98,1,1
1827,goal_19,exito,1972,485.8,1,1
1828,goal_19,exito,1974,486.05,1,1
1829,goal_19,exito,1974,486.02,1,1
1830,goal_19,exito,1970,485.68,1,1
1831,goal_19,exito,1970,485.75,1,1
1832,goal_19,exito,1970,485.68,1,1
1833,goal_19,exito,1972,485.79,1,1
1834,goal_19,exito,1974,486.07,1,1
1835,goal_19,exito,1974,486.07,1,1
1836,goal_19,exito,1974,486.06,1,1
1837,goal_19,exito,1972,485.79,1,1
1838,goal_19,exito,1973,485.87,1,1
1839,goal_19,exito,1973,485.83,1,1
1840,goal_19,exito,1974,486.03,1,1
1841,goal_19,exito,1974,486.02,1,1
1842,goal_19,exito,1972,485.94,1,1
1843,goal_19,exito,1970,485.71,1,1
1844,goal_19,exito,1974,486.06,1,1
1845,goal_19,exito,1972,485.98,1,1
1846,goal_19,exito,1972,485.97,1,1
1847,goal_19,exito,1974,486.03,1,1
1848,goal_19,exito,1972,485.77,1,1
1849,goal_19,exito,1974,486.06,1,1
1850,goal_19,exito,1973,485.85,1,1
1851,goal_19,exito,1970,485.71,1,1
1852,goal_19,exito,1970,485.74,1,1
1853,goal_19,exito,1970,485.73,1,1
1854,goal_19,exito,1972,485.94,1,1
1855,goal_19,exito,1972,485.79,1,1
1856,goal_19,exito,1974,486.03,1,1
1857,goal_19,exito,1974,486.01,1,1
1858,goal_19,exito,1974,486.02,1,1
1859,goal_19,exito,1974,486.03,1,1
1860,goal_19,exito,1970,485.7,1,1
1861,goal_19,exito,1970,485.7,1,1
1862,goal_19,exito,1974,486.03,1,1
1863,goal_19,exito,1972,485.95,1,1
1864,goal_19,exito,1972,486.02,1,1
1865,goal_19,exito,1974,486.03,1,1
1866,goal_19,exito,1972,485.73,1,1
1867,goal_19,exito,1972,485.97,1,1
1868,goal_19,exito,1972,485.91,1,1
1869,goal_19,exito,1973,485.89,1,1
1870,goal_19,exito,1972,485.79,1,1
1871,goal_19,exito,1972,485.92,1,1
1872,goal_19,exito,1972,485.96,1,1
1873,goal_19,exito,1974,486.04,1,1
1874,goal_19,exito,1972,485.94,1,1
1875,goal_19,exito,1974,486.03,1,1
1876,goal_19,exito,1970,485.69,1,1
1877,goal_19,exito,1973,485.9,1,1
1878,goal_19,exito,1973,485.87,1,1
1879,goal_19,exito,1972,485.77,1,1
1880,goal_19,exito,1972,485.94,1,1
1881,goal_19,exito,1972,485.96,1,1
1882,goal_19,exito,1974,486.01,1,1
1883,goal_19,exito,1972,485.93,1,1
1884,goal_19,exito,1971,485.63,1,1
1885,goal_19,exito,1973,485.85,1,1
1886,goal_19,exito,1973,485.85,1,1
1887,goal_19,exito,1970,485.75,1,1
1888,goal_19,exito,1970,485.68,1,1
1889,goal_19,exito,1974,486.05,1,1
1890,goal_19,exito,1972,485.99,1,1
1891,goal_19,exito,1972,485.94,1,1
1892,goal_19,exito,1974,486.02,1,1
1893,goal_19,exito,1974,486.02,1,1
1894,goal_19,exito,1972,485.98,1,1
1895,goal_19,exito,1972,485.98,1,1
1896,goal_19,exito,1970,485.69,1,1
1897,goal_19,exito,1974,486.06,1,1
1898,goal_19,exito,1973,485.84,1,1
1899,goal_19,exito,1972,485.83,1,1
1900,goal_19,exito,1972,485.93,1,1
1901,goal_20,exito,2131,518.0,1,1
1902,goal_20,exito,2131,517.98,1,1
1903,goal_20,exito,2131,518.0,1,1
1904,goal_20,exito,2131,518.04,1,1
1905,goal_20,exito,2131,518.05,1,1
1906,goal_20,exito,2131,518.02,1,1
1907,goal_20,exito,2131,517.96,1,1
1908,goal_20,exito,2132,518.24,1,1
1909,goal_20,exito,2131,518.02,1,1
1910,goal_20,exito,2131,517.95,1,1
1911,goal_20,exito,2131,517.97,1,1
1912,goal_20,exito,2131,518.02,1,1
1913,goal_20,exito,2131,518.0,1,1
1914,goal_20,exito,2131,517.98,1,1
1915,goal_20,exito,2131,518.0,1,1
1916,goal_20,exito,2131,517.96,1,1
1917,goal_20,exito,2130,517.94,1,1
1918,goal_20,exito,2131,517.84,1,1
1919,goal_20,exito,2131,518.02,1,1
1920,goal_20,exito,2132,518.26,1,1
1921,goal_20,exito,2131,518.02,1,1
1922,goal_20,exito,2131,518.02,1,1
1923,goal_20,exito,2131,517.96,1,1
1924,goal_20,exito,2131,518.0,1,1
1925,goal_20,exito,2131,517.84,1,1
1926,goal_20,exito,2131,517.99,1,1
1927,goal_20,exito,2132,518.23,1,1
1928,goal_20,exito,2131,517.99,1,1
1929,goal_20,exito,2131,517.96,1,1
1930,goal_20,exito,2131,517.8,1,1
1931,goal_20,exito,2131,517.96,1,1
1932,goal_20,exito,2131,518.0,1,1
1933,goal_20,exito,2131,517.95,1,1
1934,goal_20,exito,2131,517.95,1,1
1935,goal_20,exito,2131,518.05,1,1
1936,goal_20,exito,2131,517.96,1,1
1937,goal_20,exito,2131,518.0,1,1
1938,goal_20,exito,2130,517.94,1,1
1939,goal_20,exito,2131,517.84,1,1
1940,goal_20,exito,2131,518.04,1,1
1941,goal_20,exito,2131,518.06,1,1
1942,goal_20,exito,2132,518.23,1,1
1943,goal_20,exito,2131,517.85,1,1
1944,goal_20,exito,2131,518.03,1,1
1945,goal_20,exito,2131,518.0,1,1
1946,goal_20,exito,2131,518.01,1,1
1947,goal_20,exito,2131,517.99,1,1
1948,goal_20,exito,2131,517.95,1,1
1949,goal_20,exito,2131,518.0,1,1
1950,goal_20,exito,2131,518.0,1,1
1951,goal_20,exito,2131,517.95,1,1
1952,goal_20,exito,2131,517.82,1,1
1953,goal_20,exito,2131,518.02,1,1
1954,goal_20,exito,2131,517.95,1,1
1955,goal_20,exito,2131,517.98,1,1
1956,goal_20,exito,2132,518.24,1,1
1957,goal_20,exito,2131,517.99,1,1
1958,goal_20,exito,2131,518.0,1,1
1959,goal_20,exito,2131,518.0,1,1
1960,goal_20,exito,2130,517.97,1,1
1961,goal_20,exito,2131,517.84,1,1
1962,goal_20,exito,2131,518.04,1,1
1963,goal_20,exito,2132,518.26,1,1
1964,goal_20,exito,2132,518.26,1,1
1965,goal_20,exito,2132,518.25,1,1
1966,goal_20,exito,2131,518.08,1,1
1967,goal_20,exito,2131,518.0,1,1
1968,goal_20,exito,2131,518.0,1,1
1969,goal_20,exito,2131,517.96,1,1
1970,goal_20,exito,2131,518.03,1,1
1971,goal_20,exito,2131,518.05,1,1
1972,goal_20,exito,2129,517.73,1,1
1973,goal_20,exito,2131,517.99,1,1
1974,goal_20,exito,2130,517.96,1,1
1975,goal_20,exito,2131,518.02,1,1
1976,goal_20,exito,2131,518.01,1,1
1977,goal_20,exito,2131,517.97,1,1
1978,goal_20,exito,2130,517.96,1,1
1979,goal_20,exito,2131,517.86,1,1
1980,goal_20,exito,2131,518.06,1,1
1981,goal_20,exito,2130,517.91,1,1
1982,goal_20,exito,2131,518.02,1,1
1983,goal_20,exito,2131,517.95,1,1
1984,goal_20,exito,2131,517.95,1,1
1985,goal_20,exito,2131,517.97,1,1
1986,goal_20,exito,2131,518.03,1,1
1987,goal_20,exito,2131,518.07,1,1
1988,goal_20,exito,2131,517.8,1,1
1989,goal_20,exito,2131,517.97,1,1
1990,goal_20,exito,2131,517.95,1,1
1991,goal_20,exito,2131,518.05,1,1
1992,goal_20,exito,2131,517.95,1,1
1993,goal_20,exito,2131,517.95,1,1
1994,goal_20,exito,2131,517.97,1,1
1995,goal_20,exito,2131,517.97,1,1
1996,goal_20,exito,2130,517.95,1,1
1997,goal_20,exito,2131,517.87,1,1
1998,goal_20,exito,2132,518.25,1,1
1999,goal_20,exito,2131,517.86,1,1
2000,goal_20,exito,2131,518.01,1,1
2001,goal_21,exito,2331,543.44,1,1
2002,goal_21,exito,2330,543.25,1,1
2003,goal_21,exito,2330,543.24,1,1
2004,goal_21,exito,2330,543.25,1,1
2005,goal_21,exito,2331,543.43,1,1
2006,goal_21,exito,2330,543.06,1,1
2007,goal_21,exito,2329,543.18,1,1
2008,goal_21,exito,2330,543.22,1,1
2009,goal_21,exito,2331,543.42,1,1
2010,goal_21,exito,2330,543.24,1,1
2011,goal_21,exito,2329,543.15,1,1
2012,goal_21,exito,2330,543.23,1,1
2013,goal_21,exito,2330,543.28,1,1
2014,goal_21,exito,2330,543.18,1,1
2015,goal_21,exito,2331,543.51,1,1
2016,goal_21,exito,2330,543.24,1,1
2017,goal_21,exito,2329,543.22,1,1
2018,goal_21,exito,2330,543.05,1,1
2019,goal_21,exito,2331,543.43,1,1
2020,goal_21,exito,2330,543.04,1,1
2021,goal_21,exito,2330,543.23,1,1
2022,goal_21,exito,2330,543.28,1,1
2023,goal_21,exito,2330,543.27,1,1
2024,goal_21,exito,2331,543.43,1,1
2025,goal_21,exito,2330,543.26,1,1
2026,goal_21,exito,2330,543.28,1,1
2027,goal_21,exito,2330,543.23,1,1
2028,goal_21,exito,2331,543.43,1,1
2029,goal_21,exito,2330,543.26,1,1
2030,goal_21,exito,2331,543.5,1,1
2031,goal_21,exito,2330,543.31,1,1
2032,goal_21,exito,2330,543.25,1,1
2033,goal_21,exito,2330,543.23,1,1
2034,goal_21,exito,2330,543.3,1,1
2035,goal_21,exito,2330,543.25,1,1
2036,goal_21,exito,2331,543.5,1,1
2037,goal_21,exito,2330,543.04,1,1
2038,goal_21,exito,2331,543.43,1,1
2039,goal_21,exito,2330,543.23,1,1
2040,goal_21,exito,2330,543.26,1,1
2041,goal_21,exito,2331,543.44,1,1
2042,goal_21,exito,2330,543.26,1,1
2043,goal_21,exito,2330,543.33,1,1
2044,goal_21,exito,2330,543.23,1,1
2045,goal_21,exito,2330,543.28,1,1
2046,goal_21,exito,2330,543.23,1,1
2047,goal_21,exito,2330,543.32,1,1
2048,goal_21,exito,2330,543.27,1,1
2049,goal_21,exito,2331,543.43,1,1
2050,goal_21,exito,2330,543.24,1,1
2051,goal_21,exito,2330,543.28,1,1
2052,goal_21,exito,2330,543.26,1,1
2053,goal_21,exito,2330,543.31,1,1
2054,goal_21,exito,2330,543.26,1,1
2055,goal_21,exito,2331,543.43,1,1
2056,goal_21,exito,2331,543.13,1,1
2057,goal_21,exito,2330,543.2,1,1
2058,goal_21,exito,2330,543.28,1,1
2059,goal_21,exito,2330,543.25,1,1
2060,goal_21,exito,2330,543.3,1,1
2061,goal_21,exito,2330,543.25,1,1
2062,goal_21,exito,2330,543.29,1,1
2063,goal_21,exito,2330,543.25,1,1
2064,goal_21,exito,2330,543.31,1,1
2065,goal_21,exito,2330,543.27,1,1
2066,goal_21,exito,2330,543.33,1,1
2067,goal_21,exito,2330,543.24,1,1
2068,goal_21,exito,2330,543.27,1,1
2069,goal_21,exito,2330,543.21,1,1
2070,goal_21,exito,2330,543.3,1,1
2071,goal_21,exito,2330,543.27,1,1
2072,goal_21,exito,2330,543.33,1,1
2073,goal_21,exito,2330,543.24,1,1
2074,goal_21,exito,2330,543.24,1,1
2075,goal_21,exito,2330,543.23,1,1
2076,goal_21,exito,2330,543.34,1,1
2077,goal_21,exito,2330,543.28,1,1
2078,goal_21,exito,2330,543.29,1,1
2079,goal_21,exito,2330,543.25,1,1
2080,goal_21,exito,2330,543.27,1,1
2081,goal_21,exito,2330,543.26,1,1
2082,goal_21,exito,2330,543.28,1,1
2083,goal_21,exito,2330,543.28,1,1
2084,goal_21,exito,2330,543.27,1,1
2085,goal_21,exito,2330,543.22,1,1
2086,goal_21,exito,2330,543.31,1,1
2087,goal_21,exito,2330,543.29,1,1
2088,goal_21,exito,2330,543.29,1,1
2089,goal_21,exito,2330,543.26,1,1
2090,goal_21,exito,2330,543.25,1,1
2091,goal_21,exito,2330,543.21,1,1
2092,goal_21,exito,2330,543.3,1,1
2093,goal_21,exito,2329,543.18,1,1
2094,goal_21,exito,2330,543.29,1,1
2095,goal_21,exito,2330,543.22,1,1
2096,goal_21,exito,2330,543.28,1,1
2097,goal_21,exito,2330,543.25,1,1
2098,goal_21,exito,2330,543.32,1,1
2099,goal_21,exito,2330,543.28,1,1
2100,goal_21,exito,2331,543.42,1,1
2101,goal_22,exito,2542,575.02,1,1
2102,goal_22,exito,2542,575.05,1,1
2103,goal_22,exito,2543,575.05,1,1
2104,goal_22,exito,2542,575.18,1,1
2105,goal_22,exito,2542,575.01,1,1
2106,goal_22,exito,2542,575.06,1,1
2107,goal_22,exito,2542,575.01,1,1
2108,goal_22,exito,2542,575.21,1,1
2109,goal_22,exito,2542,575.12,1,1
2110,goal_22,exito,2542,575.02,1,1
2111,goal_22,exito,2542,575.22,1,1
2112,goal_22,exito,2542,575.21,1,1
2113,goal_22,exito,2542,575.05,1,1
2114,goal_22,exito,2542,575.15,1,1
2115,goal_22,exito,2542,575.21,1,1
2116,goal_22,exito,2542,575.08,1,1
2117,goal_22,exito,2542,575.15,1,1
2118,goal_22,exito,2542,575.13,1,1
2119,goal_22,exito,2542,575.08,1,1
2120,goal_22,exito,2542,575.15,1,1
2121,goal_22,exito,2542,575.03,1,1
2122,goal_22,exito,2542,575.05,1,1
2123,goal_22,exito,2542,575.14,1,1
2124,goal_22,exito,2542,575.06,1,1
2125,goal_22,exito,2542,575.01,1,1
2126,goal_22,exito,2542,575.14,1,1
2127,goal_22,exito,2542,575.06,1,1
2128,goal_22,exito,2542,574.98,1,1
2129,goal_22,exito,2542,575.21,1,1
2130,goal_22,exito,2542,575.12,1,1
2131,goal_22,exito,2542,575.01,1,1
2132,goal_22,exito,2542,575.21,1,1
2133,goal_22,exito,2542,575.14,1,1
2134,goal_22,exito,2542,575.05,1,1
2135,goal_22,exito,2542,575.15,1,1
2136,goal_22,exito,2542,575.15,1,1
2137,goal_22,exito,2542,575.08,1,1
2138,goal_22,exito,2542,575.15,1,1
2139,goal_22,exito,2542,575.14,1,1
2140,goal_22,exito,2542,575.04,1,1
2141,goal_22,exito,2542,575.15,1,1
2142,goal_22,exito,2542,575.1,1,1
2143,goal_22,exito,2542,575.05,1,1
2144,goal_22,exito,2542,575.14,1,1
2145,goal_22,exito,2542,575.06,1,1
2146,goal_22,exito,2542,575.01,1,1
2147,goal_22,exito,2542,575.2,1,1
2148,goal_22,exito,2542,575.06,1,1
2149,goal_22,exito,2542,574.99,1,1
2150,goal_22,exito,2542,575.14,1,1
2151,goal_22,exito,2542,575.17,1,1
2152,goal_22,exito,2542,575.01,1,1
2153,goal_22,exito,2542,575.14,1,1
2154,goal_22,exito,2542,575.2,1,1
2155,goal_22,exito,2542,575.05,1,1
2156,goal_22,exito,2542,575.15,1,1
2157,goal_22,exito,2542,575.14,1,1
2158,goal_22,exito,2542,575.16,1,1
2159,goal_22,exito,2542,575.16,1,1
2160,goal_22,exito,2542,575.12,1,1
2161,goal_22,exito,2542,575.07,1,1
2162,goal_22,exito,2542,575.17,1,1
2163,goal_22,exito,2542,575.11,1,1
2164,goal_22,exito,2542,575.04,1,1
2165,goal_22,exito,2542,575.21,1,1
2166,goal_22,exito,2542,575.1,1,1
2167,goal_22,exito,2543,575.06,1,1
2168,goal_22,exito,2542,575.19,1,1
2169,goal_22,exito,2542,575.02,1,1
2170,goal_22,exito,2543,575.21,1,1
2171,goal_22,exito,2542,574.98,1,1
2172,goal_22,exito,2542,575.21,1,1
2173,goal_22,exito,2542,575.07,1,1
2174,goal_22,exito,2542,574.98,1,1
2175,goal_22,exito,2542,575.13,1,1
2176,goal_22,exito,2542,575.12,1,1
2177,goal_22,exito,2542,575.02,1,1
2178,goal_22,exito,2542,575.14,1,1
2179,goal_22,exito,2542,575.14,1,1
2180,goal_22,exito,2542,575.07,1,1
2181,goal_22,exito,2542,575.15,1,1
2182,goal_22,exito,2542,575.14,1,1
2183,goal_22,exito,2542,575.08,1,1
2184,goal_22,exito,2542,575.16,1,1
2185,goal_22,exito,2542,575.12,1,1
2186,goal_22,exito,2542,575.07,1,1
2187,goal_22,exito,2542,575.16,1,1
2188,goal_22,exito,2542,575.07,1,1
2189,goal_22,exito,2542,575.02,1,1
2190,goal_22,exito,2542,575.15,1,1
2191,goal_22,exito,2542,575.06,1,1
2192,goal_22,exito,2542,574.98,1,1
2193,goal_22,exito,2542,575.14,1,1
2194,goal_22,exito,2542,575.1,1,1
2195,goal_22,exito,2542,574.99,1,1
2196,goal_22,exito,2542,575.13,1,1
2197,goal_22,exito,2542,575.18,1,1
2198,goal_22,exito,2542,575.02,1,1
2199,goal_22,exito,2542,575.14,1,1
2200,goal_22,exito,2542,575.13,1,1
2201,goal_23,exito,2893,628.08,1,1
2202,goal_23,exito,2893,628.12,1,1
2203,goal_23,exito,2895,628.31,1,1
2204,goal_23,exito,2895,628.32,1,1
2205,goal_23,exito,2895,628.29,1,1
2206,goal_23,exito,2895,628.31,1,1
2207,goal_23,exito,2895,628.41,1,1
2208,goal_23,exito,2895,628.31,1,1
2209,goal_23,exito,2895,628.31,1,1
2210,goal_23,exito,2894,628.06,1,1
2211,goal_23,exito,2895,628.3,1,1
2212,goal_23,exito,2893,628.09,1,1
2213,goal_23,exito,2895,628.35,1,1
2214,goal_23,exito,2895,628.31,1,1
2215,goal_23,exito,2895,628.29,1,1
2216,goal_23,exito,2895,628.29,1,1
2217,goal_23,exito,2895,628.3,1,1
2218,goal_23,exito,2895,628.35,1,1
2219,goal_23,exito,2893,628.09,1,1
2220,goal_23,exito,2895,628.3,1,1
2221,goal_23,exito,2895,628.31,1,1
2222,goal_23,exito,2895,628.3,1,1
2223,goal_23,exito,2895,628.31,1,1
2224,goal_23,exito,2893,628.08,1,1
2225,goal_23,exito,2895,628.35,1,1
2226,goal_23,exito,2895,628.31,1,1
2227,goal_23,exito,2895,628.42,1,1
2228,goal_23,exito,2895,628.3,1,1
2229,goal_23,exito,2893,628.08,1,1
2230,goal_23,exito,2895,628.31,1,1
2231,goal_23,exito,2895,628.31,1,1
2232,goal_23,exito,2895,628.34,1,1
2233,goal_23,exito,2895,628.31,1,1
2234,goal_23,exito,2893,628.08,1,1
2235,goal_23,exito,2895,628.31,1,1
2236,goal_23,exito,2895,628.31,1,1
2237,goal_23,exito,2895,628.34,1,1
2238,goal_23,exito,2895,628.36,1,1
2239,goal_23,exito,2893,628.08,1,1
2240,goal_23,exito,2895,628.3,1,1
2241,goal_23,exito,2895,628.32,1,1
2242,goal_23,exito,2895,628.3,1,1
2243,goal_23,exito,2895,628.36,1,1
2244,goal_23,exito,2895,628.33,1,1
2245,goal_23,exito,2895,628.32,1,1
2246,goal_23,exito,2893,628.08,1,1
2247,goal_23,exito,2895,628.31,1,1
2248,goal_23,exito,2895,628.31,1,1
2249,goal_23,exito,2895,628.3,1,1
2250,goal_23,exito,2895,628.36,1,1
2251,goal_23,exito,2893,628.08,1,1
2252,goal_23,exito,2895,628.3,1,1
2253,goal_23,exito,2895,628.32,1,1
2254,goal_23,exito,2895,628.33,1,1
2255,goal_23,exito,2895,628.32,1,1
2256,goal_23,exito,2893,628.09,1,1
2257,goal_23,exito,2893,628.12,1,1
2258,goal_23,exito,2895,628.35,1,1
2259,goal_23,exito,2895,628.34,1,1
2260,goal_23,exito,2895,628.31,1,1
2261,goal_23,exito,2893,628.08,1,1
2262,goal_23,exito,2893,628.09,1,1
2263,goal_23,exito,2895,628.34,1,1
2264,goal_23,exito,2895,628.32,1,1
2265,goal_23,exito,2895,628.42,1,1
2266,goal_23,exito,2895,628.3,1,1
2267,goal_23,exito,2895,628.31,1,1
2268,goal_23,exito,2895,628.31,1,1
2269,goal_23,exito,2895,628.42,1,1
2270,goal_23,exito,2894,628.16,1,1
2271,goal_23,exito,2895,628.29,1,1
2272,goal_23,exito,2893,628.09,1,1
2273,goal_23,exito,2895,628.29,1,1
2274,goal_23,exito,2895,628.32,1,1
2275,goal_23,exito,2895,628.36,1,1
2276,goal_23,exito,2895,628.3,1,1
2277,goal_23,exito,2895,628.31,1,1
2278,goal_23,exito,2895,628.33,1,1
2279,goal_23,exito,2893,628.07,1,1
2280,goal_23,exito,2895,628.3,1,1
2281,goal_23,exito,2895,628.32,1,1
2282,goal_23,exito,2895,628.36,1,1
2283,goal_23,exito,2895,628.3,1,1
2284,goal_23,exito,2893,628.13,1,1
2285,goal_23,exito,2895,628.35,1,1
2286,goal_23,exito,2895,628.42,1,1
2287,goal_23,exito,2895,628.3,1,1
2288,goal_23,exito,2895,628.29,1,1
2289,goal_23,exito,2895,628.41,1,1
2290,goal_23,exito,2895,628.32,1,1
2291,goal_23,exito,2895,628.32,1,1
2292,goal_23,exito,2895,628.36,1,1
2293,goal_23,exito,2895,628.31,1,1
2294,goal_23,exito,2895,628.29,1,1
2295,goal_23,exito,2895,628.3,1,1
2296,goal_23,exito,2893,628.07,1,1
2297,goal_23,exito,2894,628.08,1,1
2298,goal_23,exito,2895,628.35,1,1
2299,goal_23,exito,2895,628.36,1,1
2300,goal_23,exito,2895,628.29,1,1
2301,goal_24,exito,2689,599.87,1,1
2302,goal_24,exito,2689,599.83,1,1
2303,goal_24,exito,2689,599.77,1,1
2304,goal_24,exito,2689,599.78,1,1
2305,goal_24,exito,2689,599.72,1,1
2306,goal_24,exito,2689,599.7,1,1
2307,goal_24,exito,2689,599.71,1,1
2308,goal_24,exito,2689,599.71,1,1
2309,goal_24,exito,2692,599.96,1,1
2310,goal_24,exito,2689,599.78,1,1
2311,goal_24,exito,2691,600.0,1,1
2312,goal_24,exito,2689,599.79,1,1
2313,goal_24,exito,2689,599.73,1,1
2314,goal_24,exito,2689,599.72,1,1
2315,goal_24,exito,2689,599.73,1,1
2316,goal_24,exito,2689,599.71,1,1
2317,goal_24,exito,2689,599.75,1,1
2318,goal_24,exito,2689,599.72,1,1
2319,goal_24,exito,2691,599.96,1,1
2320,goal_24,exito,2689,599.78,1,1
2321,goal_24,exito,2689,599.78,1,1
2322,goal_24,exito,2689,599.79,1,1
2323,goal_24,exito,2689,599.77,1,1
2324,goal_24,exito,2689,599.75,1,1
2325,goal_24,exito,2689,599.74,1,1
2326,goal_24,exito,2689,599.74,1,1
2327,goal_24,exito,2689,599.74,1,1
2328,goal_24,exito,2689,599.77,1,1
2329,goal_24,exito,2689,599.72,1,1
2330,goal_24,exito,2689,599.72,1,1
2331,goal_24,exito,2689,599.71,1,1
2332,goal_24,exito,2689,599.7,1,1
2333,goal_24,exito,2689,599.73,1,1
2334,goal_24,exito,2689,599.7,1,1
2335,goal_24,exito,2689,599.7,1,1
2336,goal_24,exito,2689,599.72,1,1
2337,goal_24,exito,2689,599.74,1,1
2338,goal_24,exito,2689,599.72,1,1
2339,goal_24,exito,2689,599.73,1,1
2340,goal_24,exito,2689,599.78,1,1
2341,goal_24,exito,2689,599.73,1,1
2342,goal_24,exito,2689,599.75,1,1
2343,goal_24,exito,2689,599.75,1,1
2344,goal_24,exito,2689,599.73,1,1
2345,goal_24,exito,2689,599.85,1,1
2346,goal_24,exito,2689,599.73,1,1
2347,goal_24,exito,2689,599.71,1,1
2348,goal_24,exito,2689,599.74,1,1
2349,goal_24,exito,2689,599.71,1,1
2350,goal_24,exito,2690,599.81,1,1
2351,goal_24,exito,2689,599.76,1,1
2352,goal_24,exito,2689,599.79,1,1
2353,goal_24,exito,2692,599.97,1,1
2354,goal_24,exito,2689,599.78,1,1
2355,goal_24,exito,2691,599.96,1,1
2356,goal_24,exito,2689,599.87,1,1
2357,goal_24,exito,2689,599.75,1,1
2358,goal_24,exito,2689,599.76,1,1
2359,goal_24,exito,2689,599.72,1,1
2360,goal_24,exito,2689,599.7,1,1
2361,goal_24,exito,2689,599.73,1,1
2362,goal_24,exito,2689,599.73,1,1
2363,goal_24,exito,2689,599.71,1,1
2364,goal_24,exito,2689,599.75,1,1
2365,goal_24,exito,2689,599.74,1,1
2366,goal_24,exito,2689,599.74,1,1
2367,goal_24,exito,2689,599.78,1,1
2368,goal_24,exito,2689,599.77,1,1
2369,goal_24,exito,2689,599.74,1,1
2370,goal_24,exito,2689,599.78,1,1
2371,goal_24,exito,2689,599.8,1,1
2372,goal_24,exito,2689,599.72,1,1
2373,goal_24,exito,2689,599.74,1,1
2374,goal_24,exito,2689,599.72,1,1
2375,goal_24,exito,2689,599.71,1,1
2376,goal_24,exito,2689,599.73,1,1
2377,goal_24,exito,2689,599.72,1,1
2378,goal_24,exito,2689,599.71,1,1
2379,goal_24,exito,2689,599.74,1,1
2380,goal_24,exito,2689,599.73,1,1
2381,goal_24,exito,2689,599.73,1,1
2382,goal_24,exito,2689,599.77,1,1
2383,goal_24,exito,2689,599.75,1,1
2384,goal_24,exito,2689,599.74,1,1
2385,goal_24,exito,2689,599.79,1,1
2386,goal_24,exito,2689,599.84,1,1
2387,goal_24,exito,2689,599.74,1,1
2388,goal_24,exito,2689,599.74,1,1
2389,goal_24,exito,2689,599.73,1,1
2390,goal_24,exito,2689,599.71,1,1
2391,goal_24,exito,2689,599.72,1,1
2392,goal_24,exito,2689,599.7,1,1
2393,goal_24,exito,2689,599.73,1,1
2394,goal_24,exito,2689,599.67,1,1
2395,goal_24,exito,2689,599.72,1,1
2396,goal_24,exito,2689,599.72,1,1
2397,goal_24,exito,2689,599.74,1,1
2398,goal_24,exito,2689,599.73,1,1
2399,goal_24,exito,2689,599.74,1,1
2400,goal_24,exito,2689,599.77,1,1
2401,goal_25,exito,2437,573.74,1,1
2402,goal_25,exito,2433,573.44,1,1
2403,goal_25,exito,2434,573.51,1,1
2404,goal_25,exito,2437,573.75,1,1
2405,goal_25,exito,2435,573.68,1,1
2406,goal_25,exito,2435,573.56,1,1
2407,goal_25,exito,2437,573.67,1,1
2408,goal_25,exito,2437,573.74,1,1
2409,goal_25,exito,2435,573.68,1,1
2410,goal_25,exito,2433,573.44,1,1
2411,goal_25,exito,2435,573.68,1,1
2412,goal_25,exito,2435,573.64,1,1
2413,goal_25,exito,2437,573.74,1,1
2414,goal_25,exito,2437,573.74,1,1
2415,goal_25,exito,2434,573.52,1,1
2416,goal_25,exito,2437,573.68,1,1
2417,goal_25,exito,2435,573.59,1,1
2418,goal_25,exito,2433,573.43,1,1
2419,goal_25,exito,2435,573.64,1,1
2420,goal_25,exito,2434,573.55,1,1
2421,goal_25,exito,2437,573.74,1,1
2422,goal_25,exito,2437,573.74,1,1
2423,goal_25,exito,2433,573.44,1,1
2424,goal_25,exito,2437,573.76,1,1
2425,goal_25,exito,2435,573.58,1,1
2426,goal_25,exito,2434,573.54,1,1
2427,goal_25,exito,2435,573.6,1,1
2428,goal_25,exito,2435,573.59,1,1
2429,goal_25,exito,2437,573.74,1,1
2430,goal_25,exito,2435,573.68,1,1
2431,goal_25,exito,2437,573.75,1,1
2432,goal_25,exito,2437,573.74,1,1
2433,goal_25,exito,2435,573.58,1,1
2434,goal_25,exito,2434,573.56,1,1
2435,goal_25,exito,2435,573.6,1,1
2436,goal_25,exito,2435,573.66,1,1
2437,goal_25,exito,2433,573.44,1,1
2438,goal_25,exito,2435,573.59,1,1
2439,goal_25,exito,2435,573.59,1,1
2440,goal_25,exito,2437,573.74,1,1
2441,goal_25,exito,2437,573.67,1,1
2442,goal_25,exito,2433,573.44,1,1
2443,goal_25,exito,2435,573.68,1,1
2444,goal_25,exito,2435,573.53,1,1
2445,goal_25,exito,2435,573.59,1,1
2446,goal_25,exito,2435,573.58,1,1
2447,goal_25,exito,2435,573.68,1,1
2448,goal_25,exito,2437,573.74,1,1
2449,goal_25,exito,2437,573.74,1,1
2450,goal_25,exito,2435,573.58,1,1
2451,goal_25,exito,2434,573.51,1,1
2452,goal_25,exito,2433,573.45,1,1
2453,goal_25,exito,2437,573.76,1,1
2454,goal_25,exito,2434,573.54,1,1
2455,goal_25,exito,2437,573.75,1,1
2456,goal_25,exito,2435,573.68,1,1
2457,goal_25,exito,2437,573.74,1,1
2458,goal_25,exito,2437,573.74,1,1
2459,goal_25,exito,2433,573.43,1,1
2460,goal_25,exito,2435,573.59,1,1
2461,goal_25,exito,2435,573.58,1,1
2462,goal_25,exito,2435,573.59,1,1
2463,goal_25,exito,2433,573.44,1,1
2464,goal_25,exito,2435,573.66,1,1
2465,goal_25,exito,2435,573.68,1,1
2466,goal_25,exito,2435,573.56,1,1
2467,goal_25,exito,2434,573.55,1,1
2468,goal_25,exito,2433,573.45,1,1
2469,goal_25,exito,2435,573.66,1,1
2470,goal_25,exito,2435,573.67,1,1
2471,goal_25,exito,2435,573.58,1,1
2472,goal_25,exito,2434,573.51,1,1
2473,goal_25,exito,2437,573.74,1,1
2474,goal_25,exito,2437,573.75,1,1
2475,goal_25,exito,2433,573.44,1,1
2476,goal_25,exito,2435,573.6,1,1
2477,goal_25,exito,2437,573.73,1,1
2478,goal_25,exito,2434,573.55,1,1
2479,goal_25,exito,2435,573.69,1,1
2480,goal_25,exito,2435,573.59,1,1
2481,goal_25,exito,2435,573.52,1,1
2482,goal_25,exito,2437,573.79,1,1
2483,goal_25,exito,2433,573.44,1,1
2484,goal_25,exito,2435,573.58,1,1
2485,goal_25,exito,2437,573.75,1,1
2486,goal_25,exito,2435,573.58,1,1
2487,goal_25,exito,2434,573.56,1,1
2488,goal_25,exito,2437,573.75,1,1
2489,goal_25,exito,2434,573.52,1,1
2490,goal_25,exito,2435,573.59,1,1
2491,goal_25,exito,2437,573.76,1,1
2492,goal_25,exito,2437,573.74,1,1
2493,goal_25,exito,2437,573.75,1,1
2494,goal_25,exito,2433,573.44,1,1
2495,goal_25,exito,2435,573.68,1,1
2496,goal_25,exito,2435,573.64,1,1
2497,goal_25,exito,2437,573.74,1,1
2498,goal_25,exito,2437,573.67,1,1
2499,goal_25,exito,2435,573.68,1,1
2500,goal_25,exito,2435,573.58,1,1
2501,goal_26,exito,3350,693.24,1,1
2502,goal_26,exito,3350,693.19,1,1
2503,goal_26,exito,3350,693.19,1,1
2504,goal_26,exito,3352,693.53,1,1
2505,goal_26,exito,3352,693.46,1,1
2506,goal_26,exito,3350,693.17,1,1
2507,goal_26,exito,3350,693.18,1,1
2508,goal_26,exito,3350,693.24,1,1
2509,goal_26,exito,3350,693.26,1,1
2510,goal_26,exito,3350,693.17,1,1
2511,goal_26,exito,3350,693.15,1,1
2512,goal_26,exito,3350,693.18,1,1
2513,goal_26,exito,3350,693.18,1,1
2514,goal_26,exito,3350,693.14,1,1
2515,goal_26,exito,3350,693.16,1,1
2516,goal_26,exito,3352,693.44,1,1
2517,goal_26,exito,3350,693.18,1,1
2518,goal_26,exito,3350,693.16,1,1
2519,goal_26,exito,3350,693.16,1,1
2520,goal_26,exito,3350,693.18,1,1
2521,goal_26,exito,3350,693.14,1,1
2522,goal_26,exito,3350,693.15,1,1
2523,goal_26,exito,3350,693.2,1,1
2524,goal_26,exito,3350,693.15,1,1
2525,goal_26,exito,3350,693.17,1,1
2526,goal_26,exito,3350,693.15,1,1
2527,goal_26,exito,3350,693.16,1,1
2528,goal_26,exito,3350,693.16,1,1
2529,goal_26,exito,3350,693.16,1,1
2530,goal_26,exito,3350,693.19,1,1
2531,goal_26,exito,3350,693.16,1,1
2532,goal_26,exito,3350,693.14,1,1
2533,goal_26,exito,3352,693.45,1,1
2534,goal_26,exito,3350,693.16,1,1
2535,goal_26,exito,3350,693.17,1,1
2536,goal_26,exito,3350,693.16,1,1
2537,goal_26,exito,3350,693.18,1,1
2538,goal_26,exito,3350,693.18,1,1
2539,goal_26,exito,3353,693.46,1,1
2540,goal_26,exito,3350,693.17,1,1
2541,goal_26,exito,3352,693.46,1,1
2542,goal_26,exito,3350,693.19,1,1
2543,goal_26,exito,3350,693.14,1,1
2544,goal_26,exito,3350,693.18,1,1
2545,goal_26,exito,3350,693.16,1,1
2546,goal_26,exito,3350,693.16,1,1
2547,goal_26,exito,3350,693.2,1,1
2548,goal_26,exito,3350,693.14,1,1
2549,goal_26,exito,3350,693.19,1,1
2550,goal_26,exito,3350,693.15,1,1
2551,goal_26,exito,3350,693.13,1,1
2552,goal_26,exito,3350,693.19,1,1
2553,goal_26,exito,3350,693.15,1,1
2554,goal_26,exito,3350,693.17,1,1
2555,goal_26,exito,3350,693.17,1,1
2556,goal_26,exito,3350,693.15,1,1
2557,goal_26,exito,3350,693.17,1,1
2558,goal_26,exito,3350,693.13,1,1
2559,goal_26,exito,3352,693.45,1,1
2560,goal_26,exito,3350,693.18,1,1
2561,goal_26,exito,3351,693.21,1,1
2562,goal_26,exito,3350,693.2,1,1
2563,goal_26,exito,3350,693.26,1,1
2564,goal_26,exito,3350,693.2,1,1
2565,goal_26,exito,3350,693.13,1,1
2566,goal_26,exito,3350,693.19,1,1
2567,goal_26,exito,3350,693.19,1,1
2568,goal_26,exito,3350,693.14,1,1
2569,goal_26,exito,3350,693.17,1,1
2570,goal_26,exito,3350,693.23,1,1
2571,goal_26,exito,3350,693.15,1,1
2572,goal_26,exito,3350,693.16,1,1
2573,goal_26,exito,3350,693.15,1,1
2574,goal_26,exito,3350,693.19,1,1
2575,goal_26,exito,3350,693.14,1,1
2576,goal_26,exito,3350,693.17,1,1
2577,goal_26,exito,3352,693.44,1,1
2578,goal_26,exito,3350,693.17,1,1
2579,goal_26,exito,3350,693.17,1,1
2580,goal_26,exito,3350,693.16,1,1
2581,goal_26,exito,3350,693.17,1,1
2582,goal_26,exito,3350,693.15,1,1
2583,goal_26,exito,3350,693.13,1,1
2584,goal_26,exito,3352,693.44,1,1
2585,goal_26,exito,3350,693.16,1,1
2586,goal_26,exito,3350,693.17,1,1
2587,goal_26,exito,3350,693.16,1,1
2588,goal_26,exito,3350,693.16,1,1
2589,goal_26,exito,3350,693.17,1,1
2590,goal_26,exito,3350,693.14,1,1
2591,goal_26,exito,3350,693.19,1,1
2592,goal_26,exito,3350,693.22,1,1
2593,goal_26,exito,3353,693.48,1,1
2594,goal_26,exito,3350,693.17,1,1
2595,goal_26,exito,3350,693.21,1,1
2596,goal_26,exito,3352,693.47,1,1
2597,goal_26,exito,3350,693.24,1,1
2598,goal_26,exito,3350,693.17,1,1
2599,goal_26,exito,3350,693.18,1,1
2600,goal_26,exito,3352,693.46,1,1
2601,goal_27,exito,3132,660.35,1,1
2602,goal_27,exito,3131,660.23,1,1
2603,goal_27,exito,3131,660.14,1,1
2604,goal_27,exito,3132,660.36,1,1
2605,goal_27,exito,3132,660.34,1,1
2606,goal_27,exito,3129,659.89,1,1
2607,goal_27,exito,3132,660.35,1,1
2608,goal_27,exito,3132,660.33,1,1
2609,goal_27,exito,3131,660.21,1,1
2610,goal_27,exito,3132,660.33,1,1
2611,goal_27,exito,3132,660.21,1,1
2612,goal_27,exito,3132,660.34,1,1
2613,goal_27,exito,3132,660.27,1,1
2614,goal_27,exito,3132,660.21,1,1
2615,goal_27,exito,3132,660.21,1,1
2616,goal_27,exito,3132,660.35,1,1
2617,goal_27,exito,3132,660.28,1,1
2618,goal_27,exito,3132,660.21,1,1
2619,goal_27,exito,3132,660.33,1,1
2620,goal_27,exito,3132,660.28,1,1
2621,goal_27,exito,3132,660.21,1,1
2622,goal_27,exito,3132,660.21,1,1
2623,goal_27,exito,3132,660.33,1,1
2624,goal_27,exito,3132,660.28,1,1
2625,goal_27,exito,3132,660.2,1,1
2626,goal_27,exito,3132,660.34,1,1
2627,goal_27,exito,3132,660.25,1,1
2628,goal_27,exito,3132,660.35,1,1
2629,goal_27,exito,3132,660.18,1,1
2630,goal_27,exito,3132,660.35,1,1
2631,goal_27,exito,3132,660.26,1,1
2632,goal_27,exito,3132,660.35,1,1
2633,goal_27,exito,3132,660.19,1,1
2634,goal_27,exito,3132,660.35,1,1
2635,goal_27,exito,3132,660.25,1,1
2636,goal_27,exito,3132,660.35,1,1
2637,goal_27,exito,3132,660.19,1,1
2638,goal_27,exito,3132,660.36,1,1
2639,goal_27,exito,3132,660.25,1,1
2640,goal_27,exito,3132,660.26,1,1
2641,goal_27,exito,3132,660.32,1,1
2642,goal_27,exito,3132,660.28,1,1
2643,goal_27,exito,3132,660.21,1,1
2644,goal_27,exito,3132,660.26,1,1
2645,goal_27,exito,3132,660.33,1,1
2646,goal_27,exito,3132,660.37,1,1
2647,goal_27,exito,3132,660.2,1,1
2648,goal_27,exito,3132,660.34,1,1
2649,goal_27,exito,3132,660.21,1,1
2650,goal_27,exito,3132,660.36,1,1
2651,goal_27,exito,3132,660.2,1,1
2652,goal_27,exito,3132,660.34,1,1
2653,goal_27,exito,3132,660.25,1,1
2654,goal_27,exito,3132,660.36,1,1
2655,goal_27,exito,3132,660.2,1,1
2656,goal_27,exito,3132,660.34,1,1
2657,goal_27,exito,3132,660.25,1,1
2658,goal_27,exito,3132,660.36,1,1
2659,goal_27,exito,3132,660.19,1,1
2660,goal_27,exito,3132,660.35,1,1
2661,goal_27,exito,3132,660.26,1,1
2662,goal_27,exito,3132,660.35,1,1
2663,goal_27,exito,3132,660.18,1,1
2664,goal_27,exito,3132,660.36,1,1
2665,goal_27,exito,3132,660.25,1,1
2666,goal_27,exito,3132,660.3,1,1
2667,goal_27,exito,3132,660.19,1,1
2668,goal_27,exito,3132,660.36,1,1
2669,goal_27,exito,3132,660.25,1,1
2670,goal_27,exito,3132,660.34,1,1
2671,goal_27,exito,3132,660.19,1,1
2672,goal_27,exito,3132,660.37,1,1
2673,goal_27,exito,3132,660.21,1,1
2674,goal_27,exito,3132,660.34,1,1
2675,goal_27,exito,3132,660.2,1,1
2676,goal_27,exito,3132,660.36,1,1
2677,goal_27,exito,3132,660.2,1,1
2678,goal_27,exito,3132,660.34,1,1
2679,goal_27,exito,3132,660.21,1,1
2680,goal_27,exito,3132,660.36,1,1
2681,goal_27,exito,3132,660.2,1,1
2682,goal_27,exito,3132,660.34,1,1
2683,goal_27,exito,3132,660.25,1,1
2684,goal_27,exito,3132,660.36,1,1
2685,goal_27,exito,3132,660.19,1,1
2686,goal_27,exito,3132,660.35,1,1
2687,goal_27,exito,3132,660.25,1,1
2688,goal_27,exito,3132,660.28,1,1
2689,goal_27,exito,3132,660.19,1,1
2690,goal_27,exito,3132,660.35,1,1
2691,goal_27,exito,3132,660.15,1,1
2692,goal_27,exito,3132,660.09,1,1
2693,goal_27,exito,3132,660.33,1,1
2694,goal_27,exito,3132,660.35,1,1
2695,goal_27,exito,3132,660.29,1,1
2696,goal_27,exito,3132,660.33,1,1
2697,goal_27,exito,3132,660.2,1,1
2698,goal_27,exito,3132,660.36,1,1
2699,goal_27,exito,3132,660.25,1,1
2700,goal_27,exito,3132,660.34,1,1
2701,goal_28,exito,2868,623.41,1,1
2702,goal_28,exito,2865,622.94,1,1
2703,goal_28,exito,2867,623.27,1,1
2704,goal_28,exito,2866,623.06,1,1
2705,goal_28,exito,2868,623.3,1,1
2706,goal_28,exito,2865,623.0,1,1
2707,goal_28,exito,2866,623.1,1,1
2708,goal_28,exito,2868,623.22,1,1
2709,goal_28,exito,2867,623.25,1,1
2710,goal_28,exito,2865,623.0,1,1
2711,goal_28,exito,2865,622.97,1,1
2712,goal_28,exito,2865,622.97,1,1
2713,goal_28,exito,2865,622.98,1,1
2714,goal_28,exito,2865,623.06,1,1
2715,goal_28,exito,2865,622.99,1,1
2716,goal_28,exito,2868,623.22,1,1
2717,goal_28,exito,2865,622.94,1,1
2718,goal_28,exito,2865,623.03,1,1
2719,goal_28,exito,2865,622.95,1,1
2720,goal_28,exito,2865,622.93,1,1
2721,goal_28,exito,2865,622.96,1,1
2722,goal_28,exito,2865,622.94,1,1
2723,goal_28,exito,2867,623.26,1,1
2724,goal_28,exito,2866,623.06,1,1
2725,goal_28,exito,2868,623.31,1,1
2726,goal_28,exito,2865,623.0,1,1
2727,goal_28,exito,2865,622.93,1,1
2728,goal_28,exito,2865,622.93,1,1
2729,goal_28,exito,2865,623.02,1,1
2730,goal_28,exito,2865,622.96,1,1
2731,goal_28,exito,2865,623.03,1,1
2732,goal_28,exito,2865,622.94,1,1
2733,goal_28,exito,2865,622.94,1,1
2734,goal_28,exito,2865,623.02,1,1
2735,goal_28,exito,2865,623.02,1,1
2736,goal_28,exito,2865,622.94,1,1
2737,goal_28,exito,2865,623.02,1,1
2738,goal_28,exito,2865,622.99,1,1
2739,goal_28,exito,2865,622.93,1,1
2740,goal_28,exito,2865,623.04,1,1
2741,goal_28,exito,2865,623.03,1,1
2742,goal_28,exito,2865,622.94,1,1
2743,goal_28,exito,2865,622.96,1,1
2744,goal_28,exito,2865,622.95,1,1
2745,goal_28,exito,2865,623.02,1,1
2746,goal_28,exito,2867,623.26,1,1
2747,goal_28,exito,2866,623.05,1,1
2748,goal_28,exito,2868,623.22,1,1
2749,goal_28,exito,2865,622.97,1,1
2750,goal_28,exito,2865,622.94,1,1
2751,goal_28,exito,2865,622.94,1,1
2752,goal_28,exito,2865,622.97,1,1
2753,goal_28,exito,2865,622.93,1,1
2754,goal_28,exito,2865,623.04,1,1
2755,goal_28,exito,2865,622.98,1,1
2756,goal_28,exito,2865,622.93,1,1
2757,goal_28,exito,2865,622.98,1,1
2758,goal_28,exito,2865,623.02,1,1
2759,goal_28,exito,2865,622.98,1,1
2760,goal_28,exito,2865,623.01,1,1
2761,goal_28,exito,2865,622.94,1,1
2762,goal_28,exito,2865,622.93,1,1
2763,goal_28,exito,2867,623.26,1,1
2764,goal_28,exito,2865,622.94,1,1
2765,goal_28,exito,2865,622.95,1,1
2766,goal_28,exito,2865,622.94,1,1
2767,goal_28,exito,2865,623.06,1,1
2768,goal_28,exito,2865,623.05,1,1
2769,goal_28,exito,2865,622.93,1,1
2770,goal_28,exito,2865,622.97,1,1
2771,goal_28,exito,2865,622.95,1,1
2772,goal_28,exito,2865,622.97,1,1
2773,goal_28,exito,2865,623.05,1,1
2774,goal_28,exito,2865,622.95,1,1
2775,goal_28,exito,2865,622.93,1,1
2776,goal_28,exito,2865,623.03,1,1
2777,goal_28,exito,2865,622.99,1,1
2778,goal_28,exito,2865,622.93,1,1
2779,goal_28,exito,2865,623.04,1,1
2780,goal_28,exito,2865,623.0,1,1
2781,goal_28,exito,2865,622.93,1,1
2782,goal_28,exito,2865,623.03,1,1
2783,goal_28,exito,2865,623.03,1,1
2784,goal_28,exito,2865,622.96,1,1
2785,goal_28,exito,2865,622.99,1,1
2786,goal_28,exito,2865,622.95,1,1
2787,goal_28,exito,2865,622.94,1,1
2788,goal_28,exito,2867,623.27,1,1
2789,goal_28,exito,2865,622.96,1,1
2790,goal_28,exito,2865,622.93,1,1
2791,goal_28,exito,2865,622.95,1,1
2792,goal_28,exito,2865,623.01,1,1
2793,goal_28,exito,2867,623.26,1,1
2794,goal_28,exito,2866,623.05,1,1
2795,goal_28,exito,2865,622.92,1,1
2796,goal_28,exito,2865,623.01,1,1
2797,goal_28,exito,2865,622.94,1,1
2798,goal_28,exito,2865,623.02,1,1
2799,goal_28,exito,2865,622.94,1,1
2800,goal_28,exito,2865,622.94,1,1
